SourceFile,SearchKey,ODSCode,OrganisationName,ServiceIndex,ServiceCode,ServiceName,ContactIndex,ContactMethodType,ContactValue
page_000026.json,X100664,V006996,Dental Touch,1,SRV0087,Braces and other orthodontic treatment,1,Website,https:\\\\\\\\\\\\\\\\\\\\\\\\\\\\\\\\\\\\\\\\\\\\\\\\\\\\\\\\\\\\\\\\\\\\\\\\\\\\\\\\\\\\\\\\\\\\\\\\\\\\\\\\\\\\\\\\\\\\\\\\\\\\\\\\\\\\\\\\\\\\\\\\\\\\\\\\\\\\\\\\\\\\\\\\\\\\\\\\\\\\\\\\\\\\\\\\\\\\\\\\\\\\\\\\\\\\\\\\\\\\\\\\\\\\\\\\\\\\\\\\\\\\\\\\\\\\\\\\\\\\\\\\\\\\\\\\\\\\\\\\\\\\\\\\\\\\\\\\\\\\\\\\\\\\\\\\\\\\\\\\\\\\\\\\\\\\\\\\\\\\\\\\\\\\\\\\\\\\\\\\\\\\\\\\\\\\\\\\\\\\\\\\\\\\\\\\\\\\\\\\\\\\\\\\\\\\\\\\\\\\\\\\\\\\\\\\\\\\\\\\\\\\\\\\\\\\\\\\\\\\\\\\\\\\\\\\\\\\\\\\\\\\\\\\\\\\\\\\\\\\\\\\\\\\\\\\\\\\\\\\\\\\\\\\\\\\\\\\\\\\\\\\\\\\\\\\\\\\\\\\\\\\\\\\\\\\\\\\\\\\\\\\\\\\\\\\\\\\\\\\\\\\\\\\\\\\\\\\\\\\\\\\\\\\\\\\\\\\\\\\\\\\\\\\\\\\\\\\\\\\\\\\\\\\\\\\\\\\\\\\\\\\\\\\\\\\\\\\\\\\\\\\\\\\\\\\\\\\\\\\\\\\\\\\\\\\\\\\\\\\\\\\\\\\\\\\\\\\\\\\\\\\\\\\\\\\\\\\\\\\\\\\\\\\\\\\\\\\\\\\\\\\\\\\\\\\\\\\\\\\\\\\\\\\\\\\\\\\\\\\\\\\\\\\\\\\\\\\\\\\\\\\\\\\\\\\\\\\\\\\\\\\\\\\\\\\\\\\\\\\\\\\\\\\\\\\\\\\\\\\\\\\\\\\\\\\\\\\\\\\\\\\\\\\\\\\\\\\\\\\\\\\\\\\\\\\\\\\\\\\\\\\\\\\\\\\\\\\\\\\\\\\\\\\\\\\\\\\\\\\\\\\\\\\\\\\\\\\\\\\\\\\\\\\\\\\\\\\\\\\\\\\\\\\\\\\\\\\\\\\\\\\\\\\\\\\\\\\\\\\\\\\\\\\\\\\\\\\\\\\\\\\\\\\\\\\\\\\\\\\\\\\\\\\\\\\\\\\\\\\\\\\\\\\\\\\\\\\\\\\\\\\\\\\\\\\\\\\\\\\\\\\\\\\\\\\\\\\\\\\\\\\\\\\\\\\\\\\\\\\\\\\\\\\\\\\\\\\\\\\\\\\\\\\\\\\\\\\\\\\\\\\\\\\\\\\\\\\\\\\\\\\\\\\\\\\\\\\\\\\\\\\\\\\\\\\\\\\\\\\\\\\\\\\\\\\\\\\\\\\\\\\\\\\\\\\\\\\\\\\\\\\\\\\\\\\\\\\\\\\\\\\\\\\\\\\\\\\\\\\\\\\\\\\\\\\\\\\\\\\\\\\\\\\\\\\\\\\\\\\\\\\\\\\\\\\\\\\\\\\\\\\\\\\\\\\\\\\\\\\\\\\\\\\\\\\\\\\\\\\\\\\\\\\\\\\\\\\/\\\\\\\\\\\\\\\\\\\\\\\\\\\\\\\\\\\\\\\\\\\\\\\\\\\\\\\\\\\\\\\\\\\\\\\\\\\\\\\\\\\\\\\\\\\\\\\\\\\\\\\\\\\\\\\\\\\\\\\\\\\\\\\\\\\\\\\\\\\\\\\\\\\\\\\\\\\\\\\\\\\\\\\\\\\\\\\\\\\\\\\\\\\\\\\\\\\\\\\\\\\\\\\\\\\\\\\\\\\\\\\\\\\\\\\\\\\\\\\\\\\\\\\\\\\\\\\\\\\\\\\\\\\\\\\\\\\\\\\\\\\\\\\\\\\\\\\\\\\\\\\\\\\\\\\\\\\\\\\\\\\\\\\\\\\\\\\\\\\\\\\\\\\\\\\\\\\\\\\\\\\\\\\\\\\\\\\\\\\\\\\\\\\\\\\\\\\\\\\\\\\\\\\\\\\\\\\\\\\\\\\\\\\\\\\\\\\\\\\\\\\\\\\\\\\\\\\\\\\\\\\\\\\\\\\\\\\\\\\\\\\\\\\\\\\\\\\\\\\\\\\\\\\\\\\\\\\\\\\\\\\\\\\\\\\\\\\\\\\\\\\\\\\\\\\\\\\\\\\\\\\\\\\\\\\\\\\\\\\\\\\\\\\\\\\\\\\\\\\\\\\\\\\\\\\\\\\\\\\\\\\\\\\\\\\\\\\\\\\\\\\\\\\\\\\\\\\\\\\\\\\\\\\\\\\\\\\\\\\\\\\\\\\\\\\\\\\\\\\\\\\\\\\\\\\\\\\\\\\\\\\\\\\\\\\\\\\\\\\\\\\\\\\\\\\\\\\\\\\\\\\\\\\\\\\\\\\\\\\\\\\\\\\\\\\\\\\\\\\\\\\\\\\\\\\\\\\\\\\\\\\\\\\\\\\\\\\\\\\\\\\\\\\\\\\\\\\\\\\\\\\\\\\\\\\\\\\\\\\\\\\\\\\\\\\\\\\\\\\\\\\\\\\\\\\\\\\\\\\\\\\\\\\\\\\\\\\\\\\\\\\\\\\\\\\\\\\\\\\\\\\\\\\\\\\\\\\\\\\\\\\\\\\\\\\\\\\\\\\\\\\\\\\\\\\\\\\\\\\\\\\\\\\\\\\\\\\\\\\\\\\\\\\\\\\\\\\\\\\\\\\\\\\\\\\\\\\\\\\\\\\\\\\\\\\\\\\\\\\\\\\\\\\\\\\\\\\\\\\\\\\\\\\\\\\\\\\\\\\\\\\\\\\\\\\\\\\\\\\\\\\\\\\\\\\\\\\\\\\\\\\\\\\\\\\\\\\\\\\\\\\\\\\\\\\\\\\\\\\\\\\\\\\\\\\\\\\\\\\\\\\\\\\\\\\\\\\\\\\\\\\\\\\\\\\\\\\\\\\\\\\\\\\\\\\\\\\\\\\\\\\\\\\\\\\\\\\\\\\\\\\\\\\\\\\\\\\\\\\\\\\\\\\\\\\\\\\\\\\\\\\\\\\\\\\\\\\\\\\\\\\\\\\\\\\\\\\\\\\\\\\\\\\\\\\\\\\\\\\\\\\\\\\\\\\\\\\\\\\\\\\\\\\\\\\\\\\\\\\\\\\\\\\\\\\\\\\\\\\\\\\\\\\\\\\\\\\\\\\\\\\\\\\\\\\\\\\\\\\\\\\\\\\\\\\\\\\\/www.dental-touch.co.uk\\\\\\\\\\\\\\\\\\\\\\\\\\\\\\\\\\\\\\\\\\\\\\\\\\\\\\\\\\\\\\\\\\\\\\\\\\\\\\\\\\\\\\\\\\\\\\\\\\\\\\\\\\\\\\\\\\\\\\\\\\\\\\\\\\\\\\\\\\\\\\\\\\\\\\\\\\\\\\\\\\\\\\\\\\\\\\\\\\\\\\\\\\\\\\\\\\\\\\\\\\\\\\\\\\\\\\\\\\\\\\\\\\\\\\\\\\\\\\\\\\\\\\\\\\\\\\\\\\\\\\\\\\\\\\\\\\\\\\\\\\\\\\\\\\\\\\\\\\\\\\\\\\\\\\\\\\\\\\\\\\\\\\\\\\\\\\\\\\\\\\\\\\\\\\\\\\\\\\\\\\\\\\\\\\\\\\\\\\\\\\\\\\\\\\\\\\\\\\\\\\\\\\\\\\\\\\\\\\\\\\\\\\\\\\\\\\\\\\\\\\\\\\\\\\\\\\\\\\\\\\\\\\\\\\\\\\\\\\\\\\\\\\\\\\\\\\\\\\\\\\\\\\\\\\\\\\\\\\\\\\\\\\\\\\\\\\\\\\\\\\\\\\\\\\\\\\\\\\\\\\\\\\\\\\\\\\\\\\\\\\\\\\\\\\\\\\\\\\\\\\\\\\\\\\\\\\\\\\\\\\\\\\\\\\\\\\\\\\\\\\\\\\\\\\\\\\\\\\\\\\\\\\\\\\\\\\\\\\\\\\\\\\\\\\\\\\\\\\\\\\\\\\\\\\\\\\\\\\\\\\\\\\\\\\\\\\\\\\\\\\\\\\\\\\\\\\\\\\\\\\\\\\\\\\\\\\\\\\\\\\\\\\\\\\\\\\\\\\\\\\\\\\\\\\\\\\\\\\\\\\\\\\\\\\\\\\\\\\\\\\\\\\\\\\\\\\\\\\\\\\\\\\\\\\\\\\\\\\\\\\\\\\\\\\\\\\\\\\\\\\\\\\\\\\\\\\\\\\\\\\\\\\\\\\\\\\\\\\\\\\\\\\\\\\\\\\\\\\\\\\\\\\\\\\\\\\\\\\\\\\\\\\\\\\\\\\\\\\\\\\\\\\\\\\\\\\\\\\\\\\\\\\\\\\\\\\\\\\\\\\\\\\\\\\\\\\\\\\\\\\\\\\\\\\\\\\\\\\\\\\\\\\\\\\\\\\\\\\\\\\\\\\\\\\\\\\\\\\\\\\\\\\\\\\\\\\\\\\\\\\\\\\\\\\\\\\\\\\\\\\\\\\\\\\\\\\\\\\\\\\\\\\\\\\\\\\\\\\\\\\\\\\\\\\\\\\\\\\\\\\\\\\\\\\\\\\\\\\\\\\\\\\\\\\\\\\\\\\\\\\\\\\\\\\\\\\\\\\\\\\\\\\\\\\\\\\\\\\\\\\\\\\\\\\\\\\\\\\\\\\\\\\\\\\\\\\\\\\\\\\\\\\\\\\\\\\\\\\\\\\\\\\\\\\\\\\\\\\\\\\\\\\\\\\\\\\\\\\\\\\\\\\\\\\\\\\\\\\\\\\\\\\\\\\\\\\\\\\\\\\\\\\\\\\\\\\\\\\\\\\\\\\\\\\\\\\\\\\\\\\\\\\\\\\\\\\\\\\\\\\\\\\\\\\\\\\\\\\\\\\\\\\\\\\\\\\\\/braces-bristol\\\\\\\\\\\\\\\\\\\\\\\\\\\\\\\\\\\\\\\\\\\\\\\\\\\\\\\\\\\\\\\\\\\\\\\\\\\\\\\\\\\\\\\\\\\\\\\\\\\\\\\\\\\\\\\\\\\\\\\\\\\\\\\\\\\\\\\\\\\\\\\\\\\\\\\\\\\\\\\\\\\\\\\\\\\\\\\\\\\\\\\\\\\\\\\\\\\\\\\\\\\\\\\\\\\\\\\\\\\\\\\\\\\\\\\\\\\\\\\\\\\\\\\\\\\\\\\\\\\\\\\\\\\\\\\\\\\\\\\\\\\\\\\\\\\\\\\\\\\\\\\\\\\\\\\\\\\\\\\\\\\\\\\\\\\\\\\\\\\\\\\\\\\\\\\\\\\\\\\\\\\\\\\\\\\\\\\\\\\\\\\\\\\\\\\\\\\\\\\\\\\\\\\\\\\\\\\\\\\\\\\\\\\\\\\\\\\\\\\\\\\\\\\\\\\\\\\\\\\\\\\\\\\\\\\\\\\\\\\\\\\\\\\\\\\\\\\\\\\\\\\\\\\\\\\\\\\\\\\\\\\\\\\\\\\\\\\\\\\\\\\\\\\\\\\\\\\\\\\\\\\\\\\\\\\\\\\\\\\\\\\\\\\\\\\\\\\\\\\\\\\\\\\\\\\\\\\\\\\\\\\\\\\\\\\\\\\\\\\\\\\\\\\\\\\\\\\\\\\\\\\\\\\\\\\\\\\\\\\\\\\\\\\\\\\\\\\\\\\\\\\\\\\\\\\\\\\\\\\\\\\\\\\\\\\\\\\\\\\\\\\\\\\\\\\\\\\\\\\\\\\\\\\\\\\\\\\\\\\\\\\\\\\\\\\\\\\\\\\\\\\\\\\\\\\\\\\\\\\\\\\\\\\\\\\\\\\\\\\\\\\\\\\\\\\\\\\\\\\\\\\\\\\\\\\\\\\\\\\\\\\\\\\\\\\\\\\\\\\\\\\\\\\\\\\\\\\\\\\\\\\\\\\\\\\\\\\\\\\\\\\\\\\\\\\\\\\\\\\\\\\\\\\\\\\\\\\\\\\\\\\\\\\\\\\\\\\\\\\\\\\\\\\\\\\\\\\\\\\\\\\\\\\\\\\\\\\\\\\\\\\\\\\\\\\\\\\\\\\\\\\\\\\\\\\\\\\\\\\\\\\\\\\\\\\\\\\\\\\\\\\\\\\\\\\\\\\\\\\\\\\\\\\\\\\\\\\\\\\\\\\\\\\\\\\\\\\\\\\\\\\\\\\\\\\\\\\\\\\\\\\\\\\\\\\\\\\\\\\\\\\\\\\\\\\\\\\\\\\\\\\\\\\\\\\\\\\\\\\\\\\\\\\\\\\\\\\\\\\\\\\\\\\\\\\\\\\\\\\\\\\\\\\\\\\\\\\\\\\\\\\\\\\\\\\\\\\\\\\\\\\\\\\\\\\\\\\\\\\\\\\\\\\\\\\\\\\\\\\\\\\\\\\\\\\\\\\\\\\\\\\\\\\\\\\\\\\\\\\\\\\\\\\\\\\\\\\\\\\\\\\\\\\\\\\\\\\\\\\\\\\\\\\\\\\\\\\\\\\\\\\\\\\\\\\\\\\\\\\\\\\\\\\\\\\\\\\\\\\\\\\\\\\\\\\\\\\\\\\\\\\\\\\\\\\\\\\\/
page_000026.json,X100700,RKL14,Hammersmith & Fulham Talking Therapies,1,SRV0339,"NHS psychological therapies services (IAPT), including cognitive behavioural therapy (CBT) ",1,Telephone,0300 123 1156
page_000026.json,X100700,RKL14,Hammersmith & Fulham Talking Therapies,1,SRV0339,"NHS psychological therapies services (IAPT), including cognitive behavioural therapy (CBT) ",2,PhoneExt,
page_000026.json,X100700,RKL14,Hammersmith & Fulham Talking Therapies,1,SRV0339,"NHS psychological therapies services (IAPT), including cognitive behavioural therapy (CBT) ",3,Email,wlm-tr.talkingtherapies.handf@nhs.net
page_000026.json,X100700,RKL14,Hammersmith & Fulham Talking Therapies,1,SRV0339,"NHS psychological therapies services (IAPT), including cognitive behavioural therapy (CBT) ",4,Website,https://www.westlondon.nhs.uk/handf-talking-therapies
page_000026.json,X100981,1-1242700658,Apple Trees Care & Reablement Centre,2,SRV0317,Caring for adults over 65,1,Telephone,01993 323232
page_000026.json,X100981,1-1242700658,Apple Trees Care & Reablement Centre,2,SRV0317,Caring for adults over 65,2,PhoneExt,
page_000026.json,X101355,RY409,Herts & Essex Hospital,1,SRV0228,Musculo-skeletal services,1,Telephone,03442 573965
page_000026.json,X101355,RY409,Herts & Essex Hospital,1,SRV0228,Musculo-skeletal services,2,PhoneExt,
page_000026.json,X101849,NJG01,Impact on Teesside,1,SRV0339,"NHS psychological therapies services (IAPT), including cognitive behavioural therapy (CBT) ",1,Telephone,01642 573924
page_000026.json,X101849,NJG01,Impact on Teesside,1,SRV0339,"NHS psychological therapies services (IAPT), including cognitive behavioural therapy (CBT) ",2,PhoneExt,
page_000026.json,X101849,NJG01,Impact on Teesside,1,SRV0339,"NHS psychological therapies services (IAPT), including cognitive behavioural therapy (CBT) ",3,Email,admin@impactonteesside.com
page_000026.json,X101849,NJG01,Impact on Teesside,1,SRV0339,"NHS psychological therapies services (IAPT), including cognitive behavioural therapy (CBT) ",4,Website,https://www.impactonteesside.com/online-self-referral/
page_000026.json,X101929,1-1190770444,Field Lodge,1,SRV0314,Care services for people with dementia,1,Telephone,01342 337220
page_000026.json,X101929,1-1190770444,Field Lodge,1,SRV0314,Care services for people with dementia,2,PhoneExt,
page_000027.json,X102126,TAJ53,Wolverhampton Talking Therapies,1,SRV0339,"NHS psychological therapies services (IAPT), including cognitive behavioural therapy (CBT) ",1,Telephone,0800 923 0222
page_000027.json,X102126,TAJ53,Wolverhampton Talking Therapies,1,SRV0339,"NHS psychological therapies services (IAPT), including cognitive behavioural therapy (CBT) ",2,PhoneExt,
page_000027.json,X102126,TAJ53,Wolverhampton Talking Therapies,1,SRV0339,"NHS psychological therapies services (IAPT), including cognitive behavioural therapy (CBT) ",3,Email,bchft.wolverhamptontalkingtherapies@nhs.net
page_000027.json,X102126,TAJ53,Wolverhampton Talking Therapies,1,SRV0339,"NHS psychological therapies services (IAPT), including cognitive behavioural therapy (CBT) ",4,Website,https://www.iaptportal.co.uk/selfreferral.aspx?ServiceCode=WOL
page_000027.json,X102490,1-1459306141,Perry Manor,1,SRV0314,Care services for people with dementia,1,Telephone,01342 337220
page_000027.json,X102490,1-1459306141,Perry Manor,1,SRV0314,Care services for people with dementia,2,PhoneExt,
page_000027.json,X102771,1-1274568782,Tiverton Drive,1,SRV0315,Care services for people with learning disabilities,1,Telephone,01905798247
page_000027.json,X102771,1-1274568782,Tiverton Drive,1,SRV0315,Care services for people with learning disabilities,2,PhoneExt,
page_000027.json,X102775,1-1474529515,Priors House,1,SRV0314,Care services for people with dementia,1,Telephone,01342 337220
page_000027.json,X102775,1-1474529515,Priors House,1,SRV0314,Care services for people with dementia,2,PhoneExt,
page_000027.json,X102810,1-1207038123,Sandfields,1,SRV0314,Care services for people with dementia,1,Telephone,01342 337220
page_000027.json,X102810,1-1207038123,Sandfields,1,SRV0314,Care services for people with dementia,2,PhoneExt,
page_000027.json,X102864,1-1228071068,Woodland Hall,1,SRV0314,Care services for people with dementia,1,Telephone,01342 337220
page_000027.json,X102864,1-1228071068,Woodland Hall,1,SRV0314,Care services for people with dementia,2,PhoneExt,
page_000027.json,X102895,1-1465022022,Mildenhall Lodge,1,SRV0314,Care services for people with dementia,1,Telephone,01342 337220
page_000027.json,X102895,1-1465022022,Mildenhall Lodge,1,SRV0314,Care services for people with dementia,2,PhoneExt,
page_000027.json,X102946,1-1438762899,Kent Enablement at Home,2,SRV0315,Care services for people with learning disabilities,1,Telephone,01732 225200
page_000027.json,X102946,1-1438762899,Kent Enablement at Home,2,SRV0315,Care services for people with learning disabilities,2,PhoneExt,
page_000027.json,X102946,1-1438762899,Kent Enablement at Home,4,SRV0323,Caring for adults under 65,1,Telephone,01732 225200
page_000027.json,X102946,1-1438762899,Kent Enablement at Home,4,SRV0323,Caring for adults under 65,2,PhoneExt,
page_000027.json,X102971,1-1387903559,Lydia Eva Court,2,SRV0317,Caring for adults over 65,1,Telephone,01603 741717
page_000027.json,X102971,1-1387903559,Lydia Eva Court,2,SRV0317,Caring for adults over 65,2,PhoneExt,
page_000027.json,X103016,1-1348855505,Winchcombe Place,1,SRV0314,Care services for people with dementia,1,Telephone,01342 337220
page_000027.json,X103016,1-1348855505,Winchcombe Place,1,SRV0314,Care services for people with dementia,2,PhoneExt,
page_000027.json,X103061,1-1326680856,Caremark (Barnsley),1,SRV0314,Care services for people with dementia,1,Telephone,01226 720745
page_000027.json,X103061,1-1326680856,Caremark (Barnsley),1,SRV0314,Care services for people with dementia,2,PhoneExt,
page_000027.json,X103061,1-1326680856,Caremark (Barnsley),2,SRV0320,Care services for people with eating disorders,1,Telephone,01226 720745
page_000027.json,X103061,1-1326680856,Caremark (Barnsley),2,SRV0320,Care services for people with eating disorders,2,PhoneExt,
page_000027.json,X103061,1-1326680856,Caremark (Barnsley),3,SRV0315,Care services for people with learning disabilities,1,Telephone,01226 720745
page_000027.json,X103061,1-1326680856,Caremark (Barnsley),3,SRV0315,Care services for people with learning disabilities,2,PhoneExt,
page_000027.json,X103061,1-1326680856,Caremark (Barnsley),4,SRV0317,Caring for adults over 65,1,Telephone,01226 720745
page_000027.json,X103061,1-1326680856,Caremark (Barnsley),4,SRV0317,Caring for adults over 65,2,PhoneExt,
page_000027.json,X103061,1-1326680856,Caremark (Barnsley),5,SRV0313,Caring for children (0 - 18),1,Telephone,01226 720745
page_000027.json,X103061,1-1326680856,Caremark (Barnsley),5,SRV0313,Caring for children (0 - 18),2,PhoneExt,
page_000027.json,X103061,1-1326680856,Caremark (Barnsley),6,SRV0316,Mental health conditions,1,Telephone,01226 720745
page_000027.json,X103061,1-1326680856,Caremark (Barnsley),6,SRV0316,Mental health conditions,2,PhoneExt,
page_000027.json,X103061,1-1326680856,Caremark (Barnsley),7,SRV0321,Physical disabilities,1,Telephone,01226 720745
page_000027.json,X103061,1-1326680856,Caremark (Barnsley),7,SRV0321,Physical disabilities,2,PhoneExt,
page_000027.json,X103061,1-1326680856,Caremark (Barnsley),8,SRV0322,Sensory impairments,1,Telephone,01226 720745
page_000027.json,X103061,1-1326680856,Caremark (Barnsley),8,SRV0322,Sensory impairments,2,PhoneExt,
page_000027.json,X103184,1-1228095928,Franklin House,1,SRV0314,Care services for people with dementia,1,Telephone,01342 337220
page_000027.json,X103184,1-1228095928,Franklin House,1,SRV0314,Care services for people with dementia,2,PhoneExt,
page_000027.json,X103378,RWK1H,Richmond Talking Therapies,1,SRV0339,"NHS psychological therapies services (IAPT), including cognitive behavioural therapy (CBT) ",1,Telephone,0203 513 4455
page_000027.json,X103378,RWK1H,Richmond Talking Therapies,1,SRV0339,"NHS psychological therapies services (IAPT), including cognitive behavioural therapy (CBT) ",2,PhoneExt,
page_000027.json,X103378,RWK1H,Richmond Talking Therapies,1,SRV0339,"NHS psychological therapies services (IAPT), including cognitive behavioural therapy (CBT) ",3,Email,Richmondwellbeing@swlstg.nhs.uk
page_000027.json,X103378,RWK1H,Richmond Talking Therapies,1,SRV0339,"NHS psychological therapies services (IAPT), including cognitive behavioural therapy (CBT) ",4,Website,https://swlstg.nhs.uk/richmond-self-referral
page_000027.json,X103380,RWK79,Newham Talking Therapies,1,SRV0339,"NHS psychological therapies services (IAPT), including cognitive behavioural therapy (CBT) ",1,Telephone,0208 175 1770
page_000027.json,X103380,RWK79,Newham Talking Therapies,1,SRV0339,"NHS psychological therapies services (IAPT), including cognitive behavioural therapy (CBT) ",2,PhoneExt,
page_000027.json,X103380,RWK79,Newham Talking Therapies,1,SRV0339,"NHS psychological therapies services (IAPT), including cognitive behavioural therapy (CBT) ",3,Email,elft.eris.nhs.uk
page_000027.json,X103380,RWK79,Newham Talking Therapies,1,SRV0339,"NHS psychological therapies services (IAPT), including cognitive behavioural therapy (CBT) ",4,Website,https://gateway.mayden.co.uk/referral-v2/a02250cc-9548-480f-9fa6-1c96704e8604
page_000027.json,X103462,RT260,NHS Bury Talking Therapies,1,SRV0339,"NHS psychological therapies services (IAPT), including cognitive behavioural therapy (CBT) ",1,Telephone,0161 716 2222
page_000027.json,X103462,RT260,NHS Bury Talking Therapies,1,SRV0339,"NHS psychological therapies services (IAPT), including cognitive behavioural therapy (CBT) ",2,PhoneExt,
page_000027.json,X103462,RT260,NHS Bury Talking Therapies,1,SRV0339,"NHS psychological therapies services (IAPT), including cognitive behavioural therapy (CBT) ",3,Email,pcn-tr.burytalkingtherapies@nhs.net
page_000027.json,X103462,RT260,NHS Bury Talking Therapies,1,SRV0339,"NHS psychological therapies services (IAPT), including cognitive behavioural therapy (CBT) ",4,Website,https://www.iaptportal.co.uk/ServiceUser/SelfReferralForm.aspx?sd=e648e49f-63d5-407d-a200-eccbc8735ab6
page_000027.json,X103764,RY2X3,Think Wellbeing Halton,1,SRV0339,"NHS psychological therapies services (IAPT), including cognitive behavioural therapy (CBT) ",1,Telephone,0151 292 6954
page_000027.json,X103764,RY2X3,Think Wellbeing Halton,1,SRV0339,"NHS psychological therapies services (IAPT), including cognitive behavioural therapy (CBT) ",2,PhoneExt,
page_000027.json,X103764,RY2X3,Think Wellbeing Halton,1,SRV0339,"NHS psychological therapies services (IAPT), including cognitive behavioural therapy (CBT) ",3,Email,
page_000027.json,X103764,RY2X3,Think Wellbeing Halton,1,SRV0339,"NHS psychological therapies services (IAPT), including cognitive behavioural therapy (CBT) ",4,Website,https://www.merseycare.nhs.uk/our-services/halton/talking-therapies
page_000027.json,X103887,1-1445127860,Asterbury Place,1,SRV0314,Care services for people with dementia,1,Telephone,01342 337220
page_000027.json,X103887,1-1445127860,Asterbury Place,1,SRV0314,Care services for people with dementia,2,PhoneExt,
page_000028.json,X104734,NQTT8,Issa Medical Centre - Sexual Health,1,SRV0228,Musculo-skeletal services,1,Telephone,01257 237 238
page_000028.json,X104734,NQTT8,Issa Medical Centre - Sexual Health,1,SRV0228,Musculo-skeletal services,2,PhoneExt,
page_000028.json,X104803,RY607,Leeds Mental Wellbeing Service,1,SRV0339,"NHS psychological therapies services (IAPT), including cognitive behavioural therapy (CBT) ",1,Telephone,0113 843 4388
page_000028.json,X104803,RY607,Leeds Mental Wellbeing Service,1,SRV0339,"NHS psychological therapies services (IAPT), including cognitive behavioural therapy (CBT) ",2,PhoneExt,
page_000028.json,X104803,RY607,Leeds Mental Wellbeing Service,1,SRV0339,"NHS psychological therapies services (IAPT), including cognitive behavioural therapy (CBT) ",3,Email,leeds.mws@nhs.net
page_000028.json,X104803,RY607,Leeds Mental Wellbeing Service,1,SRV0339,"NHS psychological therapies services (IAPT), including cognitive behavioural therapy (CBT) ",4,Website,https://leedsmentalwellbeingservice.co.uk/refer-yourself/self-referral-triage-form/
page_000028.json,X105078,RX2H8,Health in Mind Sussex,2,SRV0339,"NHS psychological therapies services (IAPT), including cognitive behavioural therapy (CBT) ",1,Telephone,0300 003 0130
page_000028.json,X105078,RX2H8,Health in Mind Sussex,2,SRV0339,"NHS psychological therapies services (IAPT), including cognitive behavioural therapy (CBT) ",2,PhoneExt,
page_000028.json,X105078,RX2H8,Health in Mind Sussex,2,SRV0339,"NHS psychological therapies services (IAPT), including cognitive behavioural therapy (CBT) ",3,Email,spft.bhwellbeing@nhs.net
page_000028.json,X105078,RX2H8,Health in Mind Sussex,2,SRV0339,"NHS psychological therapies services (IAPT), including cognitive behavioural therapy (CBT) ",4,Website,https://www.iaptportal.co.uk/esus.html
page_000028.json,X105286,RH5G4,Talking Therapies - Somerset IAPT Service,1,SRV0339,"NHS psychological therapies services (IAPT), including cognitive behavioural therapy (CBT) ",1,Telephone,0300 323 0033
page_000028.json,X105286,RH5G4,Talking Therapies - Somerset IAPT Service,1,SRV0339,"NHS psychological therapies services (IAPT), including cognitive behavioural therapy (CBT) ",2,PhoneExt,
page_000028.json,X105286,RH5G4,Talking Therapies - Somerset IAPT Service,1,SRV0339,"NHS psychological therapies services (IAPT), including cognitive behavioural therapy (CBT) ",3,Email,SPTTReferrals@somersetFT.nhs.uk
page_000028.json,X105286,RH5G4,Talking Therapies - Somerset IAPT Service,1,SRV0339,"NHS psychological therapies services (IAPT), including cognitive behavioural therapy (CBT) ",4,Website,https://www.somersetft.nhs.uk/somerset-talking-therapies/online-referral-form/
page_000028.json,X105302,RH5D1,Foundation House,1,SRV0228,Musculo-skeletal services,1,Telephone,0300 365 5678
page_000028.json,X105302,RH5D1,Foundation House,1,SRV0228,Musculo-skeletal services,2,PhoneExt,
page_000028.json,X105339,RT181,CPFT Psychological Wellbeing Service,1,SRV0339,"NHS psychological therapies services (IAPT), including cognitive behavioural therapy (CBT) ",1,Telephone,0300 300 0055
page_000028.json,X105339,RT181,CPFT Psychological Wellbeing Service,1,SRV0339,"NHS psychological therapies services (IAPT), including cognitive behavioural therapy (CBT) ",2,PhoneExt,
page_000028.json,X105339,RT181,CPFT Psychological Wellbeing Service,1,SRV0339,"NHS psychological therapies services (IAPT), including cognitive behavioural therapy (CBT) ",3,Email,selfreferIAPT@cpft.nhs.uk
page_000028.json,X105339,RT181,CPFT Psychological Wellbeing Service,1,SRV0339,"NHS psychological therapies services (IAPT), including cognitive behavioural therapy (CBT) ",4,Website,https://www.iaptportal.co.uk/cam.html
page_000028.json,X105481,1-1535538406,Belong Warrington Care Village,1,SRV0314,Care services for people with dementia,1,Telephone,01625 508700
page_000028.json,X105481,1-1535538406,Belong Warrington Care Village,1,SRV0314,Care services for people with dementia,2,PhoneExt,
page_000028.json,X105877,RP7WK,Steps2Change Stamford,1,SRV0339,"NHS psychological therapies services (IAPT), including cognitive behavioural therapy (CBT) ",1,Telephone,0303 123 4000
page_000028.json,X105877,RP7WK,Steps2Change Stamford,1,SRV0339,"NHS psychological therapies services (IAPT), including cognitive behavioural therapy (CBT) ",2,PhoneExt,
page_000028.json,X105877,RP7WK,Steps2Change Stamford,1,SRV0339,"NHS psychological therapies services (IAPT), including cognitive behavioural therapy (CBT) ",3,Email,lincs.spa@nhs.net
page_000028.json,X105877,RP7WK,Steps2Change Stamford,1,SRV0339,"NHS psychological therapies services (IAPT), including cognitive behavioural therapy (CBT) ",4,Website,https://gateway.mayden.co.uk/referral-v2/c2ce2fcb-3586-4e64-8405-deac6ce440b1
page_000028.json,X105895,RP774,Steps2Change Louth,1,SRV0339,"NHS psychological therapies services (IAPT), including cognitive behavioural therapy (CBT) ",1,Telephone,0303 123 4000
page_000028.json,X105895,RP774,Steps2Change Louth,1,SRV0339,"NHS psychological therapies services (IAPT), including cognitive behavioural therapy (CBT) ",2,PhoneExt,
page_000028.json,X105895,RP774,Steps2Change Louth,1,SRV0339,"NHS psychological therapies services (IAPT), including cognitive behavioural therapy (CBT) ",3,Email,lincs.spa@nhs.net
page_000028.json,X105895,RP774,Steps2Change Louth,1,SRV0339,"NHS psychological therapies services (IAPT), including cognitive behavioural therapy (CBT) ",4,Website,https://gateway.mayden.co.uk/referral-v2/c2ce2fcb-3586-4e64-8405-deac6ce440b1
page_000028.json,X105920,RQWG1,St Margaret's Hospital,1,SRV0228,Musculo-skeletal services,1,Telephone,03442 573965
page_000028.json,X105920,RQWG1,St Margaret's Hospital,1,SRV0228,Musculo-skeletal services,2,PhoneExt,
page_000028.json,X105921,RT2J3,NHS Tameside and Glossop Talking Therapies,1,SRV0339,"NHS psychological therapies services (IAPT), including cognitive behavioural therapy (CBT) ",1,Telephone,0161 716 4242
page_000028.json,X105921,RT2J3,NHS Tameside and Glossop Talking Therapies,1,SRV0339,"NHS psychological therapies services (IAPT), including cognitive behavioural therapy (CBT) ",2,PhoneExt,
page_000028.json,X105921,RT2J3,NHS Tameside and Glossop Talking Therapies,1,SRV0339,"NHS psychological therapies services (IAPT), including cognitive behavioural therapy (CBT) ",3,Email,tandg.talkingtherapies@nhs.net
page_000028.json,X105921,RT2J3,NHS Tameside and Glossop Talking Therapies,1,SRV0339,"NHS psychological therapies services (IAPT), including cognitive behavioural therapy (CBT) ",4,Website,https://www.iaptportal.co.uk/selfreferral.aspx?ServiceCode=PCTAME
page_000028.json,X105922,RXA29,NHS Central Cheshire Talking Therapies,1,SRV0339,"NHS psychological therapies services (IAPT), including cognitive behavioural therapy (CBT) ",1,Telephone,0300 303 0639
page_000028.json,X105922,RXA29,NHS Central Cheshire Talking Therapies,1,SRV0339,"NHS psychological therapies services (IAPT), including cognitive behavioural therapy (CBT) ",2,PhoneExt,
page_000028.json,X105922,RXA29,NHS Central Cheshire Talking Therapies,1,SRV0339,"NHS psychological therapies services (IAPT), including cognitive behavioural therapy (CBT) ",3,Email,cwp.cctalkingtherapies.enquiries@nhs.net
page_000028.json,X105922,RXA29,NHS Central Cheshire Talking Therapies,1,SRV0339,"NHS psychological therapies services (IAPT), including cognitive behavioural therapy (CBT) ",4,Website,https://www.talkingtherapies.cwp.nhs.uk/self-refer
page_000028.json,X105944,RV5CK,Lambeth Talking Therapies/Lambeth IAPT,1,SRV0339,"NHS psychological therapies services (IAPT), including cognitive behavioural therapy (CBT) ",1,Telephone,0203 228 6747
page_000028.json,X105944,RV5CK,Lambeth Talking Therapies/Lambeth IAPT,1,SRV0339,"NHS psychological therapies services (IAPT), including cognitive behavioural therapy (CBT) ",2,PhoneExt,
page_000028.json,X105944,RV5CK,Lambeth Talking Therapies/Lambeth IAPT,1,SRV0339,"NHS psychological therapies services (IAPT), including cognitive behavioural therapy (CBT) ",3,Email,lambethiaptadministrators@slam.nhs.uk
page_000028.json,X105944,RV5CK,Lambeth Talking Therapies/Lambeth IAPT,1,SRV0339,"NHS psychological therapies services (IAPT), including cognitive behavioural therapy (CBT) ",4,Website,https://gateway.mayden.co.uk/referral-v2/a98fce9c-9ec0-4e3e-b5d4-e390ffa04b17
page_000028.json,X105945,RXA52,NHS West Cheshire Talking Therapies,1,SRV0339,"NHS psychological therapies services (IAPT), including cognitive behavioural therapy (CBT) ",1,Telephone,0151 488 8348
page_000028.json,X105945,RXA52,NHS West Cheshire Talking Therapies,1,SRV0339,"NHS psychological therapies services (IAPT), including cognitive behavioural therapy (CBT) ",2,PhoneExt,
page_000028.json,X105945,RXA52,NHS West Cheshire Talking Therapies,1,SRV0339,"NHS psychological therapies services (IAPT), including cognitive behavioural therapy (CBT) ",3,Email,cwp.MHAT@nhs.net
page_000028.json,X105945,RXA52,NHS West Cheshire Talking Therapies,1,SRV0339,"NHS psychological therapies services (IAPT), including cognitive behavioural therapy (CBT) ",4,Website,https://www.talkingtherapies.cwp.nhs.uk/self-refer
page_000029.json,X106195,1-1588568404,Elite Care and Support Services,1,SRV0315,Care services for people with learning disabilities,1,Telephone,0121439 8530
page_000029.json,X106195,1-1588568404,Elite Care and Support Services,1,SRV0315,Care services for people with learning disabilities,2,PhoneExt,
page_000029.json,X106209,1-1675069665,Ashwood Care Centre,2,SRV0317,Caring for adults over 65,1,Telephone,01993 323232
page_000029.json,X106209,1-1675069665,Ashwood Care Centre,2,SRV0317,Caring for adults over 65,2,PhoneExt,
page_000029.json,X106257,1-1642136719,The Pines,1,SRV0315,Care services for people with learning disabilities,1,Telephone,01637 416444
page_000029.json,X106257,1-1642136719,The Pines,1,SRV0315,Care services for people with learning disabilities,2,PhoneExt,
page_000029.json,X106258,1-1701760508,Penrose Farm,1,SRV0315,Care services for people with learning disabilities,1,Telephone,01637 416444
page_000029.json,X106258,1-1701760508,Penrose Farm,1,SRV0315,Care services for people with learning disabilities,2,PhoneExt,
page_000029.json,X106349,1-1648817611,Scarlet House,1,SRV0314,Care services for people with dementia,1,Telephone,01342 337220
page_000029.json,X106349,1-1648817611,Scarlet House,1,SRV0314,Care services for people with dementia,2,PhoneExt,
page_000029.json,X106411,1-1700376147,United Response - Bury DCA,1,SRV0315,Care services for people with learning disabilities,1,Telephone,0800 0884 377
page_000029.json,X106411,1-1700376147,United Response - Bury DCA,1,SRV0315,Care services for people with learning disabilities,2,PhoneExt,
page_000029.json,X106411,1-1700376147,United Response - Bury DCA,5,SRV0321,Physical disabilities,1,Telephone,01438 712 892
page_000029.json,X106411,1-1700376147,United Response - Bury DCA,5,SRV0321,Physical disabilities,2,PhoneExt,
page_000029.json,X106555,1-1586577058,Davers Court,1,SRV0314,Care services for people with dementia,1,Telephone,01342 337220
page_000029.json,X106555,1-1586577058,Davers Court,1,SRV0314,Care services for people with dementia,2,PhoneExt,
page_000029.json,X106821,1-1718611233,Britten Court,1,SRV0314,Care services for people with dementia,1,Telephone,01342 337220
page_000029.json,X106821,1-1718611233,Britten Court,1,SRV0314,Care services for people with dementia,2,PhoneExt,
page_000029.json,X106968,1-1573513396,Kent Enablement at Home,2,SRV0315,Care services for people with learning disabilities,1,Telephone,01732 225200
page_000029.json,X106968,1-1573513396,Kent Enablement at Home,2,SRV0315,Care services for people with learning disabilities,2,PhoneExt,
page_000029.json,X106968,1-1573513396,Kent Enablement at Home,4,SRV0323,Caring for adults under 65,1,Telephone,01732 225200
page_000029.json,X106968,1-1573513396,Kent Enablement at Home,4,SRV0323,Caring for adults under 65,2,PhoneExt,
page_000029.json,X107049,RVNCG,Swindon Talking Therapies,1,SRV0339,"NHS psychological therapies services (IAPT), including cognitive behavioural therapy (CBT) ",1,Telephone,01793 836 836
page_000029.json,X107049,RVNCG,Swindon Talking Therapies,1,SRV0339,"NHS psychological therapies services (IAPT), including cognitive behavioural therapy (CBT) ",2,PhoneExt,
page_000029.json,X107049,RVNCG,Swindon Talking Therapies,1,SRV0339,"NHS psychological therapies services (IAPT), including cognitive behavioural therapy (CBT) ",3,Email,awp.Swindontalkingtherapies@nhs.net
page_000029.json,X107049,RVNCG,Swindon Talking Therapies,1,SRV0339,"NHS psychological therapies services (IAPT), including cognitive behavioural therapy (CBT) ",4,Website,https://www.awp.nhs.uk/our-services/talking-therapies/self-refer-today/swindon
page_000029.json,X107052,RNUDT,Oxfordshire Talking Therapies,1,SRV0339,"NHS psychological therapies services (IAPT), including cognitive behavioural therapy (CBT) ",1,Telephone,01865 901222
page_000029.json,X107052,RNUDT,Oxfordshire Talking Therapies,1,SRV0339,"NHS psychological therapies services (IAPT), including cognitive behavioural therapy (CBT) ",2,PhoneExt,
page_000029.json,X107052,RNUDT,Oxfordshire Talking Therapies,1,SRV0339,"NHS psychological therapies services (IAPT), including cognitive behavioural therapy (CBT) ",3,Email,oxon-talking-therapies@oxfordhealth.nhs.uk
page_000029.json,X107052,RNUDT,Oxfordshire Talking Therapies,1,SRV0339,"NHS psychological therapies services (IAPT), including cognitive behavioural therapy (CBT) ",4,Website,https://www.iaptportal.co.uk/selfreferral.aspx?ServiceCode=OXF&ReferralType=0
page_000029.json,X107059,AKR02,Lancashire Women - Accrington Centre (Head Office),1,SRV0339,"NHS psychological therapies services (IAPT), including cognitive behavioural therapy (CBT) ",1,Telephone,0300 330 1354
page_000029.json,X107059,AKR02,Lancashire Women - Accrington Centre (Head Office),1,SRV0339,"NHS psychological therapies services (IAPT), including cognitive behavioural therapy (CBT) ",2,PhoneExt,
page_000029.json,X107059,AKR02,Lancashire Women - Accrington Centre (Head Office),1,SRV0339,"NHS psychological therapies services (IAPT), including cognitive behavioural therapy (CBT) ",3,Email,
page_000029.json,X107059,AKR02,Lancashire Women - Accrington Centre (Head Office),1,SRV0339,"NHS psychological therapies services (IAPT), including cognitive behavioural therapy (CBT) ",4,Website,https://lancashirewomen.org/online-referral-form
page_000029.json,X107123,RXECE,NHS North Lincolnshire Talking Therapies,1,SRV0339,"NHS psychological therapies services (IAPT), including cognitive behavioural therapy (CBT) ",1,Telephone,0300 021 6165
page_000029.json,X107123,RXECE,NHS North Lincolnshire Talking Therapies,1,SRV0339,"NHS psychological therapies services (IAPT), including cognitive behavioural therapy (CBT) ",2,PhoneExt,
page_000029.json,X107123,RXECE,NHS North Lincolnshire Talking Therapies,1,SRV0339,"NHS psychological therapies services (IAPT), including cognitive behavioural therapy (CBT) ",3,Email,
page_000029.json,X107123,RXECE,NHS North Lincolnshire Talking Therapies,1,SRV0339,"NHS psychological therapies services (IAPT), including cognitive behavioural therapy (CBT) ",4,Website,https://systmonline.tpp-uk.com/2/OnlineConsultation?OrgId=094365610016
page_000029.json,X107135,R1F04,NHS Talking Therapies - Isle of Wight,1,SRV0339,"NHS psychological therapies services (IAPT), including cognitive behavioural therapy (CBT) ",1,Telephone,01983 532860
page_000029.json,X107135,R1F04,NHS Talking Therapies - Isle of Wight,1,SRV0339,"NHS psychological therapies services (IAPT), including cognitive behavioural therapy (CBT) ",2,PhoneExt,
page_000029.json,X107135,R1F04,NHS Talking Therapies - Isle of Wight,1,SRV0339,"NHS psychological therapies services (IAPT), including cognitive behavioural therapy (CBT) ",3,Email,iownt.talkingtherapiesiow@nhs.net
page_000029.json,X107135,R1F04,NHS Talking Therapies - Isle of Wight,1,SRV0339,"NHS psychological therapies services (IAPT), including cognitive behavioural therapy (CBT) ",4,Website,https://gateway.mayden.co.uk/referral-v2/61a2e9b7-8726-44d7-92c1-67ebdad373ae
page_000029.json,X107136,R1AEC,Herefordshire and Worcestershire Talking Therapies,1,SRV0339,"NHS psychological therapies services (IAPT), including cognitive behavioural therapy (CBT) ",1,Telephone,0300 013 57 27
page_000029.json,X107136,R1AEC,Herefordshire and Worcestershire Talking Therapies,1,SRV0339,"NHS psychological therapies services (IAPT), including cognitive behavioural therapy (CBT) ",2,PhoneExt,
page_000029.json,X107136,R1AEC,Herefordshire and Worcestershire Talking Therapies,1,SRV0339,"NHS psychological therapies services (IAPT), including cognitive behavioural therapy (CBT) ",3,Email,
page_000029.json,X107136,R1AEC,Herefordshire and Worcestershire Talking Therapies,1,SRV0339,"NHS psychological therapies services (IAPT), including cognitive behavioural therapy (CBT) ",4,Website,https://www.talkingtherapies.hwhct.nhs.uk/selfreferral
page_000029.json,X107369,1-1841859942,Lowenac,1,SRV0315,Care services for people with learning disabilities,1,Telephone,01637 416444
page_000029.json,X107369,1-1841859942,Lowenac,1,SRV0315,Care services for people with learning disabilities,2,PhoneExt,
page_000029.json,X107462,RKL42,Hounslow Talking Therapies,1,SRV0339,"NHS psychological therapies services (IAPT), including cognitive behavioural therapy (CBT) ",1,Telephone,0300 123 0739
page_000029.json,X107462,RKL42,Hounslow Talking Therapies,1,SRV0339,"NHS psychological therapies services (IAPT), including cognitive behavioural therapy (CBT) ",2,PhoneExt,
page_000029.json,X107462,RKL42,Hounslow Talking Therapies,1,SRV0339,"NHS psychological therapies services (IAPT), including cognitive behavioural therapy (CBT) ",3,Email,wlm-tr.talkingtherapies.hounslow@nhs.net
page_000029.json,X107462,RKL42,Hounslow Talking Therapies,1,SRV0339,"NHS psychological therapies services (IAPT), including cognitive behavioural therapy (CBT) ",4,Website,https://www.westlondon.nhs.uk/hounslow-talking-therapies
page_000029.json,X107531,RXGAA,NHS Barnsley Talking Therapies,1,SRV0339,"NHS psychological therapies services (IAPT), including cognitive behavioural therapy (CBT) ",1,Telephone,01226 644900
page_000029.json,X107531,RXGAA,NHS Barnsley Talking Therapies,1,SRV0339,"NHS psychological therapies services (IAPT), including cognitive behavioural therapy (CBT) ",2,PhoneExt,
page_000029.json,X107531,RXGAA,NHS Barnsley Talking Therapies,1,SRV0339,"NHS psychological therapies services (IAPT), including cognitive behavioural therapy (CBT) ",3,Email,barnsley.talkingtherapies@swyt.nhs.uk
page_000029.json,X107531,RXGAA,NHS Barnsley Talking Therapies,1,SRV0339,"NHS psychological therapies services (IAPT), including cognitive behavioural therapy (CBT) ",4,Website,https://barnsley-talkingtherapies.nhs.uk/
page_000029.json,X107536,AM701,Sign Health,1,SRV0339,"NHS psychological therapies services (IAPT), including cognitive behavioural therapy (CBT) ",1,Telephone,020 3947 2600
page_000029.json,X107536,AM701,Sign Health,1,SRV0339,"NHS psychological therapies services (IAPT), including cognitive behavioural therapy (CBT) ",2,PhoneExt,
page_000029.json,X107536,AM701,Sign Health,1,SRV0339,"NHS psychological therapies services (IAPT), including cognitive behavioural therapy (CBT) ",3,Email,info@signhealth.org.uk
page_000029.json,X107536,AM701,Sign Health,1,SRV0339,"NHS psychological therapies services (IAPT), including cognitive behavioural therapy (CBT) ",4,Website,https://gateway.mayden.co.uk/referral-v2/fc684e57-b052-4fec-99ac-5c46ce74a33a
page_000029.json,X107544,AMC01,Manchester Psychological Wellbeing Service,1,SRV0339,"NHS psychological therapies services (IAPT), including cognitive behavioural therapy (CBT) ",1,Telephone,0161 226 3871
page_000029.json,X107544,AMC01,Manchester Psychological Wellbeing Service,1,SRV0339,"NHS psychological therapies services (IAPT), including cognitive behavioural therapy (CBT) ",2,PhoneExt,
page_000029.json,X107544,AMC01,Manchester Psychological Wellbeing Service,1,SRV0339,"NHS psychological therapies services (IAPT), including cognitive behavioural therapy (CBT) ",3,Email,
page_000029.json,X107544,AMC01,Manchester Psychological Wellbeing Service,1,SRV0339,"NHS psychological therapies services (IAPT), including cognitive behavioural therapy (CBT) ",4,Website,https://www.selfhelpservices.org.uk/directory-of-services/
page_000029.json,X107547,AM001,Let's Talk Relationships,1,SRV0339,"NHS psychological therapies services (IAPT), including cognitive behavioural therapy (CBT) ",1,Telephone,0127 472 6096
page_000029.json,X107547,AM001,Let's Talk Relationships,1,SRV0339,"NHS psychological therapies services (IAPT), including cognitive behavioural therapy (CBT) ",2,PhoneExt,
page_000029.json,X107547,AM001,Let's Talk Relationships,1,SRV0339,"NHS psychological therapies services (IAPT), including cognitive behavioural therapy (CBT) ",3,Email,info@ltrelationships.org
page_000029.json,X107547,AM001,Let's Talk Relationships,1,SRV0339,"NHS psychological therapies services (IAPT), including cognitive behavioural therapy (CBT) ",4,Website,https://talklistenchange.org.uk/make-an-appointment/
page_000029.json,X107552,AM601,Mindler,1,SRV0339,"NHS psychological therapies services (IAPT), including cognitive behavioural therapy (CBT) ",1,Telephone,0800 074 5560
page_000029.json,X107552,AM601,Mindler,1,SRV0339,"NHS psychological therapies services (IAPT), including cognitive behavioural therapy (CBT) ",2,PhoneExt,
page_000029.json,X107552,AM601,Mindler,1,SRV0339,"NHS psychological therapies services (IAPT), including cognitive behavioural therapy (CBT) ",3,Email,hello@mindler.co.uk
page_000029.json,X107552,AM601,Mindler,1,SRV0339,"NHS psychological therapies services (IAPT), including cognitive behavioural therapy (CBT) ",4,Website,https://www.iesohealth.com/refer
page_000029.json,X107556,AMD01,The Kaleidoscope Plus Group,1,SRV0339,"NHS psychological therapies services (IAPT), including cognitive behavioural therapy (CBT) ",1,Telephone,0303 033 9903
page_000029.json,X107556,AMD01,The Kaleidoscope Plus Group,1,SRV0339,"NHS psychological therapies services (IAPT), including cognitive behavioural therapy (CBT) ",2,PhoneExt,
page_000029.json,X107556,AMD01,The Kaleidoscope Plus Group,1,SRV0339,"NHS psychological therapies services (IAPT), including cognitive behavioural therapy (CBT) ",3,Email,info@kaleidoscopeplus.org.uk
page_000029.json,X107556,AMD01,The Kaleidoscope Plus Group,1,SRV0339,"NHS psychological therapies services (IAPT), including cognitive behavioural therapy (CBT) ",4,Website,https://www.kaleidoscopeplus.org.uk/counselling-referral-form/
page_000029.json,X107563,AME01,Mind in Bexley,1,SRV0339,"NHS psychological therapies services (IAPT), including cognitive behavioural therapy (CBT) ",1,Telephone,020 8303 5816
page_000029.json,X107563,AME01,Mind in Bexley,1,SRV0339,"NHS psychological therapies services (IAPT), including cognitive behavioural therapy (CBT) ",2,PhoneExt,
page_000029.json,X107563,AME01,Mind in Bexley,1,SRV0339,"NHS psychological therapies services (IAPT), including cognitive behavioural therapy (CBT) ",3,Email,info@mindinbexley.org.uk
page_000029.json,X107563,AME01,Mind in Bexley,1,SRV0339,"NHS psychological therapies services (IAPT), including cognitive behavioural therapy (CBT) ",4,Website,http://mindinbexley.org.uk/self-refer/
page_000029.json,X107575,AML01,1Point (North West),1,SRV0339,"NHS psychological therapies services (IAPT), including cognitive behavioural therapy (CBT) ",1,Telephone,01204 917 744
page_000029.json,X107575,AML01,1Point (North West),1,SRV0339,"NHS psychological therapies services (IAPT), including cognitive behavioural therapy (CBT) ",2,PhoneExt,
page_000029.json,X107575,AML01,1Point (North West),1,SRV0339,"NHS psychological therapies services (IAPT), including cognitive behavioural therapy (CBT) ",3,Email,office@1pointbolton.org.uk
page_000029.json,X107575,AML01,1Point (North West),1,SRV0339,"NHS psychological therapies services (IAPT), including cognitive behavioural therapy (CBT) ",4,Website,http://www.1pointbolton.org.uk
page_000029.json,X107587,RP717,Steps2Change Spalding,1,SRV0339,"NHS psychological therapies services (IAPT), including cognitive behavioural therapy (CBT) ",1,Telephone,0303 123 4000
page_000029.json,X107587,RP717,Steps2Change Spalding,1,SRV0339,"NHS psychological therapies services (IAPT), including cognitive behavioural therapy (CBT) ",2,PhoneExt,
page_000029.json,X107587,RP717,Steps2Change Spalding,1,SRV0339,"NHS psychological therapies services (IAPT), including cognitive behavioural therapy (CBT) ",3,Email,lincs.spa@nhs.net
page_000029.json,X107587,RP717,Steps2Change Spalding,1,SRV0339,"NHS psychological therapies services (IAPT), including cognitive behavioural therapy (CBT) ",4,Website,https://gateway.mayden.co.uk/referral-v2/c2ce2fcb-3586-4e64-8405-deac6ce440b1
page_000029.json,X107770,1-1875262134,Wheal Gerry,1,SRV0315,Care services for people with learning disabilities,1,Telephone,01637 416444
page_000029.json,X107770,1-1875262134,Wheal Gerry,1,SRV0315,Care services for people with learning disabilities,2,PhoneExt,
page_000029.json,X107834,1-1868442100,Hayward Care Centre,2,SRV0317,Caring for adults over 65,1,Telephone,01993 323232
page_000029.json,X107834,1-1868442100,Hayward Care Centre,2,SRV0317,Caring for adults over 65,2,PhoneExt,
page_000029.json,X107960,1-1894520611,Prince George House,1,SRV0314,Care services for people with dementia,1,Telephone,01342 337220
page_000029.json,X107960,1-1894520611,Prince George House,1,SRV0314,Care services for people with dementia,2,PhoneExt,
page_000029.json,X108014,NR536,Livewell Southwest,1,SRV0339,"NHS psychological therapies services (IAPT), including cognitive behavioural therapy (CBT) ",1,Telephone,01752 435 419
page_000029.json,X108014,NR536,Livewell Southwest,1,SRV0339,"NHS psychological therapies services (IAPT), including cognitive behavioural therapy (CBT) ",2,PhoneExt,
page_000029.json,X108014,NR536,Livewell Southwest,1,SRV0339,"NHS psychological therapies services (IAPT), including cognitive behavioural therapy (CBT) ",3,Email,pchcic.plymouthoptions@nhs.net
page_000029.json,X108014,NR536,Livewell Southwest,1,SRV0339,"NHS psychological therapies services (IAPT), including cognitive behavioural therapy (CBT) ",4,Website,https://www.livewellsouthwest.co.uk/plymouth-options
page_000029.json,X108043,1-1931997555,Nottingham DCA,1,SRV0315,Care services for people with learning disabilities,1,Telephone,0800 0884 377
page_000029.json,X108043,1-1931997555,Nottingham DCA,1,SRV0315,Care services for people with learning disabilities,2,PhoneExt,
page_000030.json,X108324,RXEDM,NHS Doncaster Talking Therapies,1,SRV0339,"NHS psychological therapies services (IAPT), including cognitive behavioural therapy (CBT) ",1,Telephone,03000 211 563
page_000030.json,X108324,RXEDM,NHS Doncaster Talking Therapies,1,SRV0339,"NHS psychological therapies services (IAPT), including cognitive behavioural therapy (CBT) ",2,PhoneExt,
page_000030.json,X108324,RXEDM,NHS Doncaster Talking Therapies,1,SRV0339,"NHS psychological therapies services (IAPT), including cognitive behavioural therapy (CBT) ",3,Email,
page_000030.json,X108324,RXEDM,NHS Doncaster Talking Therapies,1,SRV0339,"NHS psychological therapies services (IAPT), including cognitive behavioural therapy (CBT) ",4,Website,https://systmonline.tpp-uk.com/2/OnlineConsultation?OrgId=655737277567
page_000030.json,X108453,1-1940421518,Comprigney Vean,1,SRV0315,Care services for people with learning disabilities,1,Telephone,01637 416444
page_000030.json,X108453,1-1940421518,Comprigney Vean,1,SRV0315,Care services for people with learning disabilities,2,PhoneExt,
page_000030.json,X108620,1-1944245770,Home Help Watford,1,SRV0314,Care services for people with dementia,1,Telephone,01923 461869
page_000030.json,X108620,1-1944245770,Home Help Watford,1,SRV0314,Care services for people with dementia,2,PhoneExt,
page_000030.json,X108620,1-1944245770,Home Help Watford,2,SRV0317,Caring for adults over 65,1,Telephone,01923 461869
page_000030.json,X108620,1-1944245770,Home Help Watford,2,SRV0317,Caring for adults over 65,2,PhoneExt,
page_000030.json,X108620,1-1944245770,Home Help Watford,3,SRV0323,Caring for adults under 65,1,Telephone,01923 461869
page_000030.json,X108620,1-1944245770,Home Help Watford,3,SRV0323,Caring for adults under 65,2,PhoneExt,
page_000030.json,X108620,1-1944245770,Home Help Watford,4,SRV0321,Physical disabilities,1,Telephone,01923 461869
page_000030.json,X108620,1-1944245770,Home Help Watford,4,SRV0321,Physical disabilities,2,PhoneExt,
page_000030.json,X108620,1-1944245770,Home Help Watford,5,SRV0322,Sensory impairments,1,Telephone,01923 461869
page_000030.json,X108620,1-1944245770,Home Help Watford,5,SRV0322,Sensory impairments,2,PhoneExt,
page_000030.json,X108672,1-1954893701,Cleves Place,1,SRV0314,Care services for people with dementia,1,Telephone,01342 337220
page_000030.json,X108672,1-1954893701,Cleves Place,1,SRV0314,Care services for people with dementia,2,PhoneExt,
page_000030.json,X108888,1-1988088327,Spiritual Inspiration Ltd,1,SRV0314,Care services for people with dementia,1,Telephone,01606 835574
page_000030.json,X108888,1-1988088327,Spiritual Inspiration Ltd,1,SRV0314,Care services for people with dementia,2,PhoneExt,
page_000030.json,X108888,1-1988088327,Spiritual Inspiration Ltd,2,SRV0315,Care services for people with learning disabilities,1,Telephone,01606 835574
page_000030.json,X108888,1-1988088327,Spiritual Inspiration Ltd,2,SRV0315,Care services for people with learning disabilities,2,PhoneExt,
page_000030.json,X108888,1-1988088327,Spiritual Inspiration Ltd,3,SRV0317,Caring for adults over 65,1,Telephone,01606835574
page_000030.json,X108888,1-1988088327,Spiritual Inspiration Ltd,3,SRV0317,Caring for adults over 65,2,PhoneExt,
page_000030.json,X108888,1-1988088327,Spiritual Inspiration Ltd,4,SRV0323,Caring for adults under 65,1,Telephone,01606 835574
page_000030.json,X108888,1-1988088327,Spiritual Inspiration Ltd,4,SRV0323,Caring for adults under 65,2,PhoneExt,
page_000030.json,X108888,1-1988088327,Spiritual Inspiration Ltd,5,SRV0316,Mental health conditions,1,Telephone,01606 835574
page_000030.json,X108888,1-1988088327,Spiritual Inspiration Ltd,5,SRV0316,Mental health conditions,2,PhoneExt,
page_000030.json,X108888,1-1988088327,Spiritual Inspiration Ltd,6,SRV0321,Physical disabilities,1,Telephone,01606 835574
page_000030.json,X108888,1-1988088327,Spiritual Inspiration Ltd,6,SRV0321,Physical disabilities,2,PhoneExt,
page_000030.json,X108888,1-1988088327,Spiritual Inspiration Ltd,7,SRV0322,Sensory impairments,1,Telephone,01606 835574
page_000030.json,X108888,1-1988088327,Spiritual Inspiration Ltd,7,SRV0322,Sensory impairments,2,PhoneExt,
page_000030.json,X109077,V005817,Chesterfield Orthodontics,1,SRV0087,Braces and other orthodontic treatment,1,Website,https:\\\\\\\\\\\\\\\\\\\\\\\\\\\\\\\\\\\\\\\\\\\\\\\\\\\\\\\\\\\\\\\\\\\\\\\\\\\\\\\\\\\\\\\\\\\\\\\\/\\\\\\\\\\\\\\\\\\\\\\\\\\\\\\\\\\\\\\\\\\\\\\\\\\\\\\\\\\\\\\\\\\\\\\\\\\\\\\\\\\\\\\\\\\\\\\\\/chesterfieldortho.co.uk\\\\\\\\\\\\\\\\\\\\\\\\\\\\\\\\\\\\\\\\\\\\\\\\\\\\\\\\\\\\\\\\\\\\\\\\\\\\\\\\\\\\\\\\\\\\\\\\/
page_000030.json,X109130,1-2021485147,Dukeminster Court,2,SRV0317,Caring for adults over 65,1,Telephone,01992 450304
page_000030.json,X109130,1-2021485147,Dukeminster Court,2,SRV0317,Caring for adults over 65,2,PhoneExt,
page_000030.json,X109133,1-2027666173,Fern Brook Lodge,2,SRV0317,Caring for adults over 65,1,Telephone,01202 746640
page_000030.json,X109133,1-2027666173,Fern Brook Lodge,2,SRV0317,Caring for adults over 65,2,PhoneExt,
page_000030.json,X109205,1-1995398218,Shaftesbury Ashley Place,2,SRV0315,Care services for people with learning disabilities,1,Telephone,01202 521985
page_000030.json,X109205,1-1995398218,Shaftesbury Ashley Place,2,SRV0315,Care services for people with learning disabilities,2,PhoneExt,
page_000030.json,X109335,1-1966400806,Cedrus House,1,SRV0314,Care services for people with dementia,1,Telephone,01342 337220
page_000030.json,X109335,1-1966400806,Cedrus House,1,SRV0314,Care services for people with dementia,2,PhoneExt,
page_000030.json,X109412,1-1993714723,RA Care Services Limited,1,SRV0314,Care services for people with dementia,1,Telephone,07969559041
page_000030.json,X109412,1-1993714723,RA Care Services Limited,1,SRV0314,Care services for people with dementia,2,PhoneExt,
page_000030.json,X109450,1-2033652302,Carers Break Community Interest Company,4,SRV0323,Caring for adults under 65,1,Telephone,01726 890828
page_000030.json,X109450,1-2033652302,Carers Break Community Interest Company,4,SRV0323,Caring for adults under 65,2,PhoneExt,
page_000030.json,X109450,1-2033652302,Carers Break Community Interest Company,6,SRV0321,Physical disabilities,1,Telephone,01726 890828
page_000030.json,X109450,1-2033652302,Carers Break Community Interest Company,6,SRV0321,Physical disabilities,2,PhoneExt,
page_000030.json,X109450,1-2033652302,Carers Break Community Interest Company,7,SRV0322,Sensory impairments,1,Telephone,01726 890828
page_000030.json,X109450,1-2033652302,Carers Break Community Interest Company,7,SRV0322,Sensory impairments,2,PhoneExt,
page_000030.json,X109551,NWX08,Brighton and Hove Wellbeing Service,1,SRV0339,"NHS psychological therapies services (IAPT), including cognitive behavioural therapy (CBT) ",1,Telephone,0300 002 0060
page_000030.json,X109551,NWX08,Brighton and Hove Wellbeing Service,1,SRV0339,"NHS psychological therapies services (IAPT), including cognitive behavioural therapy (CBT) ",2,PhoneExt,
page_000030.json,X109551,NWX08,Brighton and Hove Wellbeing Service,1,SRV0339,"NHS psychological therapies services (IAPT), including cognitive behavioural therapy (CBT) ",3,Email,BrightonWellbeing@spft.nhs.uk
page_000030.json,X109551,NWX08,Brighton and Hove Wellbeing Service,1,SRV0339,"NHS psychological therapies services (IAPT), including cognitive behavioural therapy (CBT) ",4,Website,https://www.brightonandhovewellbeing.org/referrals
page_000030.json,X109587,RP7YW,Steps2Change Sleaford,1,SRV0339,"NHS psychological therapies services (IAPT), including cognitive behavioural therapy (CBT) ",1,Telephone,0303 123 4000
page_000030.json,X109587,RP7YW,Steps2Change Sleaford,1,SRV0339,"NHS psychological therapies services (IAPT), including cognitive behavioural therapy (CBT) ",2,PhoneExt,
page_000030.json,X109587,RP7YW,Steps2Change Sleaford,1,SRV0339,"NHS psychological therapies services (IAPT), including cognitive behavioural therapy (CBT) ",3,Email,lincs.spa@nhs.net
page_000030.json,X109587,RP7YW,Steps2Change Sleaford,1,SRV0339,"NHS psychological therapies services (IAPT), including cognitive behavioural therapy (CBT) ",4,Website,https://gateway.mayden.co.uk/referral-v2/c2ce2fcb-3586-4e64-8405-deac6ce440b1
page_000030.json,X109603,RWXJC,Finchampstead Road,1,SRV0228,Musculo-skeletal services,1,Telephone,0118 932 4610
page_000030.json,X109603,RWXJC,Finchampstead Road,1,SRV0228,Musculo-skeletal services,2,PhoneExt,
page_000030.json,X109771,RW41G,NHS Talking Therapies Liverpool,1,SRV0339,"NHS psychological therapies services (IAPT), including cognitive behavioural therapy (CBT) ",1,Telephone,0151 228 2300
page_000030.json,X109771,RW41G,NHS Talking Therapies Liverpool,1,SRV0339,"NHS psychological therapies services (IAPT), including cognitive behavioural therapy (CBT) ",2,PhoneExt,
page_000030.json,X109771,RW41G,NHS Talking Therapies Liverpool,1,SRV0339,"NHS psychological therapies services (IAPT), including cognitive behavioural therapy (CBT) ",3,Email,
page_000030.json,X109771,RW41G,NHS Talking Therapies Liverpool,1,SRV0339,"NHS psychological therapies services (IAPT), including cognitive behavioural therapy (CBT) ",4,Website,https://gateway.mayden.co.uk/referral-v2/7e30e1bf-9bb2-411a-8e4c-eb201bf5f1e6
page_000030.json,X110013,RREV0,"Shropshire, Telford and Wrekin NHS Talking Therapies",1,SRV0339,"NHS psychological therapies services (IAPT), including cognitive behavioural therapy (CBT) ",1,Telephone,0300 123 6020
page_000030.json,X110013,RREV0,"Shropshire, Telford and Wrekin NHS Talking Therapies",1,SRV0339,"NHS psychological therapies services (IAPT), including cognitive behavioural therapy (CBT) ",2,PhoneExt,
page_000030.json,X110013,RREV0,"Shropshire, Telford and Wrekin NHS Talking Therapies",1,SRV0339,"NHS psychological therapies services (IAPT), including cognitive behavioural therapy (CBT) ",3,Email,STWTT@mpft.nhs.uk
page_000030.json,X110013,RREV0,"Shropshire, Telford and Wrekin NHS Talking Therapies",1,SRV0339,"NHS psychological therapies services (IAPT), including cognitive behavioural therapy (CBT) ",4,Website,https://www.mpft.nhs.uk/services/talking-therapies/shropshire-telford-and-wrekin-talking-therapies/self-refer
page_000031.json,X110338,1-2095121638,Ivy Court,1,SRV0314,Care services for people with dementia,1,Telephone,0808 223 5407
page_000031.json,X110338,1-2095121638,Ivy Court,1,SRV0314,Care services for people with dementia,2,PhoneExt,
page_000031.json,X110425,1-2104937207,Cavell Court,1,SRV0314,Care services for people with dementia,1,Telephone,01342 337220
page_000031.json,X110425,1-2104937207,Cavell Court,1,SRV0314,Care services for people with dementia,2,PhoneExt,
page_000031.json,X1107,RRVNQ,"National Hospital For Neurology and Neurosurgery, Queen Square",1,SRV0019,Cognitive behavioural therapy services,1,Telephone,020 7391 8888
page_000031.json,X1107,RRVNQ,"National Hospital For Neurology and Neurosurgery, Queen Square",1,SRV0019,Cognitive behavioural therapy services,2,PhoneExt,
page_000031.json,X110738,ALR01,Living Well Consortium,1,SRV0339,"NHS psychological therapies services (IAPT), including cognitive behavioural therapy (CBT) ",1,Telephone,0121 663 1217
page_000031.json,X110738,ALR01,Living Well Consortium,1,SRV0339,"NHS psychological therapies services (IAPT), including cognitive behavioural therapy (CBT) ",2,PhoneExt,
page_000031.json,X110738,ALR01,Living Well Consortium,1,SRV0339,"NHS psychological therapies services (IAPT), including cognitive behavioural therapy (CBT) ",3,Email,info@livingwell-consortium.com
page_000031.json,X110738,ALR01,Living Well Consortium,1,SRV0339,"NHS psychological therapies services (IAPT), including cognitive behavioural therapy (CBT) ",4,Website,https://livingwellconsortium.com/do-you-need-help/
page_000031.json,X110922,1-2149482237,Bluebird Care (Leicester),1,SRV0314,Care services for people with dementia,1,Telephone,0116 217 1405
page_000031.json,X110922,1-2149482237,Bluebird Care (Leicester),1,SRV0314,Care services for people with dementia,2,PhoneExt,
page_000031.json,X110949,RWK3C,Bedfordshire Talking Therapies,1,SRV0339,"NHS psychological therapies services (IAPT), including cognitive behavioural therapy (CBT) ",1,Telephone,01234 880400
page_000031.json,X110949,RWK3C,Bedfordshire Talking Therapies,1,SRV0339,"NHS psychological therapies services (IAPT), including cognitive behavioural therapy (CBT) ",2,PhoneExt,
page_000031.json,X110949,RWK3C,Bedfordshire Talking Therapies,1,SRV0339,"NHS psychological therapies services (IAPT), including cognitive behavioural therapy (CBT) ",3,Email,elft.bedfordshiretalkingtherapies@nhs.net
page_000031.json,X110949,RWK3C,Bedfordshire Talking Therapies,1,SRV0339,"NHS psychological therapies services (IAPT), including cognitive behavioural therapy (CBT) ",4,Website,https://gateway.mayden.co.uk/referral-v2/df79f95f-90a2-46a2-9893-d25632d6a9c5
page_000031.json,X111199,NO204,NHS Northumberland Talking Therapies,1,SRV0339,"NHS psychological therapies services (IAPT), including cognitive behavioural therapy (CBT) ",1,Telephone,0300 30 30 700
page_000031.json,X111199,NO204,NHS Northumberland Talking Therapies,1,SRV0339,"NHS psychological therapies services (IAPT), including cognitive behavioural therapy (CBT) ",2,PhoneExt,
page_000031.json,X111199,NO204,NHS Northumberland Talking Therapies,1,SRV0339,"NHS psychological therapies services (IAPT), including cognitive behavioural therapy (CBT) ",3,Email,ntt.info@nhs.net
page_000031.json,X111199,NO204,NHS Northumberland Talking Therapies,1,SRV0339,"NHS psychological therapies services (IAPT), including cognitive behavioural therapy (CBT) ",4,Website,https://www.mhm.org.uk/talking-therapies-northumberland
page_000031.json,X111270,RDY48,Steps 2 Wellbeing (Bournemouth and Christchurch),1,SRV0339,"NHS psychological therapies services (IAPT), including cognitive behavioural therapy (CBT) ",1,Telephone,0800 484 0500
page_000031.json,X111270,RDY48,Steps 2 Wellbeing (Bournemouth and Christchurch),1,SRV0339,"NHS psychological therapies services (IAPT), including cognitive behavioural therapy (CBT) ",2,PhoneExt,
page_000031.json,X111270,RDY48,Steps 2 Wellbeing (Bournemouth and Christchurch),1,SRV0339,"NHS psychological therapies services (IAPT), including cognitive behavioural therapy (CBT) ",3,Email,dhc.s2w.urban.admin@nhs.net
page_000031.json,X111270,RDY48,Steps 2 Wellbeing (Bournemouth and Christchurch),1,SRV0339,"NHS psychological therapies services (IAPT), including cognitive behavioural therapy (CBT) ",4,Website,https://gateway.mayden.co.uk/referral-v2/468cc192-7135-4079-a023-d0d10c7ec60c
page_000032.json,X112447,RMYMG,Wellbeing Suffolk,1,SRV0339,"NHS psychological therapies services (IAPT), including cognitive behavioural therapy (CBT) ",1,Telephone,0300 123 1503
page_000032.json,X112447,RMYMG,Wellbeing Suffolk,1,SRV0339,"NHS psychological therapies services (IAPT), including cognitive behavioural therapy (CBT) ",2,PhoneExt,
page_000032.json,X112447,RMYMG,Wellbeing Suffolk,1,SRV0339,"NHS psychological therapies services (IAPT), including cognitive behavioural therapy (CBT) ",3,Email,wellbeing.suffolk@nsft.nhs.uk
page_000032.json,X112447,RMYMG,Wellbeing Suffolk,1,SRV0339,"NHS psychological therapies services (IAPT), including cognitive behavioural therapy (CBT) ",4,Website,https://gateway.mayden.co.uk/referral-v2/5b694040-d2ea-41e4-a756-ea559f5ef112
page_000032.json,X112630,1-2193791015,OSJCT Mayott House,2,SRV0317,Caring for adults over 65,1,Telephone,01993 323232
page_000032.json,X112630,1-2193791015,OSJCT Mayott House,2,SRV0317,Caring for adults over 65,2,PhoneExt,
page_000032.json,X112656,1-2184288474,Abney Court,1,SRV0314,Care services for people with dementia,1,Telephone,01342 337220
page_000032.json,X112656,1-2184288474,Abney Court,1,SRV0314,Care services for people with dementia,2,PhoneExt,
page_000032.json,X112664,1-2209805576,Home Instead Leek and Moorlands,1,SRV0314,Care services for people with dementia,1,Telephone,01538 372179
page_000032.json,X112664,1-2209805576,Home Instead Leek and Moorlands,1,SRV0314,Care services for people with dementia,2,PhoneExt,
page_000032.json,X112664,1-2209805576,Home Instead Leek and Moorlands,3,SRV0317,Caring for adults over 65,1,Telephone,01538 372179
page_000032.json,X112664,1-2209805576,Home Instead Leek and Moorlands,3,SRV0317,Caring for adults over 65,2,PhoneExt,
page_000032.json,X113153,1-2238558165,Garden City Court,2,SRV0317,Caring for adults over 65,1,Telephone,01992 450304
page_000032.json,X113153,1-2238558165,Garden City Court,2,SRV0317,Caring for adults over 65,2,PhoneExt,
page_000032.json,X113216,1-2215371265,OSJCT Moorside Place,3,SRV0317,Caring for adults over 65,1,Telephone,01993 323232
page_000032.json,X113216,1-2215371265,OSJCT Moorside Place,3,SRV0317,Caring for adults over 65,2,PhoneExt,
page_000032.json,X113287,RVNN1,B&NES Talking Therapies,1,SRV0339,"NHS psychological therapies services (IAPT), including cognitive behavioural therapy (CBT) ",1,Telephone,01225 675 150
page_000032.json,X113287,RVNN1,B&NES Talking Therapies,1,SRV0339,"NHS psychological therapies services (IAPT), including cognitive behavioural therapy (CBT) ",2,PhoneExt,
page_000032.json,X113287,RVNN1,B&NES Talking Therapies,1,SRV0339,"NHS psychological therapies services (IAPT), including cognitive behavioural therapy (CBT) ",3,Email,awp.banes-talkingtherapies@nhs.net
page_000032.json,X113287,RVNN1,B&NES Talking Therapies,1,SRV0339,"NHS psychological therapies services (IAPT), including cognitive behavioural therapy (CBT) ",4,Website,https://www.awp.nhs.uk/talkingtherapies/self-refer-today
page_000032.json,X113316,RV9AP,East Riding Emotional Wellbeing Service,1,SRV0339,"NHS psychological therapies services (IAPT), including cognitive behavioural therapy (CBT) ",1,Telephone,01482 335 451
page_000032.json,X113316,RV9AP,East Riding Emotional Wellbeing Service,1,SRV0339,"NHS psychological therapies services (IAPT), including cognitive behavioural therapy (CBT) ",2,PhoneExt,
page_000032.json,X113316,RV9AP,East Riding Emotional Wellbeing Service,1,SRV0339,"NHS psychological therapies services (IAPT), including cognitive behavioural therapy (CBT) ",3,Email,HNF-TR.SelfReferral@nhs.net
page_000032.json,X113316,RV9AP,East Riding Emotional Wellbeing Service,1,SRV0339,"NHS psychological therapies services (IAPT), including cognitive behavioural therapy (CBT) ",4,Website,https://www.iaptportal.co.uk/erew.html
page_000032.json,X113449,1-2129691212,Elysium Neurological Services (Adderley) Limited,1,SRV0323,Caring for adults under 65,1,Telephone,01782 337500
page_000032.json,X113449,1-2129691212,Elysium Neurological Services (Adderley) Limited,1,SRV0323,Caring for adults under 65,2,PhoneExt,
page_000032.json,X113480,1-2241939850,Adderley Green Care Centre,3,SRV0323,Caring for adults under 65,1,Telephone,01782 337500
page_000032.json,X113480,1-2241939850,Adderley Green Care Centre,3,SRV0323,Caring for adults under 65,2,PhoneExt,
page_000032.json,X113521,1-2179886227,Hartismere Place,1,SRV0314,Care services for people with dementia,1,Telephone,01342 337220
page_000032.json,X113521,1-2179886227,Hartismere Place,1,SRV0314,Care services for people with dementia,2,PhoneExt,
page_000032.json,X113670,RDE03,Ipswich Hospital,1,SRV0001,Accident and emergency services,1,Telephone,01473 712233
page_000032.json,X113670,RDE03,Ipswich Hospital,1,SRV0001,Accident and emergency services,2,PhoneExt,
page_000033.json,X114199,RQX20,St Leonard,1,SRV0339,"NHS psychological therapies services (IAPT), including cognitive behavioural therapy (CBT) ",1,Telephone,020 7683 4278
page_000033.json,X114199,RQX20,St Leonard,1,SRV0339,"NHS psychological therapies services (IAPT), including cognitive behavioural therapy (CBT) ",2,PhoneExt,
page_000033.json,X114199,RQX20,St Leonard,1,SRV0339,"NHS psychological therapies services (IAPT), including cognitive behavioural therapy (CBT) ",3,Email,huh-tr.talkingtherapy@nhs.net
page_000033.json,X114199,RQX20,St Leonard,1,SRV0339,"NHS psychological therapies services (IAPT), including cognitive behavioural therapy (CBT) ",4,Website,https://www.iaptportal.co.uk/ch.html
page_000033.json,X114348,1-2327510942,The Birches,2,SRV0323,Caring for adults under 65,1,Telephone,01299 404929
page_000033.json,X114348,1-2327510942,The Birches,2,SRV0323,Caring for adults under 65,2,PhoneExt,
page_000033.json,X114564,1-2384458741,Avante Home Care and Support Service,1,SRV0314,Care services for people with dementia,1,Telephone,01795 597431
page_000033.json,X114564,1-2384458741,Avante Home Care and Support Service,1,SRV0314,Care services for people with dementia,2,PhoneExt,
page_000033.json,X114564,1-2384458741,Avante Home Care and Support Service,3,SRV0317,Caring for adults over 65,1,Telephone,01795 597431
page_000033.json,X114564,1-2384458741,Avante Home Care and Support Service,3,SRV0317,Caring for adults over 65,2,PhoneExt,
page_000033.json,X115860,NNE01,DHC Talking Therapies,1,SRV0339,"NHS psychological therapies services (IAPT), including cognitive behavioural therapy (CBT) ",1,Telephone,01483 906392
page_000033.json,X115860,NNE01,DHC Talking Therapies,1,SRV0339,"NHS psychological therapies services (IAPT), including cognitive behavioural therapy (CBT) ",2,PhoneExt,
page_000033.json,X115860,NNE01,DHC Talking Therapies,1,SRV0339,"NHS psychological therapies services (IAPT), including cognitive behavioural therapy (CBT) ",3,Email,iapt.dhc@nhs.net
page_000033.json,X115860,NNE01,DHC Talking Therapies,1,SRV0339,"NHS psychological therapies services (IAPT), including cognitive behavioural therapy (CBT) ",4,Website,https://dhctalkingtherapies.co.uk/self-referral/
page_000034.json,X117354,1-2397838058,Glastonbury Court,1,SRV0314,Care services for people with dementia,1,Telephone,01342 337220
page_000034.json,X117354,1-2397838058,Glastonbury Court,1,SRV0314,Care services for people with dementia,2,PhoneExt,
page_000035.json,X118663,1-2399992260,Southlands Place,1,SRV0314,Care services for people with dementia,1,Telephone,0808 223 5407
page_000035.json,X118663,1-2399992260,Southlands Place,1,SRV0314,Care services for people with dementia,2,PhoneExt,
page_000035.json,X119094,1-2480672492,Mountfitchet House,1,SRV0314,Care services for people with dementia,1,Telephone,01342 337220
page_000035.json,X119094,1-2480672492,Mountfitchet House,1,SRV0314,Care services for people with dementia,2,PhoneExt,
page_000035.json,X119672,RV5CG,Southwark IAPT,1,SRV0339,"NHS psychological therapies services (IAPT), including cognitive behavioural therapy (CBT) ",1,Telephone,0203 228 2194
page_000035.json,X119672,RV5CG,Southwark IAPT,1,SRV0339,"NHS psychological therapies services (IAPT), including cognitive behavioural therapy (CBT) ",2,PhoneExt,
page_000035.json,X119672,RV5CG,Southwark IAPT,1,SRV0339,"NHS psychological therapies services (IAPT), including cognitive behavioural therapy (CBT) ",3,Email,slm-tr.SPTS@nhs.net
page_000035.json,X119672,RV5CG,Southwark IAPT,1,SRV0339,"NHS psychological therapies services (IAPT), including cognitive behavioural therapy (CBT) ",4,Website,https://gateway.mayden.co.uk/referral-v2/28f75d9d-7d4b-4b5f-9775-815ddb637926
page_000035.json,X119673,RV5CH,Lewisham Talking Therapies,1,SRV0339,"NHS psychological therapies services (IAPT), including cognitive behavioural therapy (CBT) ",1,Telephone,020 3228 1350
page_000035.json,X119673,RV5CH,Lewisham Talking Therapies,1,SRV0339,"NHS psychological therapies services (IAPT), including cognitive behavioural therapy (CBT) ",2,PhoneExt,
page_000035.json,X119673,RV5CH,Lewisham Talking Therapies,1,SRV0339,"NHS psychological therapies services (IAPT), including cognitive behavioural therapy (CBT) ",3,Email,slm-tr.IAPTLewisham@nhs.net
page_000035.json,X119673,RV5CH,Lewisham Talking Therapies,1,SRV0339,"NHS psychological therapies services (IAPT), including cognitive behavioural therapy (CBT) ",4,Website,https://lewishamtalkingtherapies.nhs.uk/refer-yourself/
page_000035.json,X119674,RV5CJ,Croydon Talking Therapies,1,SRV0339,"NHS psychological therapies services (IAPT), including cognitive behavioural therapy (CBT) ",1,Telephone,020 3228 4040
page_000035.json,X119674,RV5CJ,Croydon Talking Therapies,1,SRV0339,"NHS psychological therapies services (IAPT), including cognitive behavioural therapy (CBT) ",2,PhoneExt,
page_000035.json,X119674,RV5CJ,Croydon Talking Therapies,1,SRV0339,"NHS psychological therapies services (IAPT), including cognitive behavioural therapy (CBT) ",3,Email,CroydonIAPT@Slam.nhs.uk
page_000035.json,X119674,RV5CJ,Croydon Talking Therapies,1,SRV0339,"NHS psychological therapies services (IAPT), including cognitive behavioural therapy (CBT) ",4,Website,https://gateway.mayden.co.uk/referral-v2/80a568ab-6ae0-4803-b9c6-0c849e6c4d7d
page_000035.json,X119753,NI386,With You Woking,1,SRV0339,"NHS psychological therapies services (IAPT), including cognitive behavioural therapy (CBT) ",1,Telephone,01483 746 900
page_000035.json,X119753,NI386,With You Woking,1,SRV0339,"NHS psychological therapies services (IAPT), including cognitive behavioural therapy (CBT) ",2,PhoneExt,
page_000035.json,X119753,NI386,With You Woking,1,SRV0339,"NHS psychological therapies services (IAPT), including cognitive behavioural therapy (CBT) ",3,Email,enquiries@wearewithyou.org.uk
page_000035.json,X119753,NI386,With You Woking,1,SRV0339,"NHS psychological therapies services (IAPT), including cognitive behavioural therapy (CBT) ",4,Website,https://wearewithyou.org.uk/mental-health
page_000035.json,X120000,AMC02,Self Help Services (PBR),1,SRV0339,"NHS psychological therapies services (IAPT), including cognitive behavioural therapy (CBT) ",1,Telephone,0161 226 3871
page_000035.json,X120000,AMC02,Self Help Services (PBR),1,SRV0339,"NHS psychological therapies services (IAPT), including cognitive behavioural therapy (CBT) ",2,PhoneExt,
page_000035.json,X120000,AMC02,Self Help Services (PBR),1,SRV0339,"NHS psychological therapies services (IAPT), including cognitive behavioural therapy (CBT) ",3,Email,pws.manchester@selfhelpservices.org.uk
page_000035.json,X120000,AMC02,Self Help Services (PBR),1,SRV0339,"NHS psychological therapies services (IAPT), including cognitive behavioural therapy (CBT) ",4,Website,https://www.selfhelpservices.org.uk/directory-of-services/
page_000036.json,X120014,1-2503053966,Wickmeads,2,SRV0317,Caring for adults over 65,1,Telephone,01202 746640
page_000036.json,X120014,1-2503053966,Wickmeads,2,SRV0317,Caring for adults over 65,2,PhoneExt,
page_000036.json,X120019,1-2551472983,Birtenshaw Supported Living,1,SRV0315,Care services for people with learning disabilities,1,Telephone,01204304230
page_000036.json,X120019,1-2551472983,Birtenshaw Supported Living,1,SRV0315,Care services for people with learning disabilities,2,PhoneExt,
page_000036.json,X120019,1-2551472983,Birtenshaw Supported Living,2,SRV0323,Caring for adults under 65,1,Telephone,01204304230
page_000036.json,X120019,1-2551472983,Birtenshaw Supported Living,2,SRV0323,Caring for adults under 65,2,PhoneExt,
page_000036.json,X120424,1-2477944642,Mayflower Court,2,SRV0317,Caring for adults over 65,1,Telephone,01603 741717
page_000036.json,X120424,1-2477944642,Mayflower Court,2,SRV0317,Caring for adults over 65,2,PhoneExt,
page_000036.json,X120425,1-2478004785,The Meadows Housing with Care Scheme,2,SRV0317,Caring for adults over 65,1,Telephone,01603 741717
page_000036.json,X120425,1-2478004785,The Meadows Housing with Care Scheme,2,SRV0317,Caring for adults over 65,2,PhoneExt,
page_000036.json,X120448,1-2564241746,Libra Care Limited,3,SRV0317,Caring for adults over 65,1,Telephone,07974733121
page_000036.json,X120448,1-2564241746,Libra Care Limited,3,SRV0317,Caring for adults over 65,2,PhoneExt,
page_000036.json,X120850,1-2532336963,Thames View,1,SRV0314,Care services for people with dementia,1,Telephone,0808 223 5407
page_000036.json,X120850,1-2532336963,Thames View,1,SRV0314,Care services for people with dementia,2,PhoneExt,
page_000036.json,X121647,RTF61,North Tyneside Talking Therapies,1,SRV0339,"NHS psychological therapies services (IAPT), including cognitive behavioural therapy (CBT) ",1,Telephone,0191 295 2775
page_000036.json,X121647,RTF61,North Tyneside Talking Therapies,1,SRV0339,"NHS psychological therapies services (IAPT), including cognitive behavioural therapy (CBT) ",2,PhoneExt,
page_000036.json,X121647,RTF61,North Tyneside Talking Therapies,1,SRV0339,"NHS psychological therapies services (IAPT), including cognitive behavioural therapy (CBT) ",3,Email,
page_000036.json,X121647,RTF61,North Tyneside Talking Therapies,1,SRV0339,"NHS psychological therapies services (IAPT), including cognitive behavioural therapy (CBT) ",4,Website,https://gateway.mayden.co.uk/referral-v2/e2d1595a-1a63-4796-8acf-de4bc9ec80a2
page_000037.json,X121892,RATCL,Talking Therapies - Barking and Dagenham,1,SRV0339,"NHS psychological therapies services (IAPT), including cognitive behavioural therapy (CBT) ",1,Telephone,0300 300 1554
page_000037.json,X121892,RATCL,Talking Therapies - Barking and Dagenham,1,SRV0339,"NHS psychological therapies services (IAPT), including cognitive behavioural therapy (CBT) ",2,PhoneExt,3
page_000037.json,X121892,RATCL,Talking Therapies - Barking and Dagenham,1,SRV0339,"NHS psychological therapies services (IAPT), including cognitive behavioural therapy (CBT) ",3,Email,barking&dagenham-talkingtherapies@nelft.nhs.uk
page_000037.json,X121892,RATCL,Talking Therapies - Barking and Dagenham,1,SRV0339,"NHS psychological therapies services (IAPT), including cognitive behavioural therapy (CBT) ",4,Website,https://www.talkingtherapies.nelft.nhs.uk/how-to-refer-to-our-service
page_000037.json,X122400,RDREB,NHS West Sussex Talking Therapies,1,SRV0339,"NHS psychological therapies services (IAPT), including cognitive behavioural therapy (CBT) ",1,Telephone,01903 703540
page_000037.json,X122400,RDREB,NHS West Sussex Talking Therapies,1,SRV0339,"NHS psychological therapies services (IAPT), including cognitive behavioural therapy (CBT) ",2,PhoneExt,
page_000037.json,X122400,RDREB,NHS West Sussex Talking Therapies,1,SRV0339,"NHS psychological therapies services (IAPT), including cognitive behavioural therapy (CBT) ",3,Email,
page_000037.json,X122400,RDREB,NHS West Sussex Talking Therapies,1,SRV0339,"NHS psychological therapies services (IAPT), including cognitive behavioural therapy (CBT) ",4,Website,https://gateway.mayden.co.uk/referral-v2/6293419b-f31d-49fe-9a81-cdd0bb49118d
page_000037.json,X1232,RTD02,The Royal Victoria Infirmary,3,SRV0228,Musculo-skeletal services,1,Telephone,0191 223 1109
page_000037.json,X1232,RTD02,The Royal Victoria Infirmary,3,SRV0228,Musculo-skeletal services,2,PhoneExt,
page_000038.json,X123711,DA301,The Magdalene Project,1,SRV0339,"NHS psychological therapies services (IAPT), including cognitive behavioural therapy (CBT) ",1,Telephone,01706 870 939
page_000038.json,X123711,DA301,The Magdalene Project,1,SRV0339,"NHS psychological therapies services (IAPT), including cognitive behavioural therapy (CBT) ",2,PhoneExt,
page_000038.json,X123711,DA301,The Magdalene Project,1,SRV0339,"NHS psychological therapies services (IAPT), including cognitive behavioural therapy (CBT) ",3,Email,office@themagdaleneproject.co.uk
page_000038.json,X123711,DA301,The Magdalene Project,1,SRV0339,"NHS psychological therapies services (IAPT), including cognitive behavioural therapy (CBT) ",4,Website,http://www.themagdaleneproject.co.uk
page_000038.json,X123715,DA601,Beacon Counselling,1,SRV0339,"NHS psychological therapies services (IAPT), including cognitive behavioural therapy (CBT) ",1,Telephone,0161 440 0055
page_000038.json,X123715,DA601,Beacon Counselling,1,SRV0339,"NHS psychological therapies services (IAPT), including cognitive behavioural therapy (CBT) ",2,PhoneExt,
page_000038.json,X123715,DA601,Beacon Counselling,1,SRV0339,"NHS psychological therapies services (IAPT), including cognitive behavioural therapy (CBT) ",3,Email,admin@beacon-counselling.org.uk
page_000038.json,X123715,DA601,Beacon Counselling,1,SRV0339,"NHS psychological therapies services (IAPT), including cognitive behavioural therapy (CBT) ",4,Website,https://www.beacon-counselling.org.uk/
page_000038.json,X123819,rv3ch,Brent Talking Therapies (IAPT),1,SRV0339,"NHS psychological therapies services (IAPT), including cognitive behavioural therapy (CBT) ",1,Telephone,020 8206 3924
page_000038.json,X123819,rv3ch,Brent Talking Therapies (IAPT),1,SRV0339,"NHS psychological therapies services (IAPT), including cognitive behavioural therapy (CBT) ",2,PhoneExt,
page_000038.json,X123819,rv3ch,Brent Talking Therapies (IAPT),1,SRV0339,"NHS psychological therapies services (IAPT), including cognitive behavioural therapy (CBT) ",3,Email,cnw-tr.brent.iapt@nhs.net
page_000038.json,X123819,rv3ch,Brent Talking Therapies (IAPT),1,SRV0339,"NHS psychological therapies services (IAPT), including cognitive behavioural therapy (CBT) ",4,Website,https://gateway.mayden.co.uk/referral-v2/5def2db8-b1ee-4acc-aa5e-3b473f011dd7
page_000038.json,X123862,1-2714144134,Belmont House Nursing Home,1,SRV0314,Care services for people with dementia,1,Telephone,0808 223 5407
page_000038.json,X123862,1-2714144134,Belmont House Nursing Home,1,SRV0314,Care services for people with dementia,2,PhoneExt,
page_000038.json,X123869,1-2732746375,Springfield,1,SRV0315,Care services for people with learning disabilities,1,Telephone,01637 416444
page_000038.json,X123869,1-2732746375,Springfield,1,SRV0315,Care services for people with learning disabilities,2,PhoneExt,
page_000038.json,X123977,AYV01,Hull and East Yorkshire Counselling Limited,1,SRV0339,"NHS psychological therapies services (IAPT), including cognitive behavioural therapy (CBT) ",1,Telephone,01482 329 621
page_000038.json,X123977,AYV01,Hull and East Yorkshire Counselling Limited,1,SRV0339,"NHS psychological therapies services (IAPT), including cognitive behavioural therapy (CBT) ",2,PhoneExt,
page_000038.json,X123977,AYV01,Hull and East Yorkshire Counselling Limited,1,SRV0339,"NHS psychological therapies services (IAPT), including cognitive behavioural therapy (CBT) ",3,Email,info@heycounselling.org.uk
page_000038.json,X123977,AYV01,Hull and East Yorkshire Counselling Limited,1,SRV0339,"NHS psychological therapies services (IAPT), including cognitive behavioural therapy (CBT) ",4,Website,https://www.letstalkhull.co.uk/
page_000038.json,X124286,AXE01,Norfolk and Waveney Talking Therapies,1,SRV0339,"NHS psychological therapies services (IAPT), including cognitive behavioural therapy (CBT) ",1,Telephone,0300 123 1503
page_000038.json,X124286,AXE01,Norfolk and Waveney Talking Therapies,1,SRV0339,"NHS psychological therapies services (IAPT), including cognitive behavioural therapy (CBT) ",2,PhoneExt,
page_000038.json,X124286,AXE01,Norfolk and Waveney Talking Therapies,1,SRV0339,"NHS psychological therapies services (IAPT), including cognitive behavioural therapy (CBT) ",3,Email,NWTTAdmin@nsft.nhs.uk
page_000038.json,X124286,AXE01,Norfolk and Waveney Talking Therapies,1,SRV0339,"NHS psychological therapies services (IAPT), including cognitive behavioural therapy (CBT) ",4,Website,https://gateway.mayden.co.uk/referral-v2/4f947c6a-1997-4e27-8d89-ecc0905bc7cc
page_000038.json,X124353,1-2761140569,Wytham House,1,SRV0314,Care services for people with dementia,1,Telephone,0808 223 5407
page_000038.json,X124353,1-2761140569,Wytham House,1,SRV0314,Care services for people with dementia,2,PhoneExt,
page_000038.json,X124537,1-2827317412,Marram Green,2,SRV0317,Caring for adults over 65,1,Telephone,01502 500653
page_000038.json,X124537,1-2827317412,Marram Green,2,SRV0317,Caring for adults over 65,2,PhoneExt,
page_000038.json,X124560,1-2827317118,Margery Girling House,2,SRV0317,Caring for adults over 65,1,Telephone,01502 500653
page_000038.json,X124560,1-2827317118,Margery Girling House,2,SRV0317,Caring for adults over 65,2,PhoneExt,
page_000038.json,X124561,1-2827317520,Swann House,2,SRV0317,Caring for adults over 65,1,Telephone,01502 500653
page_000038.json,X124561,1-2827317520,Swann House,2,SRV0317,Caring for adults over 65,2,PhoneExt,
page_000038.json,X124747,1-2843332613,Jamie Cann House,2,SRV0317,Caring for adults over 65,1,Telephone,01502 500653
page_000038.json,X124747,1-2843332613,Jamie Cann House,2,SRV0317,Caring for adults over 65,2,PhoneExt,
page_000038.json,X124836,RW1GF,NHS Talking Therapies Southampton,1,SRV0339,"NHS psychological therapies services (IAPT), including cognitive behavioural therapy (CBT) ",1,Telephone,02380 272000
page_000038.json,X124836,RW1GF,NHS Talking Therapies Southampton,1,SRV0339,"NHS psychological therapies services (IAPT), including cognitive behavioural therapy (CBT) ",2,PhoneExt,
page_000038.json,X124836,RW1GF,NHS Talking Therapies Southampton,1,SRV0339,"NHS psychological therapies services (IAPT), including cognitive behavioural therapy (CBT) ",3,Email,dhc.sstw@nhs.net
page_000038.json,X124836,RW1GF,NHS Talking Therapies Southampton,1,SRV0339,"NHS psychological therapies services (IAPT), including cognitive behavioural therapy (CBT) ",4,Website,https://gateway.mayden.co.uk/referral-v2/f0817d49-d828-42ee-909e-f4c89a428930
page_000039.json,X125149,1-2857843249,Sherwood Grange,1,SRV0314,Care services for people with dementia,1,Telephone,01342 337220
page_000039.json,X125149,1-2857843249,Sherwood Grange,1,SRV0314,Care services for people with dementia,2,PhoneExt,
page_000039.json,X125276,NMG76,Wakefield Msk Service,1,SRV0228,Musculo-skeletal services,1,Telephone,01924 792 079
page_000039.json,X125276,NMG76,Wakefield Msk Service,1,SRV0228,Musculo-skeletal services,2,PhoneExt,
page_000039.json,X125277,NMG77,Kirklees Integrated Msk & Pain Management Service,1,SRV0228,Musculo-skeletal services,1,Telephone,01924792075
page_000039.json,X125277,NMG77,Kirklees Integrated Msk & Pain Management Service,1,SRV0228,Musculo-skeletal services,2,PhoneExt,
page_000039.json,X125554,NKI70,Turning Point - Wakefield,1,SRV0339,"NHS psychological therapies services (IAPT), including cognitive behavioural therapy (CBT) ",1,Telephone,01924 234 860
page_000039.json,X125554,NKI70,Turning Point - Wakefield,1,SRV0339,"NHS psychological therapies services (IAPT), including cognitive behavioural therapy (CBT) ",2,PhoneExt,
page_000039.json,X125554,NKI70,Turning Point - Wakefield,1,SRV0339,"NHS psychological therapies services (IAPT), including cognitive behavioural therapy (CBT) ",3,Email,wakefield.talking@turning-point.co.uk
page_000039.json,X125554,NKI70,Turning Point - Wakefield,1,SRV0339,"NHS psychological therapies services (IAPT), including cognitive behavioural therapy (CBT) ",4,Website,https://gateway.mayden.co.uk/referral-v2/ec23d2e0-ba2d-4e0f-af63-d0a151c585dc
page_000039.json,X125636,DDF01,Hull and East Yorkshire Mind,1,SRV0339,"NHS psychological therapies services (IAPT), including cognitive behavioural therapy (CBT) ",1,Telephone,01482 240 200
page_000039.json,X125636,DDF01,Hull and East Yorkshire Mind,1,SRV0339,"NHS psychological therapies services (IAPT), including cognitive behavioural therapy (CBT) ",2,PhoneExt,
page_000039.json,X125636,DDF01,Hull and East Yorkshire Mind,1,SRV0339,"NHS psychological therapies services (IAPT), including cognitive behavioural therapy (CBT) ",3,Email,info@heymind.org.uk
page_000039.json,X125636,DDF01,Hull and East Yorkshire Mind,1,SRV0339,"NHS psychological therapies services (IAPT), including cognitive behavioural therapy (CBT) ",4,Website,https://www.heymind.org.uk/help/crisis-support/
page_000039.json,X125646,TAF87,Islington Talking Therapies,1,SRV0339,"NHS psychological therapies services (IAPT), including cognitive behavioural therapy (CBT) ",1,Telephone,0203 317 7252
page_000039.json,X125646,TAF87,Islington Talking Therapies,1,SRV0339,"NHS psychological therapies services (IAPT), including cognitive behavioural therapy (CBT) ",2,PhoneExt,
page_000039.json,X125646,TAF87,Islington Talking Therapies,1,SRV0339,"NHS psychological therapies services (IAPT), including cognitive behavioural therapy (CBT) ",3,Email,nlft.icopeislington.referrals@nhs.net
page_000039.json,X125646,TAF87,Islington Talking Therapies,1,SRV0339,"NHS psychological therapies services (IAPT), including cognitive behavioural therapy (CBT) ",4,Website,https://gateway.mayden.co.uk/referral-v2/ed1677e2-d478-4a89-ad8b-a0ba8beff08c
page_000039.json,X125647,TAF88,Camden Talking Therapies,1,SRV0339,"NHS psychological therapies services (IAPT), including cognitive behavioural therapy (CBT) ",1,Telephone,020 3317 6670
page_000039.json,X125647,TAF88,Camden Talking Therapies,1,SRV0339,"NHS psychological therapies services (IAPT), including cognitive behavioural therapy (CBT) ",2,PhoneExt,
page_000039.json,X125647,TAF88,Camden Talking Therapies,1,SRV0339,"NHS psychological therapies services (IAPT), including cognitive behavioural therapy (CBT) ",3,Email,nlft.icopecamden.referrals@nhs.net
page_000039.json,X125647,TAF88,Camden Talking Therapies,1,SRV0339,"NHS psychological therapies services (IAPT), including cognitive behavioural therapy (CBT) ",4,Website,https://www.icope.nhs.uk/camden-islington/crisis-support/
page_000039.json,X125790,1-2822234772,Montgomery House,2,SRV0317,Caring for adults over 65,1,Telephone,01743 235788
page_000039.json,X125790,1-2822234772,Montgomery House,2,SRV0317,Caring for adults over 65,2,PhoneExt,
page_000039.json,X125866,1-3018451330,"Home Instead Senior Care: Maidenhead, Henley & Wallingford",1,SRV0314,Care services for people with dementia,1,Telephone,01628 299097
page_000039.json,X125866,1-3018451330,"Home Instead Senior Care: Maidenhead, Henley & Wallingford",1,SRV0314,Care services for people with dementia,2,PhoneExt,
page_000039.json,X125866,1-3018451330,"Home Instead Senior Care: Maidenhead, Henley & Wallingford",2,SRV0317,Caring for adults over 65,1,Telephone,01628 299097
page_000039.json,X125866,1-3018451330,"Home Instead Senior Care: Maidenhead, Henley & Wallingford",2,SRV0317,Caring for adults over 65,2,PhoneExt,
page_000039.json,X125889,1-2997480203,Eden Lodge Health Care,2,SRV0323,Caring for adults under 65,1,Telephone,0121 459 2234
page_000039.json,X125889,1-2997480203,Eden Lodge Health Care,2,SRV0323,Caring for adults under 65,2,PhoneExt,
page_000039.json,X125937,1-2996088719,Yewtree Avenue,1,SRV0314,Care services for people with dementia,1,Telephone,02037732214
page_000039.json,X125937,1-2996088719,Yewtree Avenue,1,SRV0314,Care services for people with dementia,2,PhoneExt,2037732214
page_000039.json,X125949,1-2809771018,Eros Crescent,1,SRV0315,Care services for people with learning disabilities,1,Telephone,01905798247
page_000039.json,X125949,1-2809771018,Eros Crescent,1,SRV0315,Care services for people with learning disabilities,2,PhoneExt,
page_000039.json,X126014,1-3039182422,Unique Homecare Services Ltd,1,SRV0314,Care services for people with dementia,1,Telephone,01524751751
page_000039.json,X126014,1-3039182422,Unique Homecare Services Ltd,1,SRV0314,Care services for people with dementia,2,PhoneExt,
page_000039.json,X126014,1-3039182422,Unique Homecare Services Ltd,2,SRV0317,Caring for adults over 65,1,Telephone,015247517541
page_000039.json,X126014,1-3039182422,Unique Homecare Services Ltd,2,SRV0317,Caring for adults over 65,2,PhoneExt,
page_000039.json,X126014,1-3039182422,Unique Homecare Services Ltd,3,SRV0316,Mental health conditions,1,Telephone,015247517541
page_000039.json,X126014,1-3039182422,Unique Homecare Services Ltd,3,SRV0316,Mental health conditions,2,PhoneExt,
page_000039.json,X126178,RW5QA,NHS Talking Therapies Lancashire and South Cumbria,1,SRV0339,"NHS psychological therapies services (IAPT), including cognitive behavioural therapy (CBT) ",1,Telephone,
page_000039.json,X126178,RW5QA,NHS Talking Therapies Lancashire and South Cumbria,1,SRV0339,"NHS psychological therapies services (IAPT), including cognitive behavioural therapy (CBT) ",2,PhoneExt,
page_000039.json,X126178,RW5QA,NHS Talking Therapies Lancashire and South Cumbria,1,SRV0339,"NHS psychological therapies services (IAPT), including cognitive behavioural therapy (CBT) ",3,Email,
page_000039.json,X126178,RW5QA,NHS Talking Therapies Lancashire and South Cumbria,1,SRV0339,"NHS psychological therapies services (IAPT), including cognitive behavioural therapy (CBT) ",4,Website,https://www.lscft.nhs.uk/talkingtherapies
page_000039.json,X126400,RP7DG,Steps2Change Skegness,1,SRV0339,"NHS psychological therapies services (IAPT), including cognitive behavioural therapy (CBT) ",1,Telephone,0303 123 4000
page_000039.json,X126400,RP7DG,Steps2Change Skegness,1,SRV0339,"NHS psychological therapies services (IAPT), including cognitive behavioural therapy (CBT) ",2,PhoneExt,
page_000039.json,X126400,RP7DG,Steps2Change Skegness,1,SRV0339,"NHS psychological therapies services (IAPT), including cognitive behavioural therapy (CBT) ",3,Email,lincs.spa@nhs.net
page_000039.json,X126400,RP7DG,Steps2Change Skegness,1,SRV0339,"NHS psychological therapies services (IAPT), including cognitive behavioural therapy (CBT) ",4,Website,https://gateway.mayden.co.uk/referral-v2/c2ce2fcb-3586-4e64-8405-deac6ce440b1
page_000039.json,X126468,1-3078078820,Tranquil Cross,1,SRV0315,Care services for people with learning disabilities,1,Telephone,01637 416444
page_000039.json,X126468,1-3078078820,Tranquil Cross,1,SRV0315,Care services for people with learning disabilities,2,PhoneExt,
page_000039.json,X126563,1-3079267935,Skylark House,1,SRV0314,Care services for people with dementia,1,Telephone,01342 337220
page_000039.json,X126563,1-3079267935,Skylark House,1,SRV0314,Care services for people with dementia,2,PhoneExt,
page_000040.json,X126635,1-2913026529,Kingly Terrace,5,SRV0321,Physical disabilities,1,Telephone,01455 613823
page_000040.json,X126635,1-2913026529,Kingly Terrace,5,SRV0321,Physical disabilities,2,PhoneExt,
page_000040.json,X126804,1-3080743969,OSJCT Chilterns Court Care Centre,2,SRV0317,Caring for adults over 65,1,Telephone,01993 323232
page_000040.json,X126804,1-3080743969,OSJCT Chilterns Court Care Centre,2,SRV0317,Caring for adults over 65,2,PhoneExt,
page_000040.json,X126833,1-3090676388,Thornbury,1,SRV0315,Care services for people with learning disabilities,1,Telephone,01637 416444
page_000040.json,X126833,1-3090676388,Thornbury,1,SRV0315,Care services for people with learning disabilities,2,PhoneExt,
page_000040.json,X126982,RXEDX,NHS Rotherham Talking Therapies,1,SRV0339,"NHS psychological therapies services (IAPT), including cognitive behavioural therapy (CBT) ",1,Telephone,03000 215 108
page_000040.json,X126982,RXEDX,NHS Rotherham Talking Therapies,1,SRV0339,"NHS psychological therapies services (IAPT), including cognitive behavioural therapy (CBT) ",2,PhoneExt,
page_000040.json,X126982,RXEDX,NHS Rotherham Talking Therapies,1,SRV0339,"NHS psychological therapies services (IAPT), including cognitive behavioural therapy (CBT) ",3,Email,
page_000040.json,X126982,RXEDX,NHS Rotherham Talking Therapies,1,SRV0339,"NHS psychological therapies services (IAPT), including cognitive behavioural therapy (CBT) ",4,Website,https://systmonline.tpp-uk.com/2/OnlineConsultation?OrgId=113300634046
page_000040.json,X127488,1-3253868148,Way Ahead Support Services,2,SRV0315,Care services for people with learning disabilities,1,Telephone,01926 622980
page_000040.json,X127488,1-3253868148,Way Ahead Support Services,2,SRV0315,Care services for people with learning disabilities,2,PhoneExt,
page_000040.json,X127583,AMC03,Self Help Services (Eastern Cheshire),1,SRV0339,"NHS psychological therapies services (IAPT), including cognitive behavioural therapy (CBT) ",1,Telephone,01625 469 950
page_000040.json,X127583,AMC03,Self Help Services (Eastern Cheshire),1,SRV0339,"NHS psychological therapies services (IAPT), including cognitive behavioural therapy (CBT) ",2,PhoneExt,
page_000040.json,X127583,AMC03,Self Help Services (Eastern Cheshire),1,SRV0339,"NHS psychological therapies services (IAPT), including cognitive behavioural therapy (CBT) ",3,Email,eastcheshiretalkingtherapies@thebiglifegroup.com
page_000040.json,X127583,AMC03,Self Help Services (Eastern Cheshire),1,SRV0339,"NHS psychological therapies services (IAPT), including cognitive behavioural therapy (CBT) ",4,Website,https://www.thebiglifegroup.com/
page_000040.json,X127749,1-3272238139,Nest Healthcare,3,SRV0316,Mental health conditions,1,Telephone,01255 448888
page_000040.json,X127749,1-3272238139,Nest Healthcare,3,SRV0316,Mental health conditions,2,PhoneExt,
page_000040.json,X127749,1-3272238139,Nest Healthcare,6,SRV0319,Substance misuse problems,1,Telephone,01255 448888
page_000040.json,X127749,1-3272238139,Nest Healthcare,6,SRV0319,Substance misuse problems,2,PhoneExt,
page_000040.json,X127769,RPGEV,Greenwich Time to Talk,1,SRV0339,"NHS psychological therapies services (IAPT), including cognitive behavioural therapy (CBT) ",1,Telephone,020 3260 1100
page_000040.json,X127769,RPGEV,Greenwich Time to Talk,1,SRV0339,"NHS psychological therapies services (IAPT), including cognitive behavioural therapy (CBT) ",2,PhoneExt,
page_000040.json,X127769,RPGEV,Greenwich Time to Talk,1,SRV0339,"NHS psychological therapies services (IAPT), including cognitive behavioural therapy (CBT) ",3,Email,oxl-tr.greenwichtimetotalk@nhs.net
page_000040.json,X127769,RPGEV,Greenwich Time to Talk,1,SRV0339,"NHS psychological therapies services (IAPT), including cognitive behavioural therapy (CBT) ",4,Website,https://gateway.mayden.co.uk/referral-v2/dec9c353-60f4-47d6-a4fa-2a4b16bc8a76
page_000040.json,X127782,TAHJF,Sheffield talking therapies,1,SRV0339,"NHS psychological therapies services (IAPT), including cognitive behavioural therapy (CBT) ",1,Telephone,0114 2264380
page_000040.json,X127782,TAHJF,Sheffield talking therapies,1,SRV0339,"NHS psychological therapies services (IAPT), including cognitive behavioural therapy (CBT) ",2,PhoneExt,
page_000040.json,X127782,TAHJF,Sheffield talking therapies,1,SRV0339,"NHS psychological therapies services (IAPT), including cognitive behavioural therapy (CBT) ",3,Email,
page_000040.json,X127782,TAHJF,Sheffield talking therapies,1,SRV0339,"NHS psychological therapies services (IAPT), including cognitive behavioural therapy (CBT) ",4,Website,https://www.sheffieldtalkingtherapies.nhs.uk/
page_000040.json,X128056,1-3483769601,Portsmouth Shared Lives Service,1,SRV0314,Care services for people with dementia,1,Telephone,02392 616700
page_000040.json,X128056,1-3483769601,Portsmouth Shared Lives Service,1,SRV0314,Care services for people with dementia,2,PhoneExt,
page_000040.json,X128155,RXV88,Trafford Primary Care Psychological Therapy Service,1,SRV0339,"NHS psychological therapies services (IAPT), including cognitive behavioural therapy (CBT) ",1,Telephone,0161 271 0190
page_000040.json,X128155,RXV88,Trafford Primary Care Psychological Therapy Service,1,SRV0339,"NHS psychological therapies services (IAPT), including cognitive behavioural therapy (CBT) ",2,PhoneExt,
page_000040.json,X128155,RXV88,Trafford Primary Care Psychological Therapy Service,1,SRV0339,"NHS psychological therapies services (IAPT), including cognitive behavioural therapy (CBT) ",3,Email,
page_000040.json,X128155,RXV88,Trafford Primary Care Psychological Therapy Service,1,SRV0339,"NHS psychological therapies services (IAPT), including cognitive behavioural therapy (CBT) ",4,Website,https://www.iaptportal.co.uk/traff.html
page_000040.json,X128251,1-3285219432,St. Ives Country House Care,2,SRV0317,Caring for adults over 65,1,Telephone,01202 746640
page_000040.json,X128251,1-3285219432,St. Ives Country House Care,2,SRV0317,Caring for adults over 65,2,PhoneExt,
page_000041.json,X128823,RP7WW,Steps2Change Boston,1,SRV0339,"NHS psychological therapies services (IAPT), including cognitive behavioural therapy (CBT) ",1,Telephone,0303 123 4000
page_000041.json,X128823,RP7WW,Steps2Change Boston,1,SRV0339,"NHS psychological therapies services (IAPT), including cognitive behavioural therapy (CBT) ",2,PhoneExt,
page_000041.json,X128823,RP7WW,Steps2Change Boston,1,SRV0339,"NHS psychological therapies services (IAPT), including cognitive behavioural therapy (CBT) ",3,Email,lincs.spa@nhs.net
page_000041.json,X128823,RP7WW,Steps2Change Boston,1,SRV0339,"NHS psychological therapies services (IAPT), including cognitive behavioural therapy (CBT) ",4,Website,https://gateway.mayden.co.uk/referral-v2/c2ce2fcb-3586-4e64-8405-deac6ce440b1
page_000041.json,X128850,RQY12,Talk Wandsworth,1,SRV0339,"NHS psychological therapies services (IAPT), including cognitive behavioural therapy (CBT) ",1,Telephone,020 3513 6264
page_000041.json,X128850,RQY12,Talk Wandsworth,1,SRV0339,"NHS psychological therapies services (IAPT), including cognitive behavioural therapy (CBT) ",2,PhoneExt,
page_000041.json,X128850,RQY12,Talk Wandsworth,1,SRV0339,"NHS psychological therapies services (IAPT), including cognitive behavioural therapy (CBT) ",3,Email,talkwandsworth@swlstg-tr.nhs.uk
page_000041.json,X128850,RQY12,Talk Wandsworth,1,SRV0339,"NHS psychological therapies services (IAPT), including cognitive behavioural therapy (CBT) ",4,Website,https://gateway.mayden.co.uk/referral-v2/bf532deb-222f-40b2-ad0d-ff3377d960c0
page_000041.json,X128948,1-3551271435,Ferndown Manor,1,SRV0314,Care services for people with dementia,1,Telephone,01342 337220
page_000041.json,X128948,1-3551271435,Ferndown Manor,1,SRV0314,Care services for people with dementia,2,PhoneExt,
page_000041.json,X128964,1-3514569730,4life Healthcare Services,1,SRV0314,Care services for people with dementia,1,Telephone,01227936957
page_000041.json,X128964,1-3514569730,4life Healthcare Services,1,SRV0314,Care services for people with dementia,2,PhoneExt,
page_000041.json,X129102,1-3289591210,The Lakes Care Centre,2,SRV0317,Caring for adults over 65,1,Telephone,01993 323232
page_000041.json,X129102,1-3289591210,The Lakes Care Centre,2,SRV0317,Caring for adults over 65,2,PhoneExt,
page_000041.json,X129590,R1LC1,Therapy For You,1,SRV0339,"NHS psychological therapies services (IAPT), including cognitive behavioural therapy (CBT) ",1,Telephone,01206 334001
page_000041.json,X129590,R1LC1,Therapy For You,1,SRV0339,"NHS psychological therapies services (IAPT), including cognitive behavioural therapy (CBT) ",2,PhoneExt,
page_000041.json,X129590,R1LC1,Therapy For You,1,SRV0339,"NHS psychological therapies services (IAPT), including cognitive behavioural therapy (CBT) ",3,Email,epunft.neeiaptcontactcentre@nhs.net
page_000041.json,X129590,R1LC1,Therapy For You,1,SRV0339,"NHS psychological therapies services (IAPT), including cognitive behavioural therapy (CBT) ",4,Website,
page_000041.json,X129778,NNF89,Let's Talk Hull,1,SRV0339,"NHS psychological therapies services (IAPT), including cognitive behavioural therapy (CBT) ",1,Telephone,01482 247 111
page_000041.json,X129778,NNF89,Let's Talk Hull,1,SRV0339,"NHS psychological therapies services (IAPT), including cognitive behavioural therapy (CBT) ",2,PhoneExt,
page_000041.json,X129778,NNF89,Let's Talk Hull,1,SRV0339,"NHS psychological therapies services (IAPT), including cognitive behavioural therapy (CBT) ",3,Email,chcp.247111@nhs.net
page_000041.json,X129778,NNF89,Let's Talk Hull,1,SRV0339,"NHS psychological therapies services (IAPT), including cognitive behavioural therapy (CBT) ",4,Website,https://gateway.mayden.co.uk/referral-v2/63ef77ed-7230-4d59-88d6-e6b0e0015af5
page_000041.json,X129789,R1LT3,Rectory Lane Community Clinic,1,SRV0228,Musculo-skeletal services,1,Telephone,03442 573965
page_000041.json,X129789,R1LT3,Rectory Lane Community Clinic,1,SRV0228,Musculo-skeletal services,2,PhoneExt,
page_000041.json,X129790,R1LT4,Waltham Abbey Clinic,1,SRV0228,Musculo-skeletal services,1,Telephone,03442 573965
page_000041.json,X129790,R1LT4,Waltham Abbey Clinic,1,SRV0228,Musculo-skeletal services,2,PhoneExt,
page_000041.json,X129791,R1LT5,Addison House Community Clinic,1,SRV0228,Musculo-skeletal services,1,Telephone,03442 573965
page_000041.json,X129791,R1LT5,Addison House Community Clinic,1,SRV0228,Musculo-skeletal services,2,PhoneExt,
page_000041.json,X13,RDEE4,Colchester Hospital,1,SRV0001,Accident and emergency services,1,Telephone,01206 747474
page_000041.json,X13,RDEE4,Colchester Hospital,1,SRV0001,Accident and emergency services,2,PhoneExt,
page_000042.json,X130134,1-3284932055,Weald Heights,1,SRV0314,Care services for people with dementia,1,Telephone,01342 337220
page_000042.json,X130134,1-3284932055,Weald Heights,1,SRV0314,Care services for people with dementia,2,PhoneExt,
page_000042.json,X130251,R1LE4,Therapy For You,1,SRV0339,"NHS psychological therapies services (IAPT), including cognitive behavioural therapy (CBT) ",1,Telephone,01268 739 128
page_000042.json,X130251,R1LE4,Therapy For You,1,SRV0339,"NHS psychological therapies services (IAPT), including cognitive behavioural therapy (CBT) ",2,PhoneExt,
page_000042.json,X130251,R1LE4,Therapy For You,1,SRV0339,"NHS psychological therapies services (IAPT), including cognitive behavioural therapy (CBT) ",3,Email,epunft.contactcentre.iapt@nhs.net
page_000042.json,X130251,R1LE4,Therapy For You,1,SRV0339,"NHS psychological therapies services (IAPT), including cognitive behavioural therapy (CBT) ",4,Website,
page_000042.json,X130905,RV3L8,Community Living Well- Talking Therapies Service (IAPT),1,SRV0339,"NHS psychological therapies services (IAPT), including cognitive behavioural therapy (CBT) ",1,Telephone,
page_000042.json,X130905,RV3L8,Community Living Well- Talking Therapies Service (IAPT),1,SRV0339,"NHS psychological therapies services (IAPT), including cognitive behavioural therapy (CBT) ",2,PhoneExt,
page_000042.json,X130905,RV3L8,Community Living Well- Talking Therapies Service (IAPT),1,SRV0339,"NHS psychological therapies services (IAPT), including cognitive behavioural therapy (CBT) ",3,Email,cnw-tr.clw@nhs.net
page_000042.json,X130905,RV3L8,Community Living Well- Talking Therapies Service (IAPT),1,SRV0339,"NHS psychological therapies services (IAPT), including cognitive behavioural therapy (CBT) ",4,Website,https://gateway.mayden.co.uk/referral-v2/d65351bb-6848-4b60-82c3-c2a73683d5fa
page_000042.json,X131006,1-3293564973,Goodson Lodge Care Centre,2,SRV0317,Caring for adults over 65,1,Telephone,01993 323232
page_000042.json,X131006,1-3293564973,Goodson Lodge Care Centre,2,SRV0317,Caring for adults over 65,2,PhoneExt,
page_000042.json,X131125,1-3774735981,Allensmead,1,SRV0315,Care services for people with learning disabilities,1,Telephone,01708 863289
page_000042.json,X131125,1-3774735981,Allensmead,1,SRV0315,Care services for people with learning disabilities,2,PhoneExt,
page_000043.json,X131769,RQYPR,Sutton Uplift,1,SRV0339,"NHS psychological therapies services (IAPT), including cognitive behavioural therapy (CBT) ",1,Telephone,0800 032 1411
page_000043.json,X131769,RQYPR,Sutton Uplift,1,SRV0339,"NHS psychological therapies services (IAPT), including cognitive behavioural therapy (CBT) ",2,PhoneExt,
page_000043.json,X131769,RQYPR,Sutton Uplift,1,SRV0339,"NHS psychological therapies services (IAPT), including cognitive behavioural therapy (CBT) ",3,Email,SuttonTalkingTherapies@swlstg.nhs.uk
page_000043.json,X131769,RQYPR,Sutton Uplift,1,SRV0339,"NHS psychological therapies services (IAPT), including cognitive behavioural therapy (CBT) ",4,Website,https://gateway.mayden.co.uk/referral-v2/a1d9436f-46ea-4e3b-a2f0-b4e2f1646c9f
page_000043.json,X131770,ALR02,Forward Thinking Birmingham,1,SRV0339,"NHS psychological therapies services (IAPT), including cognitive behavioural therapy (CBT) ",1,Telephone,0300 300 0099
page_000043.json,X131770,ALR02,Forward Thinking Birmingham,1,SRV0339,"NHS psychological therapies services (IAPT), including cognitive behavioural therapy (CBT) ",2,PhoneExt,
page_000043.json,X131770,ALR02,Forward Thinking Birmingham,1,SRV0339,"NHS psychological therapies services (IAPT), including cognitive behavioural therapy (CBT) ",3,Email,info@livingwellconsortium.com
page_000043.json,X131770,ALR02,Forward Thinking Birmingham,1,SRV0339,"NHS psychological therapies services (IAPT), including cognitive behavioural therapy (CBT) ",4,Website,https://forwardthinkingbirmingham.nhs.uk/make-a-referral
page_000043.json,X131771,RNUDV,NHS Buckinghamshire Talking Therapies: for anxiety and depression,1,SRV0339,"NHS psychological therapies services (IAPT), including cognitive behavioural therapy (CBT) ",1,Telephone,01865 901 600
page_000043.json,X131771,RNUDV,NHS Buckinghamshire Talking Therapies: for anxiety and depression,1,SRV0339,"NHS psychological therapies services (IAPT), including cognitive behavioural therapy (CBT) ",2,PhoneExt,
page_000043.json,X131771,RNUDV,NHS Buckinghamshire Talking Therapies: for anxiety and depression,1,SRV0339,"NHS psychological therapies services (IAPT), including cognitive behavioural therapy (CBT) ",3,Email,bucks-talking-therapies@oxfordhealth.nhs.uk
page_000043.json,X131771,RNUDV,NHS Buckinghamshire Talking Therapies: for anxiety and depression,1,SRV0339,"NHS psychological therapies services (IAPT), including cognitive behavioural therapy (CBT) ",4,Website,https://www.iaptportal.co.uk/selfreferral.aspx?ServiceCode=BUCKS&ReferralType=0
page_000043.json,X131772,RWRD7,Hertfordshire Partnership Wellbeing Service- West Hertfordshire,1,SRV0339,"NHS psychological therapies services (IAPT), including cognitive behavioural therapy (CBT) ",1,Telephone,0800 6444101
page_000043.json,X131772,RWRD7,Hertfordshire Partnership Wellbeing Service- West Hertfordshire,1,SRV0339,"NHS psychological therapies services (IAPT), including cognitive behavioural therapy (CBT) ",2,PhoneExt,
page_000043.json,X131772,RWRD7,Hertfordshire Partnership Wellbeing Service- West Hertfordshire,1,SRV0339,"NHS psychological therapies services (IAPT), including cognitive behavioural therapy (CBT) ",3,Email,hpft.spa@nhs.net
page_000043.json,X131772,RWRD7,Hertfordshire Partnership Wellbeing Service- West Hertfordshire,1,SRV0339,"NHS psychological therapies services (IAPT), including cognitive behavioural therapy (CBT) ",4,Website,https://www.hpft-iapt.nhs.uk/referral
page_000043.json,X131809,1-3778542260,Shaftesbury North East,2,SRV0315,Care services for people with learning disabilities,1,Telephone,01202 521985
page_000043.json,X131809,1-3778542260,Shaftesbury North East,2,SRV0315,Care services for people with learning disabilities,2,PhoneExt,
page_000043.json,X131812,1-3779366715,Shaftesbury Hallgate,1,SRV0315,Care services for people with learning disabilities,1,Telephone,01202 521985
page_000043.json,X131812,1-3779366715,Shaftesbury Hallgate,1,SRV0315,Care services for people with learning disabilities,2,PhoneExt,
page_000043.json,X131814,1-3779460109,Shaftesbury Somerset,2,SRV0315,Care services for people with learning disabilities,1,Telephone,01202 521985
page_000043.json,X131814,1-3779460109,Shaftesbury Somerset,2,SRV0315,Care services for people with learning disabilities,2,PhoneExt,
page_000043.json,X131821,1-3904108664,Shaftesbury Beaumont Court,1,SRV0315,Care services for people with learning disabilities,1,Telephone,01202 521985
page_000043.json,X131821,1-3904108664,Shaftesbury Beaumont Court,1,SRV0315,Care services for people with learning disabilities,2,PhoneExt,
page_000043.json,X131831,1-3924984564,Belong Morris Feinmann,1,SRV0314,Care services for people with dementia,1,Telephone,01625 508700
page_000043.json,X131831,1-3924984564,Belong Morris Feinmann,1,SRV0314,Care services for people with dementia,2,PhoneExt,
page_000043.json,X131869,1-3942856837,PSS Shared Lives (Manchester),3,SRV0317,Caring for adults over 65,1,Telephone,0151 702 5542
page_000043.json,X131869,1-3942856837,PSS Shared Lives (Manchester),3,SRV0317,Caring for adults over 65,2,PhoneExt,
page_000043.json,X131888,1-3942625345,Bethel Place,1,SRV0315,Care services for people with learning disabilities,1,Telephone,01708 863289
page_000043.json,X131888,1-3942625345,Bethel Place,1,SRV0315,Care services for people with learning disabilities,2,PhoneExt,
page_000043.json,X131938,1-3955806090,United Response - Supported Living: Exeter and East Devon,1,SRV0315,Care services for people with learning disabilities,1,Telephone,0800 0884 377
page_000043.json,X131938,1-3955806090,United Response - Supported Living: Exeter and East Devon,1,SRV0315,Care services for people with learning disabilities,2,PhoneExt,
page_000043.json,X131938,1-3955806090,United Response - Supported Living: Exeter and East Devon,6,SRV0321,Physical disabilities,1,Telephone,01438 712 892
page_000043.json,X131938,1-3955806090,United Response - Supported Living: Exeter and East Devon,6,SRV0321,Physical disabilities,2,PhoneExt,
page_000043.json,X131941,1-3956027835,Domiciliary Care South Devon,1,SRV0315,Care services for people with learning disabilities,1,Telephone,0800 0884 377
page_000043.json,X131941,1-3956027835,Domiciliary Care South Devon,1,SRV0315,Care services for people with learning disabilities,2,PhoneExt,
page_000043.json,X131941,1-3956027835,Domiciliary Care South Devon,5,SRV0321,Physical disabilities,1,Telephone,01438 712 892
page_000043.json,X131941,1-3956027835,Domiciliary Care South Devon,5,SRV0321,Physical disabilities,2,PhoneExt,
page_000043.json,X132398,1-4099698493,Mulberry House,1,SRV0315,Care services for people with learning disabilities,1,Telephone,0117 9709371
page_000043.json,X132398,1-4099698493,Mulberry House,1,SRV0315,Care services for people with learning disabilities,2,PhoneExt,
page_000043.json,X132791,1-4134627298,"Right at Home (Ealing, Hounslow, Hammersmith and Fulham)",3,SRV0317,Caring for adults over 65,1,Telephone,02088327310
page_000043.json,X132791,1-4134627298,"Right at Home (Ealing, Hounslow, Hammersmith and Fulham)",3,SRV0317,Caring for adults over 65,2,PhoneExt,
page_000043.json,X132791,1-4134627298,"Right at Home (Ealing, Hounslow, Hammersmith and Fulham)",4,SRV0323,Caring for adults under 65,1,Telephone,020888327310
page_000043.json,X132791,1-4134627298,"Right at Home (Ealing, Hounslow, Hammersmith and Fulham)",4,SRV0323,Caring for adults under 65,2,PhoneExt,
page_000044.json,X133434,DA101,Freeflow Counselling Service,1,SRV0339,"NHS psychological therapies services (IAPT), including cognitive behavioural therapy (CBT) ",1,Telephone,01282 450 545
page_000044.json,X133434,DA101,Freeflow Counselling Service,1,SRV0339,"NHS psychological therapies services (IAPT), including cognitive behavioural therapy (CBT) ",2,PhoneExt,
page_000044.json,X133434,DA101,Freeflow Counselling Service,1,SRV0339,"NHS psychological therapies services (IAPT), including cognitive behavioural therapy (CBT) ",3,Email,freeflowcounselling@yahoo.co.uk
page_000044.json,X133434,DA101,Freeflow Counselling Service,1,SRV0339,"NHS psychological therapies services (IAPT), including cognitive behavioural therapy (CBT) ",4,Website,http://www.freeflowcounsellingservice.co.uk
page_000044.json,X133436,DA201,Survivors Manchester (Salford),1,SRV0339,"NHS psychological therapies services (IAPT), including cognitive behavioural therapy (CBT) ",1,Telephone,0161 236 2182
page_000044.json,X133436,DA201,Survivors Manchester (Salford),1,SRV0339,"NHS psychological therapies services (IAPT), including cognitive behavioural therapy (CBT) ",2,PhoneExt,
page_000044.json,X133436,DA201,Survivors Manchester (Salford),1,SRV0339,"NHS psychological therapies services (IAPT), including cognitive behavioural therapy (CBT) ",3,Email,support@survivorsmanchester.org.uk
page_000044.json,X133436,DA201,Survivors Manchester (Salford),1,SRV0339,"NHS psychological therapies services (IAPT), including cognitive behavioural therapy (CBT) ",4,Website,https://www.survivorsmanchester.org.uk/support-services/#referral
page_000044.json,X133628,AMC04,"Thinking Ahead Heywood, Middleton and Rochdale",1,SRV0339,"NHS psychological therapies services (IAPT), including cognitive behavioural therapy (CBT) ",1,Telephone,01706 751 180
page_000044.json,X133628,AMC04,"Thinking Ahead Heywood, Middleton and Rochdale",1,SRV0339,"NHS psychological therapies services (IAPT), including cognitive behavioural therapy (CBT) ",2,PhoneExt,
page_000044.json,X133628,AMC04,"Thinking Ahead Heywood, Middleton and Rochdale",1,SRV0339,"NHS psychological therapies services (IAPT), including cognitive behavioural therapy (CBT) ",3,Email,communications@thebiglifegroup.com
page_000044.json,X133628,AMC04,"Thinking Ahead Heywood, Middleton and Rochdale",1,SRV0339,"NHS psychological therapies services (IAPT), including cognitive behavioural therapy (CBT) ",4,Website,https://www.iaptportal.co.uk/roch.html
page_000044.json,X133668,1-4276504607,Snowdrop House,1,SRV0314,Care services for people with dementia,1,Telephone,01342 337220
page_000044.json,X133668,1-4276504607,Snowdrop House,1,SRV0314,Care services for people with dementia,2,PhoneExt,
page_000044.json,X133838,1-4306211615,Highmarket House,1,SRV0314,Care services for people with dementia,1,Telephone,01342 337220
page_000044.json,X133838,1-4306211615,Highmarket House,1,SRV0314,Care services for people with dementia,2,PhoneExt,
page_000044.json,X134100,TAD39,Relationship Therapy North,1,SRV0339,"NHS psychological therapies services (IAPT), including cognitive behavioural therapy (CBT) ",1,Telephone,01535 605047
page_000044.json,X134100,TAD39,Relationship Therapy North,1,SRV0339,"NHS psychological therapies services (IAPT), including cognitive behavioural therapy (CBT) ",2,PhoneExt,
page_000044.json,X134100,TAD39,Relationship Therapy North,1,SRV0339,"NHS psychological therapies services (IAPT), including cognitive behavioural therapy (CBT) ",3,Email,info@rtnorth.org.uk
page_000044.json,X134100,TAD39,Relationship Therapy North,1,SRV0339,"NHS psychological therapies services (IAPT), including cognitive behavioural therapy (CBT) ",4,Website,https://www.relationshiptherapynorth.org.uk/contact
page_000044.json,X134648,TAF94,Kingston Talking Therapies,1,SRV0339,"NHS psychological therapies services (IAPT), including cognitive behavioural therapy (CBT) ",1,Telephone,0203 513 4440
page_000044.json,X134648,TAF94,Kingston Talking Therapies,1,SRV0339,"NHS psychological therapies services (IAPT), including cognitive behavioural therapy (CBT) ",2,PhoneExt,
page_000044.json,X134648,TAF94,Kingston Talking Therapies,1,SRV0339,"NHS psychological therapies services (IAPT), including cognitive behavioural therapy (CBT) ",3,Email,kingstontalkingtherapies@swlstg.nhs.uk
page_000044.json,X134648,TAF94,Kingston Talking Therapies,1,SRV0339,"NHS psychological therapies services (IAPT), including cognitive behavioural therapy (CBT) ",4,Website,https://gateway.mayden.co.uk/referral-v2/93a4d300-76d3-4c3c-995a-e8755329a68b
page_000045.json,X134701,NMG0C,Wolverhampton Msk Service,1,SRV0228,Musculo-skeletal services,1,Telephone,01902 302 393
page_000045.json,X134701,NMG0C,Wolverhampton Msk Service,1,SRV0228,Musculo-skeletal services,2,PhoneExt,
page_000045.json,X134865,1-4309674331,Kingsclear,1,SRV0314,Care services for people with dementia,1,Telephone,0808 223 5407
page_000045.json,X134865,1-4309674331,Kingsclear,1,SRV0314,Care services for people with dementia,2,PhoneExt,
page_000045.json,X135125,NRW01,Changing Minds Northamptonshire,1,SRV0339,"NHS psychological therapies services (IAPT), including cognitive behavioural therapy (CBT) ",1,Telephone,0300 999 1616
page_000045.json,X135125,NRW01,Changing Minds Northamptonshire,1,SRV0339,"NHS psychological therapies services (IAPT), including cognitive behavioural therapy (CBT) ",2,PhoneExt,
page_000045.json,X135125,NRW01,Changing Minds Northamptonshire,1,SRV0339,"NHS psychological therapies services (IAPT), including cognitive behavioural therapy (CBT) ",3,Email,keepingintouch@nhft.nhs.uk
page_000045.json,X135125,NRW01,Changing Minds Northamptonshire,1,SRV0339,"NHS psychological therapies services (IAPT), including cognitive behavioural therapy (CBT) ",4,Website,
page_000046.json,X136508,RP1Q1,NHS Northamptonshire Talking Therapies,1,SRV0339,"NHS psychological therapies services (IAPT), including cognitive behavioural therapy (CBT) ",1,Telephone,0300 999 1616
page_000046.json,X136508,RP1Q1,NHS Northamptonshire Talking Therapies,1,SRV0339,"NHS psychological therapies services (IAPT), including cognitive behavioural therapy (CBT) ",2,PhoneExt,
page_000046.json,X136508,RP1Q1,NHS Northamptonshire Talking Therapies,1,SRV0339,"NHS psychological therapies services (IAPT), including cognitive behavioural therapy (CBT) ",3,Email,
page_000046.json,X136508,RP1Q1,NHS Northamptonshire Talking Therapies,1,SRV0339,"NHS psychological therapies services (IAPT), including cognitive behavioural therapy (CBT) ",4,Website,https://www.nhft.nhs.uk/iapt#venue-refer-to-our-service-tab
page_000046.json,X136738,RREK0,Inclusion Thurrock Iapt,1,SRV0339,"NHS psychological therapies services (IAPT), including cognitive behavioural therapy (CBT) ",1,Telephone,01375 898 680
page_000046.json,X136738,RREK0,Inclusion Thurrock Iapt,1,SRV0339,"NHS psychological therapies services (IAPT), including cognitive behavioural therapy (CBT) ",2,PhoneExt,
page_000046.json,X136738,RREK0,Inclusion Thurrock Iapt,1,SRV0339,"NHS psychological therapies services (IAPT), including cognitive behavioural therapy (CBT) ",3,Email,inclusionthurrock@mpft.nhs.uk
page_000046.json,X136738,RREK0,Inclusion Thurrock Iapt,1,SRV0339,"NHS psychological therapies services (IAPT), including cognitive behavioural therapy (CBT) ",4,Website,https://gateway.mayden.co.uk/referral-v2/b8b18129-203a-4797-8d1a-998e5f720162
page_000046.json,X137224,RX38D,York and Selby Talking Therapies,1,SRV0339,"NHS psychological therapies services (IAPT), including cognitive behavioural therapy (CBT) ",1,Telephone,01904 556 840
page_000046.json,X137224,RX38D,York and Selby Talking Therapies,1,SRV0339,"NHS psychological therapies services (IAPT), including cognitive behavioural therapy (CBT) ",2,PhoneExt,
page_000046.json,X137224,RX38D,York and Selby Talking Therapies,1,SRV0339,"NHS psychological therapies services (IAPT), including cognitive behavioural therapy (CBT) ",3,Email,tewv.yorkselbytalkingtherapies@nhs.net
page_000046.json,X137224,RX38D,York and Selby Talking Therapies,1,SRV0339,"NHS psychological therapies services (IAPT), including cognitive behavioural therapy (CBT) ",4,Website,https://yorkandselbyiapt.co.uk/
page_000047.json,X138417,1-3940578384,Anson Court,2,SRV0317,Caring for adults over 65,1,Telephone,01992 450304
page_000047.json,X138417,1-3940578384,Anson Court,2,SRV0317,Caring for adults over 65,2,PhoneExt,
page_000047.json,X138517,1-4538699416,Buchanan Court,1,SRV0314,Care services for people with dementia,1,Telephone,01342 337220
page_000047.json,X138517,1-4538699416,Buchanan Court,1,SRV0314,Care services for people with dementia,2,PhoneExt,
page_000047.json,X138544,1-4513326298,PSS Shared Lives Norfolk and Suffolk,2,SRV0317,Caring for adults over 65,1,Telephone,0151 702 5542
page_000047.json,X138544,1-4513326298,PSS Shared Lives Norfolk and Suffolk,2,SRV0317,Caring for adults over 65,2,PhoneExt,
page_000047.json,X139131,1-136847550,Encompass Care Specialist Mental Health Services Elsadene,1,SRV0317,Caring for adults over 65,1,Telephone,01305 771207
page_000047.json,X139131,1-136847550,Encompass Care Specialist Mental Health Services Elsadene,1,SRV0317,Caring for adults over 65,2,PhoneExt,
page_000048.json,X139462,1-4731407096,United Response-Bradford Supported Living Services,2,SRV0315,Care services for people with learning disabilities,1,Telephone,0800 0884 377
page_000048.json,X139462,1-4731407096,United Response-Bradford Supported Living Services,2,SRV0315,Care services for people with learning disabilities,2,PhoneExt,
page_000048.json,X139462,1-4731407096,United Response-Bradford Supported Living Services,5,SRV0321,Physical disabilities,1,Telephone,01438 712 892
page_000048.json,X139462,1-4731407096,United Response-Bradford Supported Living Services,5,SRV0321,Physical disabilities,2,PhoneExt,
page_000048.json,X139479,1-4362111880,43 Sedlescombe Road South,1,SRV0315,Care services for people with learning disabilities,1,Telephone,01424 777422
page_000048.json,X139479,1-4362111880,43 Sedlescombe Road South,1,SRV0315,Care services for people with learning disabilities,2,PhoneExt,
page_000048.json,X139900,1-4767351188,Chandler Court,1,SRV0314,Care services for people with dementia,1,Telephone,01342 337220
page_000048.json,X139900,1-4767351188,Chandler Court,1,SRV0314,Care services for people with dementia,2,PhoneExt,
page_000048.json,X139993,1-4704709263,Pear Tree Court,1,SRV0314,Care services for people with dementia,1,Telephone,01342 337220
page_000048.json,X139993,1-4704709263,Pear Tree Court,1,SRV0314,Care services for people with dementia,2,PhoneExt,
page_000048.json,X140251,1-4834996574,Grace Care Centre,2,SRV0317,Caring for adults over 65,1,Telephone,01993 323232
page_000048.json,X140251,1-4834996574,Grace Care Centre,2,SRV0317,Caring for adults over 65,2,PhoneExt,
page_000048.json,X140271,1-4657440585,Knebworth Care Home,1,SRV0314,Care services for people with dementia,1,Telephone,01342 337220
page_000048.json,X140271,1-4657440585,Knebworth Care Home,1,SRV0314,Care services for people with dementia,2,PhoneExt,
page_000048.json,X140756,1-4878132852,Edwardstow Court Care Centre,2,SRV0317,Caring for adults over 65,1,Telephone,01993 323232
page_000048.json,X140756,1-4878132852,Edwardstow Court Care Centre,2,SRV0317,Caring for adults over 65,2,PhoneExt,
page_000048.json,X140773,1-5003160928,Belong Newcastle-under-Lyme,1,SRV0314,Care services for people with dementia,1,Telephone,01625 508700
page_000048.json,X140773,1-5003160928,Belong Newcastle-under-Lyme,1,SRV0314,Care services for people with dementia,2,PhoneExt,
page_000049.json,X141572,1-5123405326,Alexandra House,2,SRV0317,Caring for adults over 65,1,Telephone,01202 746640
page_000049.json,X141572,1-5123405326,Alexandra House,2,SRV0317,Caring for adults over 65,2,PhoneExt,
page_000049.json,X141882,1-5089632910,United Response - The Swallows 183 -189 Hanworth Road,2,SRV0315,Care services for people with learning disabilities,1,Telephone,0800 0884 377
page_000049.json,X141882,1-5089632910,United Response - The Swallows 183 -189 Hanworth Road,2,SRV0315,Care services for people with learning disabilities,2,PhoneExt,
page_000049.json,X141882,1-5089632910,United Response - The Swallows 183 -189 Hanworth Road,5,SRV0321,Physical disabilities,1,Telephone,01438 712 892
page_000049.json,X141882,1-5089632910,United Response - The Swallows 183 -189 Hanworth Road,5,SRV0321,Physical disabilities,2,PhoneExt,
page_000049.json,X141883,1-5089633116,United Response - 36 Harvey Road,2,SRV0315,Care services for people with learning disabilities,1,Telephone,0800 0884 377
page_000049.json,X141883,1-5089633116,United Response - 36 Harvey Road,2,SRV0315,Care services for people with learning disabilities,2,PhoneExt,
page_000049.json,X141883,1-5089633116,United Response - 36 Harvey Road,5,SRV0321,Physical disabilities,1,Telephone,01438 712 892
page_000049.json,X141883,1-5089633116,United Response - 36 Harvey Road,5,SRV0321,Physical disabilities,2,PhoneExt,
page_000049.json,X141885,1-5089633283,United Response - 8 -10 Woodlawn Crescent,2,SRV0315,Care services for people with learning disabilities,1,Telephone,0800 0884 377
page_000049.json,X141885,1-5089633283,United Response - 8 -10 Woodlawn Crescent,2,SRV0315,Care services for people with learning disabilities,2,PhoneExt,
page_000049.json,X141885,1-5089633283,United Response - 8 -10 Woodlawn Crescent,5,SRV0321,Physical disabilities,1,Telephone,01438 712 892
page_000049.json,X141885,1-5089633283,United Response - 8 -10 Woodlawn Crescent,5,SRV0321,Physical disabilities,2,PhoneExt,
page_000049.json,X141886,1-5088905448,United Response - 29 Mayfair Avenue,2,SRV0315,Care services for people with learning disabilities,1,Telephone,0800 0884 377
page_000049.json,X141886,1-5088905448,United Response - 29 Mayfair Avenue,2,SRV0315,Care services for people with learning disabilities,2,PhoneExt,
page_000049.json,X141886,1-5088905448,United Response - 29 Mayfair Avenue,5,SRV0321,Physical disabilities,1,Telephone,01438 712 892
page_000049.json,X141886,1-5088905448,United Response - 29 Mayfair Avenue,5,SRV0321,Physical disabilities,2,PhoneExt,
page_000049.json,X142060,1-5262639112,Belong at Home Newcastle-under-Lyme,1,SRV0314,Care services for people with dementia,1,Telephone,01625 508700
page_000049.json,X142060,1-5262639112,Belong at Home Newcastle-under-Lyme,1,SRV0314,Care services for people with dementia,2,PhoneExt,
page_000049.json,X142073,1-5199259818,Brimley,1,SRV0315,Care services for people with learning disabilities,1,Telephone,0800 0884 377
page_000049.json,X142073,1-5199259818,Brimley,1,SRV0315,Care services for people with learning disabilities,2,PhoneExt,
page_000049.json,X142073,1-5199259818,Brimley,3,SRV0321,Physical disabilities,1,Telephone,01438 712 892
page_000049.json,X142073,1-5199259818,Brimley,3,SRV0321,Physical disabilities,2,PhoneExt,
page_000049.json,X1421,RWP31,Kidderminster Hospital & Treatment Centre,2,SRV0178,Urgent care centre,1,Telephone,01562 513039
page_000049.json,X1421,RWP31,Kidderminster Hospital & Treatment Centre,2,SRV0178,Urgent care centre,2,PhoneExt,
page_000050.json,X144592,1-5274759828,Mercia Grange,1,SRV0314,Care services for people with dementia,1,Telephone,01342 337220
page_000050.json,X144592,1-5274759828,Mercia Grange,1,SRV0314,Care services for people with dementia,2,PhoneExt,
page_000050.json,X144996,TADHQ,Bradford District and Craven Talking Therapies,1,SRV0339,"NHS psychological therapies services (IAPT), including cognitive behavioural therapy (CBT) ",1,Telephone,01274 221234
page_000050.json,X144996,TADHQ,Bradford District and Craven Talking Therapies,1,SRV0339,"NHS psychological therapies services (IAPT), including cognitive behavioural therapy (CBT) ",2,PhoneExt,
page_000050.json,X144996,TADHQ,Bradford District and Craven Talking Therapies,1,SRV0339,"NHS psychological therapies services (IAPT), including cognitive behavioural therapy (CBT) ",3,Email,
page_000050.json,X144996,TADHQ,Bradford District and Craven Talking Therapies,1,SRV0339,"NHS psychological therapies services (IAPT), including cognitive behavioural therapy (CBT) ",4,Website,https://clientportal.pcmis.com/bradself.html
page_000050.json,X144997,RATFC,Talking Therapies - Waltham Forest,1,SRV0339,"NHS psychological therapies services (IAPT), including cognitive behavioural therapy (CBT) ",1,Telephone,0300 300 1554
page_000050.json,X144997,RATFC,Talking Therapies - Waltham Forest,1,SRV0339,"NHS psychological therapies services (IAPT), including cognitive behavioural therapy (CBT) ",2,PhoneExt,4
page_000050.json,X144997,RATFC,Talking Therapies - Waltham Forest,1,SRV0339,"NHS psychological therapies services (IAPT), including cognitive behavioural therapy (CBT) ",3,Email,walthamforest-talkingtherapies@nelft.nhs.uk
page_000050.json,X144997,RATFC,Talking Therapies - Waltham Forest,1,SRV0339,"NHS psychological therapies services (IAPT), including cognitive behavioural therapy (CBT) ",4,Website,https://www.talkingtherapies.nelft.nhs.uk/how-to-refer-to-our-service
page_000050.json,X144998,RATPC,Talking Therapies - Havering,1,SRV0339,"NHS psychological therapies services (IAPT), including cognitive behavioural therapy (CBT) ",1,Telephone,0300 300 1554
page_000050.json,X144998,RATPC,Talking Therapies - Havering,1,SRV0339,"NHS psychological therapies services (IAPT), including cognitive behavioural therapy (CBT) ",2,PhoneExt,2
page_000050.json,X144998,RATPC,Talking Therapies - Havering,1,SRV0339,"NHS psychological therapies services (IAPT), including cognitive behavioural therapy (CBT) ",3,Email,havering-talkingtherapies@nelft.nhs.uk
page_000050.json,X144998,RATPC,Talking Therapies - Havering,1,SRV0339,"NHS psychological therapies services (IAPT), including cognitive behavioural therapy (CBT) ",4,Website,https://www.talkingtherapies.nelft.nhs.uk/how-to-refer-to-our-service
page_000050.json,X145471,RKECE,Haringey Talking Therapies,1,SRV0339,"NHS psychological therapies services (IAPT), including cognitive behavioural therapy (CBT) ",1,Telephone,020 3074 2280
page_000050.json,X145471,RKECE,Haringey Talking Therapies,1,SRV0339,"NHS psychological therapies services (IAPT), including cognitive behavioural therapy (CBT) ",2,PhoneExt,
page_000050.json,X145471,RKECE,Haringey Talking Therapies,1,SRV0339,"NHS psychological therapies services (IAPT), including cognitive behavioural therapy (CBT) ",3,Email,haringey.talkingtherapies@nhs.net
page_000050.json,X145471,RKECE,Haringey Talking Therapies,1,SRV0339,"NHS psychological therapies services (IAPT), including cognitive behavioural therapy (CBT) ",4,Website,https://gateway.mayden.co.uk/referral-v2/b1247ae7-e447-4199-bcf6-6e2f3fe405cd
page_000050.json,X145674,1-5563089061,BrendonCare Otterbourne Hill,1,SRV0314,Care services for people with dementia,1,Telephone,020 8877 9998
page_000050.json,X145674,1-5563089061,BrendonCare Otterbourne Hill,1,SRV0314,Care services for people with dementia,2,PhoneExt,
page_000050.json,X145674,1-5563089061,BrendonCare Otterbourne Hill,2,SRV0317,Caring for adults over 65,1,Telephone,01962 852133
page_000050.json,X145674,1-5563089061,BrendonCare Otterbourne Hill,2,SRV0317,Caring for adults over 65,2,PhoneExt,
page_000051.json,X147652,RWRPU, Hertfordshire Partnership Wellbeing Service - North East Hertfordshire,2,SRV0339,"NHS psychological therapies services (IAPT), including cognitive behavioural therapy (CBT) ",1,Telephone,0800 6444101
page_000051.json,X147652,RWRPU, Hertfordshire Partnership Wellbeing Service - North East Hertfordshire,2,SRV0339,"NHS psychological therapies services (IAPT), including cognitive behavioural therapy (CBT) ",2,PhoneExt,
page_000051.json,X147652,RWRPU, Hertfordshire Partnership Wellbeing Service - North East Hertfordshire,2,SRV0339,"NHS psychological therapies services (IAPT), including cognitive behavioural therapy (CBT) ",3,Email,hpft.spa@nhs.net
page_000051.json,X147652,RWRPU, Hertfordshire Partnership Wellbeing Service - North East Hertfordshire,2,SRV0339,"NHS psychological therapies services (IAPT), including cognitive behavioural therapy (CBT) ",4,Website,https://www.hpft-iapt.nhs.uk/referral
page_000051.json,X147660,RT1AB,Cambridge and Peterborough Voluntary Organisation,1,SRV0339,"NHS psychological therapies services (IAPT), including cognitive behavioural therapy (CBT) ",1,Telephone,0300 300 0055
page_000051.json,X147660,RT1AB,Cambridge and Peterborough Voluntary Organisation,1,SRV0339,"NHS psychological therapies services (IAPT), including cognitive behavioural therapy (CBT) ",2,PhoneExt,
page_000051.json,X147660,RT1AB,Cambridge and Peterborough Voluntary Organisation,1,SRV0339,"NHS psychological therapies services (IAPT), including cognitive behavioural therapy (CBT) ",3,Email,SPAtalkingtherapies@cpft.nhs.uk
page_000051.json,X147660,RT1AB,Cambridge and Peterborough Voluntary Organisation,1,SRV0339,"NHS psychological therapies services (IAPT), including cognitive behavioural therapy (CBT) ",4,Website,https://www.cpft.nhs.uk/self-refer-here
page_000051.json,X147762,1-5622074851,Belong at Home Didsbury,1,SRV0314,Care services for people with dementia,1,Telephone,01625 508700
page_000051.json,X147762,1-5622074851,Belong at Home Didsbury,1,SRV0314,Care services for people with dementia,2,PhoneExt,
page_000051.json,X147763,1-5622676729,Belong at Home Warrington,1,SRV0314,Care services for people with dementia,1,Telephone,01625 508700
page_000051.json,X147763,1-5622676729,Belong at Home Warrington,1,SRV0314,Care services for people with dementia,2,PhoneExt,
page_000051.json,X148060,1-5536602125,Riverside Place,1,SRV0314,Care services for people with dementia,1,Telephone,0808 223 5407
page_000051.json,X148060,1-5536602125,Riverside Place,1,SRV0314,Care services for people with dementia,2,PhoneExt,
page_000051.json,X148607,1-5343520067,Callquest For Care,1,SRV0314,Care services for people with dementia,1,Telephone,08002118500
page_000051.json,X148607,1-5343520067,Callquest For Care,1,SRV0314,Care services for people with dementia,2,PhoneExt,8002118500
page_000051.json,X148607,1-5343520067,Callquest For Care,2,SRV0317,Caring for adults over 65,1,Telephone,08002118500
page_000051.json,X148607,1-5343520067,Callquest For Care,2,SRV0317,Caring for adults over 65,2,PhoneExt,
page_000052.json,X148685,RWK53,Johnson Street,1,SRV0339,"NHS psychological therapies services (IAPT), including cognitive behavioural therapy (CBT) ",1,Telephone,0208 175 1770
page_000052.json,X148685,RWK53,Johnson Street,1,SRV0339,"NHS psychological therapies services (IAPT), including cognitive behavioural therapy (CBT) ",2,PhoneExt,
page_000052.json,X148685,RWK53,Johnson Street,1,SRV0339,"NHS psychological therapies services (IAPT), including cognitive behavioural therapy (CBT) ",3,Email,elft.SPOR-TowerHamlets@nhs.net
page_000052.json,X148685,RWK53,Johnson Street,1,SRV0339,"NHS psychological therapies services (IAPT), including cognitive behavioural therapy (CBT) ",4,Website,https://towerhamletstalkingtherapies.nhs.uk/get-started/
page_000052.json,X148770,1-5731199961,PSS Merseyside,2,SRV0317,Caring for adults over 65,1,Telephone,0151 702 5542
page_000052.json,X148770,1-5731199961,PSS Merseyside,2,SRV0317,Caring for adults over 65,2,PhoneExt,
page_000052.json,X148877,1-5878291418,Poldark,1,SRV0315,Care services for people with learning disabilities,1,Telephone,01637 416444
page_000052.json,X148877,1-5878291418,Poldark,1,SRV0315,Care services for people with learning disabilities,2,PhoneExt,
page_000052.json,X149089,1-6060209835,Mountbatten Grange,1,SRV0314,Care services for people with dementia,1,Telephone,01342 337220
page_000052.json,X149089,1-6060209835,Mountbatten Grange,1,SRV0314,Care services for people with dementia,2,PhoneExt,
page_000052.json,X149696,1-6067028925,Harrier Lodge,1,SRV0314,Care services for people with dementia,1,Telephone,01342 337220
page_000052.json,X149696,1-6067028925,Harrier Lodge,1,SRV0314,Care services for people with dementia,2,PhoneExt,
page_000053.json,X150139,NDC17,NHS Wirral Talking Therapies,1,SRV0339,"NHS psychological therapies services (IAPT), including cognitive behavioural therapy (CBT) ",1,Telephone,0151 649 1859
page_000053.json,X150139,NDC17,NHS Wirral Talking Therapies,1,SRV0339,"NHS psychological therapies services (IAPT), including cognitive behavioural therapy (CBT) ",2,PhoneExt,
page_000053.json,X150139,NDC17,NHS Wirral Talking Therapies,1,SRV0339,"NHS psychological therapies services (IAPT), including cognitive behavioural therapy (CBT) ",3,Email,ccc.wirral@everyturn.org
page_000053.json,X150139,NDC17,NHS Wirral Talking Therapies,1,SRV0339,"NHS psychological therapies services (IAPT), including cognitive behavioural therapy (CBT) ",4,Website,https://everyturn.limbic.ai/
page_000053.json,X150264,1-6024238392,Smyth Lodge,1,SRV0314,Care services for people with dementia,1,Telephone,01342 337220
page_000053.json,X150264,1-6024238392,Smyth Lodge,1,SRV0314,Care services for people with dementia,2,PhoneExt,
page_000053.json,X150757,RQYMI,Merton Iapt,1,SRV0339,"NHS psychological therapies services (IAPT), including cognitive behavioural therapy (CBT) ",1,Telephone,020 3513 5888
page_000053.json,X150757,RQYMI,Merton Iapt,1,SRV0339,"NHS psychological therapies services (IAPT), including cognitive behavioural therapy (CBT) ",2,PhoneExt,
page_000053.json,X150757,RQYMI,Merton Iapt,1,SRV0339,"NHS psychological therapies services (IAPT), including cognitive behavioural therapy (CBT) ",3,Email,mertontalkingtherapies@swlstg.nhs.uk
page_000053.json,X150757,RQYMI,Merton Iapt,1,SRV0339,"NHS psychological therapies services (IAPT), including cognitive behavioural therapy (CBT) ",4,Website,https://gateway.mayden.co.uk/referral-v2/09651f35-050a-4b0e-9565-9e9dea78bc01
page_000053.json,X150901,1-6537835003,PSS Shared Lives Lincolnshire,4,SRV0317,Caring for adults over 65,1,Telephone,0151 702 5542
page_000053.json,X150901,1-6537835003,PSS Shared Lives Lincolnshire,4,SRV0317,Caring for adults over 65,2,PhoneExt,
page_000053.json,X150989,R0B08,South Tyneside Talking Therapies,1,SRV0339,"NHS psychological therapies services (IAPT), including cognitive behavioural therapy (CBT) ",1,Telephone,0191 2832937
page_000053.json,X150989,R0B08,South Tyneside Talking Therapies,1,SRV0339,"NHS psychological therapies services (IAPT), including cognitive behavioural therapy (CBT) ",2,PhoneExt,
page_000053.json,X150989,R0B08,South Tyneside Talking Therapies,1,SRV0339,"NHS psychological therapies services (IAPT), including cognitive behavioural therapy (CBT) ",3,Email,stsft.mhadminteam@nhs.net
page_000053.json,X150989,R0B08,South Tyneside Talking Therapies,1,SRV0339,"NHS psychological therapies services (IAPT), including cognitive behavioural therapy (CBT) ",4,Website,https://gateway.mayden.co.uk/referral-v2/618c915c-7542-45c6-9601-7e4e30ac9775
page_000053.json,X151007,R0B19,Gateshead Talking Therapies,1,SRV0339,"NHS psychological therapies services (IAPT), including cognitive behavioural therapy (CBT) ",1,Telephone,0191 2832541
page_000053.json,X151007,R0B19,Gateshead Talking Therapies,1,SRV0339,"NHS psychological therapies services (IAPT), including cognitive behavioural therapy (CBT) ",2,PhoneExt,
page_000053.json,X151007,R0B19,Gateshead Talking Therapies,1,SRV0339,"NHS psychological therapies services (IAPT), including cognitive behavioural therapy (CBT) ",3,Email,stsft.thecroft@nhs.net
page_000053.json,X151007,R0B19,Gateshead Talking Therapies,1,SRV0339,"NHS psychological therapies services (IAPT), including cognitive behavioural therapy (CBT) ",4,Website,https://www.stsftmentalhealth.nhs.uk/GTT-Self-Refer/self-referral
page_000053.json,X151395,NWC05,Vita Health Group: VitaMinds Basildon & Brentwood,1,SRV0339,"NHS psychological therapies services (IAPT), including cognitive behavioural therapy (CBT) ",1,Telephone,01268 977 171
page_000053.json,X151395,NWC05,Vita Health Group: VitaMinds Basildon & Brentwood,1,SRV0339,"NHS psychological therapies services (IAPT), including cognitive behavioural therapy (CBT) ",2,PhoneExt,
page_000053.json,X151395,NWC05,Vita Health Group: VitaMinds Basildon & Brentwood,1,SRV0339,"NHS psychological therapies services (IAPT), including cognitive behavioural therapy (CBT) ",3,Email,bb.tt.admin@vhg.co.uk
page_000053.json,X151395,NWC05,Vita Health Group: VitaMinds Basildon & Brentwood,1,SRV0339,"NHS psychological therapies services (IAPT), including cognitive behavioural therapy (CBT) ",4,Website,https://www.vitahealthgroup.co.uk/nhs-services/nhs-mental-health/basildon-and-brentwood/
page_000054.json,X152251,V050566,Neo Orthodontics Ltd,1,SRV0087,Braces and other orthodontic treatment,1,Website,https:\\\\\\\\\\\\\\\\\\\\\\\\\\\\\\\\\\\\\\\\\\\\\\\\/\\\\\\\\\\\\\\\\\\\\\\\\\\\\\\\\\\\\\\\\\\\\\\\\/www.neo-orthodontics.com\\\\\\\\\\\\\\\\\\\\\\\\\\\\\\\\\\\\\\\\\\\\\\\\/horsham-practice
page_000055.json,X152764,1-7168178867,Tresleigh,1,SRV0315,Care services for people with learning disabilities,1,Telephone,01637 416444
page_000055.json,X152764,1-7168178867,Tresleigh,1,SRV0315,Care services for people with learning disabilities,2,PhoneExt,
page_000055.json,X152826,1-6792346909,Millers Grange,1,SRV0314,Care services for people with dementia,1,Telephone,01342 337220
page_000055.json,X152826,1-6792346909,Millers Grange,1,SRV0314,Care services for people with dementia,2,PhoneExt,
page_000055.json,X152828,1-7355696419,Avon Court,2,SRV0317,Caring for adults over 65,1,Telephone,01993 323232
page_000055.json,X152828,1-7355696419,Avon Court,2,SRV0317,Caring for adults over 65,2,PhoneExt,
page_000055.json,X152841,1-7354860385,Bourne House,2,SRV0317,Caring for adults over 65,1,Telephone,01993 323232
page_000055.json,X152841,1-7354860385,Bourne House,2,SRV0317,Caring for adults over 65,2,PhoneExt,
page_000055.json,X152845,1-7168178583,Pendragon,1,SRV0315,Care services for people with learning disabilities,1,Telephone,01637 416444
page_000055.json,X152845,1-7168178583,Pendragon,1,SRV0315,Care services for people with learning disabilities,2,PhoneExt,
page_000055.json,X152875,RX40C,First Step,1,SRV0339,"NHS psychological therapies services (IAPT), including cognitive behavioural therapy (CBT) ",1,Telephone,0300 123 9122
page_000055.json,X152875,RX40C,First Step,1,SRV0339,"NHS psychological therapies services (IAPT), including cognitive behavioural therapy (CBT) ",2,PhoneExt,
page_000055.json,X152875,RX40C,First Step,1,SRV0339,"NHS psychological therapies services (IAPT), including cognitive behavioural therapy (CBT) ",3,Email,nctalkingtherapies@cntw.nhs.uk
page_000055.json,X152875,RX40C,First Step,1,SRV0339,"NHS psychological therapies services (IAPT), including cognitive behavioural therapy (CBT) ",4,Website,https://gateway.mayden.co.uk/referral-v2/ea77c8a7-44e4-4b74-a504-7ea7bef8d4f1
page_000055.json,X153299,V054863,The Orthodontic Centre (Reading) Ltd,1,SRV0087,Braces and other orthodontic treatment,1,Website,https:\\\\\\\\\\\\\\\\\\\\\\\\\\\\\\\\\\\\\\\\\\\\\\\\\\\\\\\\\\\\\\\\\\\\\\\\\\\\\\\\\\\\\\\\\\\\\\\\\\\\\\\\\\\\\\\\\\\\\\\\\\\\\\\\\\\\\\\\\\\\\\\\\\\\\\\\\\\\\\\\\\\\\\\\\\\\\\\\\\\\\\\\\\\\\\\\\\\\\\\\\\\\\\\\\\\\\\\\\\\\\\\\\\\\\\\\\\\\\\\\\\\\\\\\\\\\\\\\\\\\\\\\\\\\\\\\\\\\\\\\\\\\\\\\\\\\\\\\\\\\\\\\\\\\\\\\\\\\\\\\\\\\\\\\\\\\\\\\\\\\\\\\\\\\\\\\\\\\\\\\\\\\\\\\\\\\\\\\\\\\\\\\\\\\\\\\\\\\\\\\\\\\\\\\\\\\\\\\\\\\\\\\\\\\\\\\\\\\\\\\\\\\\\\\\\\\\\\\\\\\\\\\\\\\\\\\\\\\\\\\\\\\\\\\\\\\\\\\\\\\\\\\\\\\\\\\\\\\\\\\\\\\\\\\\\\\\\\\\\\\\\\\\\\\\\\\\\\\\\\\\\\\\\\\\\\\\\\\\\\\\\\\\\\\\\\\\\\\\\\\\\\\\\\\\\\\\\\\\\\\\\\\\\\\\\\\\\\\\\\\\\\\\\\\\\\\\\\\\\\\\\\\\\\\\\\\\\\\\\\\\\\\\\\\\\\\\\\\\\\\\\\\\\\\\\\\\\\\\\\\\\\\\\\\\\\\\\\\\\\\\\\\\\\\\\\\\\\\\\\\\\\\\\\\\\\\\\\\\\\\\\\\\\\\\\\\\\\\\\\\\\\\\\\\\\\\\\\\\\\\\\\\\\\\\\\\\\\\\\\\\\\\\\\\\\\\\\\\\\\\\\\\\\\\\\\\\\\\\\\\\\\\\\\\\\\\\\\\\\\\\\\\\\\\\\\\\\\\\\\\\\\\\\\\\\\\\\\\\\\\\\\\\\\\\\\\\\\\\\\\\\\\\\\\\\\\\\\\\\\\\\\\\\\\\\\\\\\\\\\\\\\\\\\\\\\\\\\\\\\\\\\\\\\\\\\\\\\\\\\\\\\\\\\\\\\\\\\\\\\\\\\\\\\\\\\\\\\\\\\\\\\\\\\\\\\\\\\\\\\\\\\\\\\\\\\\\\\\\\\\\\\\\\\\\\\\\\\\\\\\\\\\\\\\\\\\\\\\\\\\\\\\\\\\\\\\\\\\\\\\\\\\\\\\\\\\\\\\\\\\\\\\\\\\\\\\\\\\\\\\\\\\\\\\\\\\\\\\\\\\\\\\\\\\\\\\\\\\\\\\\\\\\\\\\\\\\\\\\\\\\\\\\\\\\\\\\\\\\\\\\\\\\\\\\\\\\\\\\\\\\\\\\\\\\\\\\\\\\\\\\\\\\\\\\\\\\\\\\\\\\\\\\\\\\\\\\\\\\\\\\\\\\\\\\\\\\\\\\\\\\\\\\\\\\\\\\\\\\\\\\\\\\\\\\\\\\\\\\\\\\\\\\\\\\\\\\\\\\\\\\\\\\\\\\\\\\\\\\\\\\\\\\\\\\\\\\\\\\\\\\\\\\\\\\\\\\\\\\\\\\\\\\\\\\\\\\\\\/\\\\\\\\\\\\\\\\\\\\\\\\\\\\\\\\\\\\\\\\\\\\\\\\\\\\\\\\\\\\\\\\\\\\\\\\\\\\\\\\\\\\\\\\\\\\\\\\\\\\\\\\\\\\\\\\\\\\\\\\\\\\\\\\\\\\\\\\\\\\\\\\\\\\\\\\\\\\\\\\\\\\\\\\\\\\\\\\\\\\\\\\\\\\\\\\\\\\\\\\\\\\\\\\\\\\\\\\\\\\\\\\\\\\\\\\\\\\\\\\\\\\\\\\\\\\\\\\\\\\\\\\\\\\\\\\\\\\\\\\\\\\\\\\\\\\\\\\\\\\\\\\\\\\\\\\\\\\\\\\\\\\\\\\\\\\\\\\\\\\\\\\\\\\\\\\\\\\\\\\\\\\\\\\\\\\\\\\\\\\\\\\\\\\\\\\\\\\\\\\\\\\\\\\\\\\\\\\\\\\\\\\\\\\\\\\\\\\\\\\\\\\\\\\\\\\\\\\\\\\\\\\\\\\\\\\\\\\\\\\\\\\\\\\\\\\\\\\\\\\\\\\\\\\\\\\\\\\\\\\\\\\\\\\\\\\\\\\\\\\\\\\\\\\\\\\\\\\\\\\\\\\\\\\\\\\\\\\\\\\\\\\\\\\\\\\\\\\\\\\\\\\\\\\\\\\\\\\\\\\\\\\\\\\\\\\\\\\\\\\\\\\\\\\\\\\\\\\\\\\\\\\\\\\\\\\\\\\\\\\\\\\\\\\\\\\\\\\\\\\\\\\\\\\\\\\\\\\\\\\\\\\\\\\\\\\\\\\\\\\\\\\\\\\\\\\\\\\\\\\\\\\\\\\\\\\\\\\\\\\\\\\\\\\\\\\\\\\\\\\\\\\\\\\\\\\\\\\\\\\\\\\\\\\\\\\\\\\\\\\\\\\\\\\\\\\\\\\\\\\\\\\\\\\\\\\\\\\\\\\\\\\\\\\\\\\\\\\\\\\\\\\\\\\\\\\\\\\\\\\\\\\\\\\\\\\\\\\\\\\\\\\\\\\\\\\\\\\\\\\\\\\\\\\\\\\\\\\\\\\\\\\\\\\\\\\\\\\\\\\\\\\\\\\\\\\\\\\\\\\\\\\\\\\\\\\\\\\\\\\\\\\\\\\\\\\\\\\\\\\\\\\\\\\\\\\\\\\\\\\\\\\\\\\\\\\\\\\\\\\\\\\\\\\\\\\\\\\\\\\\\\\\\\\\\\\\\\\\\\\\\\\\\\\\\\\\\\\\\\\\\\\\\\\\\\\\\\\\\\\\\\\\\\\\\\\\\\\\\\\\\\\\\\\\\\\\\\\\\\\\\\\\\\\\\\\\\\\\\\\\\\\\\\\\\\\\\\\\\\\\\\\\\\\\\\\\\\\\\\\\\\\\\\\\\\\\\\\\\\\\\\\\\\\\\\\\\\\\\\\\\\\\\\\\\\\\\\\\\\\\\\\\\\\\\\\\\\\\\\\\\\\\\\\\\\\\\\\\\\\\\\\\\\\\\\\\\\\\\\\\\\\\\\\\\\\\\\\\\\\\\\\\\\\\\\\\\\\\\\\\\\\\\\\\\\\\\\\\\\\\\\\\\\\\\\\\\\\\\\\\\\\\\\\\\\\\\\\\\\\\\\\\\\\\\\\\\\\\\\\\\\\\\\\\\\\\\\\/www.the-orthodontic-centre.co.uk\\\\\\\\\\\\\\\\\\\\\\\\\\\\\\\\\\\\\\\\\\\\\\\\\\\\\\\\\\\\\\\\\\\\\\\\\\\\\\\\\\\\\\\\\\\\\\\\\\\\\\\\\\\\\\\\\\\\\\\\\\\\\\\\\\\\\\\\\\\\\\\\\\\\\\\\\\\\\\\\\\\\\\\\\\\\\\\\\\\\\\\\\\\\\\\\\\\\\\\\\\\\\\\\\\\\\\\\\\\\\\\\\\\\\\\\\\\\\\\\\\\\\\\\\\\\\\\\\\\\\\\\\\\\\\\\\\\\\\\\\\\\\\\\\\\\\\\\\\\\\\\\\\\\\\\\\\\\\\\\\\\\\\\\\\\\\\\\\\\\\\\\\\\\\\\\\\\\\\\\\\\\\\\\\\\\\\\\\\\\\\\\\\\\\\\\\\\\\\\\\\\\\\\\\\\\\\\\\\\\\\\\\\\\\\\\\\\\\\\\\\\\\\\\\\\\\\\\\\\\\\\\\\\\\\\\\\\\\\\\\\\\\\\\\\\\\\\\\\\\\\\\\\\\\\\\\\\\\\\\\\\\\\\\\\\\\\\\\\\\\\\\\\\\\\\\\\\\\\\\\\\\\\\\\\\\\\\\\\\\\\\\\\\\\\\\\\\\\\\\\\\\\\\\\\\\\\\\\\\\\\\\\\\\\\\\\\\\\\\\\\\\\\\\\\\\\\\\\\\\\\\\\\\\\\\\\\\\\\\\\\\\\\\\\\\\\\\\\\\\\\\\\\\\\\\\\\\\\\\\\\\\\\\\\\\\\\\\\\\\\\\\\\\\\\\\\\\\\\\\\\\\\\\\\\\\\\\\\\\\\\\\\\\\\\\\\\\\\\\\\\\\\\\\\\\\\\\\\\\\\\\\\\\\\\\\\\\\\\\\\\\\\\\\\\\\\\\\\\\\\\\\\\\\\\\\\\\\\\\\\\\\\\\\\\\\\\\\\\\\\\\\\\\\\\\\\\\\\\\\\\\\\\\\\\\\\\\\\\\\\\\\\\\\\\\\\\\\\\\\\\\\\\\\\\\\\\\\\\\\\\\\\\\\\\\\\\\\\\\\\\\\\\\\\\\\\\\\\\\\\\\\\\\\\\\\\\\\\\\\\\\\\\\\\\\\\\\\\\\\\\\\\\\\\\\\\\\\\\\\\\\\\\\\\\\\\\\\\\\\\\\\\\\\\\\\\\\\\\\\\\\\\\\\\\\\\\\\\\\\\\\\\\\\\\\\\\\\\\\\\\\\\\\\\\\\\\\\\\\\\\\\\\\\\\\\\\\\\\\\\\\\\\\\\\\\\\\\\\\\\\\\\\\\\\\\\\\\\\\\\\\\\\\\\\\\\\\\\\\\\\\\\\\\\\\\\\\\\\\\\\\\\\\\\\\\\\\\\\\\\\\\\\\\\\\\\\\\\\\\\\\\\\\\\\\\\\\\\\\\\\\\\\\\\\\\\\\\\\\\\\\\\\\\\\\\\\\\\\\\\\\\\\\\\\\\\\\\\\\\\\\\\\\\\\\\\\\\\\\\\\\\\\\\\\\\\\\\\\\\\\\\\\\\\\\\\\\\\\\\\\\\\\\\\\\\\\\\\\\\\\\\\\\\\\\\\\\\\\\\\\\\\\\\\\\\\\\\\\\\\\\\\\\\\\\\\\\\/find-us\\\\\\\\\\\\\\\\\\\\\\\\\\\\\\\\\\\\\\\\\\\\\\\\\\\\\\\\\\\\\\\\\\\\\\\\\\\\\\\\\\\\\\\\\\\\\\\\\\\\\\\\\\\\\\\\\\\\\\\\\\\\\\\\\\\\\\\\\\\\\\\\\\\\\\\\\\\\\\\\\\\\\\\\\\\\\\\\\\\\\\\\\\\\\\\\\\\\\\\\\\\\\\\\\\\\\\\\\\\\\\\\\\\\\\\\\\\\\\\\\\\\\\\\\\\\\\\\\\\\\\\\\\\\\\\\\\\\\\\\\\\\\\\\\\\\\\\\\\\\\\\\\\\\\\\\\\\\\\\\\\\\\\\\\\\\\\\\\\\\\\\\\\\\\\\\\\\\\\\\\\\\\\\\\\\\\\\\\\\\\\\\\\\\\\\\\\\\\\\\\\\\\\\\\\\\\\\\\\\\\\\\\\\\\\\\\\\\\\\\\\\\\\\\\\\\\\\\\\\\\\\\\\\\\\\\\\\\\\\\\\\\\\\\\\\\\\\\\\\\\\\\\\\\\\\\\\\\\\\\\\\\\\\\\\\\\\\\\\\\\\\\\\\\\\\\\\\\\\\\\\\\\\\\\\\\\\\\\\\\\\\\\\\\\\\\\\\\\\\\\\\\\\\\\\\\\\\\\\\\\\\\\\\\\\\\\\\\\\\\\\\\\\\\\\\\\\\\\\\\\\\\\\\\\\\\\\\\\\\\\\\\\\\\\\\\\\\\\\\\\\\\\\\\\\\\\\\\\\\\\\\\\\\\\\\\\\\\\\\\\\\\\\\\\\\\\\\\\\\\\\\\\\\\\\\\\\\\\\\\\\\\\\\\\\\\\\\\\\\\\\\\\\\\\\\\\\\\\\\\\\\\\\\\\\\\\\\\\\\\\\\\\\\\\\\\\\\\\\\\\\\\\\\\\\\\\\\\\\\\\\\\\\\\\\\\\\\\\\\\\\\\\\\\\\\\\\\\\\\\\\\\\\\\\\\\\\\\\\\\\\\\\\\\\\\\\\\\\\\\\\\\\\\\\\\\\\\\\\\\\\\\\\\\\\\\\\\\\\\\\\\\\\\\\\\\\\\\\\\\\\\\\\\\\\\\\\\\\\\\\\\\\\\\\\\\\\\\\\\\\\\\\\\\\\\\\\\\\\\\\\\\\\\\\\\\\\\\\\\\\\\\\\\\\\\\\\\\\\\\\\\\\\\\\\\\\\\\\\\\\\\\\\\\\\\\\\\\\\\\\\\\\\\\\\\\\\\\\\\\\\\\\\\\\\\\\\\\\\\\\\\\\\\\\\\\\\\\\\\\\\\\\\\\\\\\\\\\\\\\\\\\\\\\\\\\\\\\\\\\\\\\\\\\\\\\\\\\\\\\\\\\\\\\\\\\\\\\\\\\\\\\\\\\\\\\\\\\\\\\\\\\\\\\\\\\\\\\\\\\\\\\\\\\\\\\\\\\\\\\\\\\\\\\\\\\\\\\\\\\\\\\\\\\\\\\\\\\\\\\\\\\\\\\\\\\\\\\\\\\\\\\\\\\\\\\\\\\\\\\\\\\\\\\\\\\\\\\\\\\\\\\\\\\\\\\\\\\\\\\\\\\\\\\\\\\\\\\\\\\\\\\\\\\\\\\\\\\\\\\\\\\\\\\\\\\\\\\/wokingham\\\\\\\\\\\\\\\\\\\\\\\\\\\\\\\\\\\\\\\\\\\\\\\\\\\\\\\\\\\\\\\\\\\\\\\\\\\\\\\\\\\\\\\\\\\\\\\\\\\\\\\\\\\\\\\\\\\\\\\\\\\\\\\\\\\\\\\\\\\\\\\\\\\\\\\\\\\\\\\\\\\\\\\\\\\\\\\\\\\\\\\\\\\\\\\\\\\\\\\\\\\\\\\\\\\\\\\\\\\\\\\\\\\\\\\\\\\\\\\\\\\\\\\\\\\\\\\\\\\\\\\\\\\\\\\\\\\\\\\\\\\\\\\\\\\\\\\\\\\\\\\\\\\\\\\\\\\\\\\\\\\\\\\\\\\\\\\\\\\\\\\\\\\\\\\\\\\\\\\\\\\\\\\\\\\\\\\\\\\\\\\\\\\\\\\\\\\\\\\\\\\\\\\\\\\\\\\\\\\\\\\\\\\\\\\\\\\\\\\\\\\\\\\\\\\\\\\\\\\\\\\\\\\\\\\\\\\\\\\\\\\\\\\\\\\\\\\\\\\\\\\\\\\\\\\\\\\\\\\\\\\\\\\\\\\\\\\\\\\\\\\\\\\\\\\\\\\\\\\\\\\\\\\\\\\\\\\\\\\\\\\\\\\\\\\\\\\\\\\\\\\\\\\\\\\\\\\\\\\\\\\\\\\\\\\\\\\\\\\\\\\\\\\\\\\\\\\\\\\\\\\\\\\\\\\\\\\\\\\\\\\\\\\\\\\\\\\\\\\\\\\\\\\\\\\\\\\\\\\\\\\\\\\\\\\\\\\\\\\\\\\\\\\\\\\\\\\\\\\\\\\\\\\\\\\\\\\\\\\\\\\\\\\\\\\\\\\\\\\\\\\\\\\\\\\\\\\\\\\\\\\\\\\\\\\\\\\\\\\\\\\\\\\\\\\\\\\\\\\\\\\\\\\\\\\\\\\\\\\\\\\\\\\\\\\\\\\\\\\\\\\\\\\\\\\\\\\\\\\\\\\\\\\\\\\\\\\\\\\\\\\\\\\\\\\\\\\\\\\\\\\\\\\\\\\\\\\\\\\\\\\\\\\\\\\\\\\\\\\\\\\\\\\\\\\\\\\\\\\\\\\\\\\\\\\\\\\\\\\\\\\\\\\\\\\\\\\\\\\\\\\\\\\\\\\\\\\\\\\\\\\\\\\\\\\\\\\\\\\\\\\\\\\\\\\\\\\\\\\\\\\\\\\\\\\\\\\\\\\\\\\\\\\\\\\\\\\\\\\\\\\\\\\\\\\\\\\\\\\\\\\\\\\\\\\\\\\\\\\\\\\\\\\\\\\\\\\\\\\\\\\\\\\\\\\\\\\\\\\\\\\\\\\\\\\\\\\\\\\\\\\\\\\\\\\\\\\\\\\\\\\\\\\\\\\\\\\\\\\\\\\\\\\\\\\\\\\\\\\\\\\\\\\\\\\\\\\\\\\\\\\\\\\\\\\\\\\\\\\\\\\\\\\\\\\\\\\\\\\\\\\\\\\\\\\\\\\\\\\\\\\\\\\\\\\\\\\\\\\\\\\\\\\\\\\\\\\\\\\\\\\\\\\\\\\\\\\\\\\\\\\\\\\\\\\\\\\\\\\\\\\\\\\\\\\\\\\\\\\\\\\\\\\\\\\\\\\\\\\\\\\\\\\\\\\\\\\\/
page_000055.json,X153374,NWC07,"Vita Health Group: VitaMinds Bristol, North Somerset & South Gloucestershire",1,SRV0339,"NHS psychological therapies services (IAPT), including cognitive behavioural therapy (CBT) ",1,Telephone,0333 200 1893
page_000055.json,X153374,NWC07,"Vita Health Group: VitaMinds Bristol, North Somerset & South Gloucestershire",1,SRV0339,"NHS psychological therapies services (IAPT), including cognitive behavioural therapy (CBT) ",2,PhoneExt,
page_000055.json,X153374,NWC07,"Vita Health Group: VitaMinds Bristol, North Somerset & South Gloucestershire",1,SRV0339,"NHS psychological therapies services (IAPT), including cognitive behavioural therapy (CBT) ",3,Email,bnssg.tt.admin@vhg.co.uk
page_000055.json,X153374,NWC07,"Vita Health Group: VitaMinds Bristol, North Somerset & South Gloucestershire",1,SRV0339,"NHS psychological therapies services (IAPT), including cognitive behavioural therapy (CBT) ",4,Website,https://www.vitahealthgroup.co.uk/nhs-services/nhs-mental-health/bristol-north-somerset-south-gloucestershire/self-refer/
page_000055.json,X153375,NWC08,Vita Health Group: VitaMinds West Essex,1,SRV0339,"NHS psychological therapies services (IAPT), including cognitive behavioural therapy (CBT) ",1,Telephone,0333 0152 966
page_000055.json,X153375,NWC08,Vita Health Group: VitaMinds West Essex,1,SRV0339,"NHS psychological therapies services (IAPT), including cognitive behavioural therapy (CBT) ",2,PhoneExt,
page_000055.json,X153375,NWC08,Vita Health Group: VitaMinds West Essex,1,SRV0339,"NHS psychological therapies services (IAPT), including cognitive behavioural therapy (CBT) ",3,Email,we.tt.admin@vhg.co.uk
page_000055.json,X153375,NWC08,Vita Health Group: VitaMinds West Essex,1,SRV0339,"NHS psychological therapies services (IAPT), including cognitive behavioural therapy (CBT) ",4,Website,https://www.vitahealthgroup.co.uk/nhs-services/nhs-mental-health/west-essex/
page_000055.json,X153510,V154605,BIP Dental Ltd,1,SRV0087,Braces and other orthodontic treatment,1,Website,https:\\\/\\\/thefabuloussmilecompany.co.uk\\\/
page_000056.json,X154453,RREOZ,Staffordshire and Stoke on Trent Talking Therapies Service,1,SRV0339,"NHS psychological therapies services (IAPT), including cognitive behavioural therapy (CBT) ",1,Telephone,0300 303 0923
page_000056.json,X154453,RREOZ,Staffordshire and Stoke on Trent Talking Therapies Service,1,SRV0339,"NHS psychological therapies services (IAPT), including cognitive behavioural therapy (CBT) ",2,PhoneExt,
page_000056.json,X154453,RREOZ,Staffordshire and Stoke on Trent Talking Therapies Service,1,SRV0339,"NHS psychological therapies services (IAPT), including cognitive behavioural therapy (CBT) ",3,Email,admin.west@mpft.nhs.uk
page_000056.json,X154453,RREOZ,Staffordshire and Stoke on Trent Talking Therapies Service,1,SRV0339,"NHS psychological therapies services (IAPT), including cognitive behavioural therapy (CBT) ",4,Website,https://gateway.mayden.co.uk/referral-v2/9ffffbf8-7a3f-4cc8-af66-0fb3fc0e5b3d
page_000056.json,X1545,RTH05,Horton General Hospital,2,SRV0370,Maternity services,1,Telephone,
page_000056.json,X1545,RTH05,Horton General Hospital,2,SRV0370,Maternity services,2,PhoneExt,
page_000056.json,X154606,NWC12,Vita Health Group: VitaMinds Calderdale,1,SRV0339,"NHS psychological therapies services (IAPT), including cognitive behavioural therapy (CBT) ",1,Telephone,0333 0153 494
page_000056.json,X154606,NWC12,Vita Health Group: VitaMinds Calderdale,1,SRV0339,"NHS psychological therapies services (IAPT), including cognitive behavioural therapy (CBT) ",2,PhoneExt,
page_000056.json,X154606,NWC12,Vita Health Group: VitaMinds Calderdale,1,SRV0339,"NHS psychological therapies services (IAPT), including cognitive behavioural therapy (CBT) ",3,Email,calderdale.tt.admin@vhg.co.uk
page_000056.json,X154606,NWC12,Vita Health Group: VitaMinds Calderdale,1,SRV0339,"NHS psychological therapies services (IAPT), including cognitive behavioural therapy (CBT) ",4,Website,https://www.vitahealthgroup.co.uk/nhs-services/calderdale/self-refer/
page_000056.json,X154636,1-8576167535,Invicta Court,1,SRV0314,Care services for people with dementia,1,Telephone,01342 337220
page_000056.json,X154636,1-8576167535,Invicta Court,1,SRV0314,Care services for people with dementia,2,PhoneExt,
page_000056.json,X154671,1-8123641620,Deewater Grange,1,SRV0314,Care services for people with dementia,1,Telephone,01342 337220
page_000056.json,X154671,1-8123641620,Deewater Grange,1,SRV0314,Care services for people with dementia,2,PhoneExt,
page_000056.json,X154680,1-8043166315,Richmond and Kingston DCA,1,SRV0315,Care services for people with learning disabilities,1,Telephone,0800 0884 377
page_000056.json,X154680,1-8043166315,Richmond and Kingston DCA,1,SRV0315,Care services for people with learning disabilities,2,PhoneExt,
page_000056.json,X154680,1-8043166315,Richmond and Kingston DCA,3,SRV0321,Physical disabilities,1,Telephone,01438 712 892
page_000056.json,X154680,1-8043166315,Richmond and Kingston DCA,3,SRV0321,Physical disabilities,2,PhoneExt,
page_000056.json,X154735,1-7812794068,Carpathia Grange,1,SRV0314,Care services for people with dementia,1,Telephone,01342 337220
page_000056.json,X154735,1-7812794068,Carpathia Grange,1,SRV0314,Care services for people with dementia,2,PhoneExt,
page_000056.json,X154738,1-7773984597,Grace Eyre Choices Sussex,1,SRV0315,Care services for people with learning disabilities,1,Telephone,01273 201900
page_000056.json,X154738,1-7773984597,Grace Eyre Choices Sussex,1,SRV0315,Care services for people with learning disabilities,2,PhoneExt,
page_000056.json,X154754,1-8545095986,Oakfield Croft,1,SRV0314,Care services for people with dementia,1,Telephone,01342 337220
page_000056.json,X154754,1-8545095986,Oakfield Croft,1,SRV0314,Care services for people with dementia,2,PhoneExt,
page_000056.json,X154764,1-7774565918,Grace Eyre Shared Lives Sussex,1,SRV0315,Care services for people with learning disabilities,1,Telephone,01273 201900
page_000056.json,X154764,1-7774565918,Grace Eyre Shared Lives Sussex,1,SRV0315,Care services for people with learning disabilities,2,PhoneExt,
page_000056.json,X154770,1-8089293376,Bickerton House,1,SRV0314,Care services for people with dementia,1,Telephone,01342 337220
page_000056.json,X154770,1-8089293376,Bickerton House,1,SRV0314,Care services for people with dementia,2,PhoneExt,
page_000056.json,X154781,1-7496040286,Trymview Hall,1,SRV0314,Care services for people with dementia,1,Telephone,01342 337220
page_000056.json,X154781,1-7496040286,Trymview Hall,1,SRV0314,Care services for people with dementia,2,PhoneExt,
page_000056.json,X154797,1-7695290952,Montfort Manor,1,SRV0314,Care services for people with dementia,1,Telephone,01342 337220
page_000056.json,X154797,1-7695290952,Montfort Manor,1,SRV0314,Care services for people with dementia,2,PhoneExt,
page_000056.json,X154888,NWC10,Vita Health Group: VitaMinds Kent and Medway,1,SRV0339,"NHS psychological therapies services (IAPT), including cognitive behavioural therapy (CBT) ",1,Telephone,0333 091 0414
page_000056.json,X154888,NWC10,Vita Health Group: VitaMinds Kent and Medway,1,SRV0339,"NHS psychological therapies services (IAPT), including cognitive behavioural therapy (CBT) ",2,PhoneExt,
page_000056.json,X154888,NWC10,Vita Health Group: VitaMinds Kent and Medway,1,SRV0339,"NHS psychological therapies services (IAPT), including cognitive behavioural therapy (CBT) ",3,Email,kentandmedway.tt.admin@vhg.co.uk
page_000056.json,X154888,NWC10,Vita Health Group: VitaMinds Kent and Medway,1,SRV0339,"NHS psychological therapies services (IAPT), including cognitive behavioural therapy (CBT) ",4,Website,https://vitahealth.limbic.ai/
page_000056.json,X154966,TAJ85,Walsall Talking Therapies Service,1,SRV0339,"NHS psychological therapies services (IAPT), including cognitive behavioural therapy (CBT) ",1,Telephone,0800 953 0995
page_000056.json,X154966,TAJ85,Walsall Talking Therapies Service,1,SRV0339,"NHS psychological therapies services (IAPT), including cognitive behavioural therapy (CBT) ",2,PhoneExt,
page_000056.json,X154966,TAJ85,Walsall Talking Therapies Service,1,SRV0339,"NHS psychological therapies services (IAPT), including cognitive behavioural therapy (CBT) ",3,Email,talkingtherapies.walsall@nhs.net
page_000056.json,X154966,TAJ85,Walsall Talking Therapies Service,1,SRV0339,"NHS psychological therapies services (IAPT), including cognitive behavioural therapy (CBT) ",4,Website,https://www.blackcountryhealthcare.nhs.uk/our-services/talking-therapies-healthy-minds-services/walsall-talking-therapies
page_000057.json,X155484,1-8896583560,Trevelthan House,1,SRV0315,Care services for people with learning disabilities,1,Telephone,01637 416444
page_000057.json,X155484,1-8896583560,Trevelthan House,1,SRV0315,Care services for people with learning disabilities,2,PhoneExt,
page_000057.json,X155868,1-9199519760,Parsons Grange,1,SRV0314,Care services for people with dementia,1,Telephone,01342 337220
page_000057.json,X155868,1-9199519760,Parsons Grange,1,SRV0314,Care services for people with dementia,2,PhoneExt,
page_000057.json,X156331,1-8638230604,Harry Sotnick House,1,SRV0314,Care services for people with dementia,1,Telephone,02392 616700
page_000057.json,X156331,1-8638230604,Harry Sotnick House,1,SRV0314,Care services for people with dementia,2,PhoneExt,
page_000057.json,X156508,1-8848836426,Home Instead Aylesbury Vale and North East Oxfordshire,2,SRV0317,Caring for adults over 65,1,Telephone,01844 202778
page_000057.json,X156508,1-8848836426,Home Instead Aylesbury Vale and North East Oxfordshire,2,SRV0317,Caring for adults over 65,2,PhoneExt,
page_000057.json,X156550,1-8479773497,Rusthall Respite,1,SRV0315,Care services for people with learning disabilities,1,Telephone,01732 225200
page_000057.json,X156550,1-8479773497,Rusthall Respite,1,SRV0315,Care services for people with learning disabilities,2,PhoneExt,
page_000057.json,X156550,1-8479773497,Rusthall Respite,3,SRV0323,Caring for adults under 65,1,Telephone,01732 225200
page_000057.json,X156550,1-8479773497,Rusthall Respite,3,SRV0323,Caring for adults under 65,2,PhoneExt,
page_000058.json,X157173,1-8400894768,Chaucer House,1,SRV0314,Care services for people with dementia,1,Telephone,01795 597431
page_000058.json,X157173,1-8400894768,Chaucer House,1,SRV0314,Care services for people with dementia,2,PhoneExt,
page_000058.json,X157173,1-8400894768,Chaucer House,2,SRV0317,Caring for adults over 65,1,Telephone,01795 597431
page_000058.json,X157173,1-8400894768,Chaucer House,2,SRV0317,Caring for adults over 65,2,PhoneExt,
page_000059.json,X159383,1-9219119253,Lonsdale Mews,1,SRV0314,Care services for people with dementia,1,Telephone,01342 337220
page_000059.json,X159383,1-9219119253,Lonsdale Mews,1,SRV0314,Care services for people with dementia,2,PhoneExt,
page_000060.json,X159739,1-9454808898,Brook House Care Home,1,SRV0314,Care services for people with dementia,1,Telephone,0808 223 5407
page_000060.json,X159739,1-9454808898,Brook House Care Home,1,SRV0314,Care services for people with dementia,2,PhoneExt,
page_000060.json,X159926,1-9779630488,Foxhole House,1,SRV0315,Care services for people with learning disabilities,1,Telephone,01637 416444
page_000060.json,X159926,1-9779630488,Foxhole House,1,SRV0315,Care services for people with learning disabilities,2,PhoneExt,
page_000060.json,X160202,W6J9Z,NHS Berkshire Talking Therapies,1,SRV0339,"NHS psychological therapies services (IAPT), including cognitive behavioural therapy (CBT) ",1,Telephone,0300 365 2000
page_000060.json,X160202,W6J9Z,NHS Berkshire Talking Therapies,1,SRV0339,"NHS psychological therapies services (IAPT), including cognitive behavioural therapy (CBT) ",2,PhoneExt,
page_000060.json,X160202,W6J9Z,NHS Berkshire Talking Therapies,1,SRV0339,"NHS psychological therapies services (IAPT), including cognitive behavioural therapy (CBT) ",3,Email,talkingtherapies@berkshire.nhs.uk
page_000060.json,X160202,W6J9Z,NHS Berkshire Talking Therapies,1,SRV0339,"NHS psychological therapies services (IAPT), including cognitive behavioural therapy (CBT) ",4,Website,https://talkingtherapies.berkshirehealthcare.nhs.uk/
page_000061.json,X161732,RATRN,Redbridge HTT (EPACT),1,SRV0339,"NHS psychological therapies services (IAPT), including cognitive behavioural therapy (CBT) ",1,Telephone,0300 300 1554
page_000061.json,X161732,RATRN,Redbridge HTT (EPACT),1,SRV0339,"NHS psychological therapies services (IAPT), including cognitive behavioural therapy (CBT) ",2,PhoneExt,
page_000061.json,X161732,RATRN,Redbridge HTT (EPACT),1,SRV0339,"NHS psychological therapies services (IAPT), including cognitive behavioural therapy (CBT) ",3,Email,redbridge-talkingtherapies@nelft.nhs.uk
page_000061.json,X161732,RATRN,Redbridge HTT (EPACT),1,SRV0339,"NHS psychological therapies services (IAPT), including cognitive behavioural therapy (CBT) ",4,Website,https://www.talkingtherapies.nelft.nhs.uk/how-to-refer-to-our-service
page_000061.json,X162335,W5N3Z,Talking Matters Sefton,1,SRV0339,"NHS psychological therapies services (IAPT), including cognitive behavioural therapy (CBT) ",1,Telephone,0300 303 2708
page_000061.json,X162335,W5N3Z,Talking Matters Sefton,1,SRV0339,"NHS psychological therapies services (IAPT), including cognitive behavioural therapy (CBT) ",2,PhoneExt,
page_000061.json,X162335,W5N3Z,Talking Matters Sefton,1,SRV0339,"NHS psychological therapies services (IAPT), including cognitive behavioural therapy (CBT) ",3,Email,tms.referrals@nhs.net
page_000061.json,X162335,W5N3Z,Talking Matters Sefton,1,SRV0339,"NHS psychological therapies services (IAPT), including cognitive behavioural therapy (CBT) ",4,Website,https://gateway.mayden.co.uk/referral-v2/05d3ebd7-3d3c-4ae6-8540-138a0da42985
page_000061.json,X162997,1-10324127390,Acer Care and Care 4 Me,2,SRV0317,Caring for adults over 65,1,Telephone,01684 311674
page_000061.json,X162997,1-10324127390,Acer Care and Care 4 Me,2,SRV0317,Caring for adults over 65,2,PhoneExt,
page_000061.json,X162997,1-10324127390,Acer Care and Care 4 Me,3,SRV0323,Caring for adults under 65,1,Telephone,01684 311674
page_000061.json,X162997,1-10324127390,Acer Care and Care 4 Me,3,SRV0323,Caring for adults under 65,2,PhoneExt,
page_000061.json,X163258,P6W4I,"Vita Health Group: VitaMinds Leicester, Leicestershire & Rutland",1,SRV0339,"NHS psychological therapies services (IAPT), including cognitive behavioural therapy (CBT) ",1,Telephone,0330 094 5595
page_000061.json,X163258,P6W4I,"Vita Health Group: VitaMinds Leicester, Leicestershire & Rutland",1,SRV0339,"NHS psychological therapies services (IAPT), including cognitive behavioural therapy (CBT) ",2,PhoneExt,
page_000061.json,X163258,P6W4I,"Vita Health Group: VitaMinds Leicester, Leicestershire & Rutland",1,SRV0339,"NHS psychological therapies services (IAPT), including cognitive behavioural therapy (CBT) ",3,Email,llr.tt.admin@vhg.co.uk
page_000061.json,X163258,P6W4I,"Vita Health Group: VitaMinds Leicester, Leicestershire & Rutland",1,SRV0339,"NHS psychological therapies services (IAPT), including cognitive behavioural therapy (CBT) ",4,Website,https://www.vitahealthgroup.co.uk/make-a-referral/self-referral/nhs-mental-health-self-referral/leicester-leicestershire-rutland-nhs-mental-health-self-referral/
page_000062.json,X163564,X0T8F,Think Wellbeing,1,SRV0339,"NHS psychological therapies services (IAPT), including cognitive behavioural therapy (CBT) ",1,Telephone,0151 351 8890
page_000062.json,X163564,X0T8F,Think Wellbeing,1,SRV0339,"NHS psychological therapies services (IAPT), including cognitive behavioural therapy (CBT) ",2,PhoneExt,
page_000062.json,X163564,X0T8F,Think Wellbeing,1,SRV0339,"NHS psychological therapies services (IAPT), including cognitive behavioural therapy (CBT) ",3,Email,nwbh.twbknowsley@nhs.net
page_000062.json,X163564,X0T8F,Think Wellbeing,1,SRV0339,"NHS psychological therapies services (IAPT), including cognitive behavioural therapy (CBT) ",4,Website,https://gateway.mayden.co.uk/referral-v2/1dc3fa5b-1749-4351-9f0f-6260116146fc
page_000062.json,X163734,1-10941404798,Ancasta Grove,1,SRV0314,Care services for people with dementia,1,Telephone,01342 337220
page_000062.json,X163734,1-10941404798,Ancasta Grove,1,SRV0314,Care services for people with dementia,2,PhoneExt,
page_000062.json,X163746,1-11348604884,Heathlands House,1,SRV0314,Care services for people with dementia,1,Telephone,01342 337220
page_000062.json,X163746,1-11348604884,Heathlands House,1,SRV0314,Care services for people with dementia,2,PhoneExt,
page_000062.json,X163861,1-11230943566,Shaftesbury St Giles,2,SRV0315,Care services for people with learning disabilities,1,Telephone,01202 521985
page_000062.json,X163861,1-11230943566,Shaftesbury St Giles,2,SRV0315,Care services for people with learning disabilities,2,PhoneExt,
page_000062.json,X163862,1-11230943614,Shaftesbury Cranfield Court,2,SRV0315,Care services for people with learning disabilities,1,Telephone,01202 521985
page_000062.json,X163862,1-11230943614,Shaftesbury Cranfield Court,2,SRV0315,Care services for people with learning disabilities,2,PhoneExt,
page_000062.json,X163913,1-10982743602,Beauchamp House Nursing Home,2,SRV0317,Caring for adults over 65,1,Telephone,01202 746640
page_000062.json,X163913,1-10982743602,Beauchamp House Nursing Home,2,SRV0317,Caring for adults over 65,2,PhoneExt,
page_000062.json,X163916,1-10983124844,Kenwith Castle Country House Care,1,SRV0317,Caring for adults over 65,1,Telephone,01202 746640
page_000062.json,X163916,1-10983124844,Kenwith Castle Country House Care,1,SRV0317,Caring for adults over 65,2,PhoneExt,
page_000062.json,X164018,1-10484679900,United Response - Greater Manchester DCA,2,SRV0315,Care services for people with learning disabilities,1,Telephone,0800 0884 377
page_000062.json,X164018,1-10484679900,United Response - Greater Manchester DCA,2,SRV0315,Care services for people with learning disabilities,2,PhoneExt,
page_000062.json,X164018,1-10484679900,United Response - Greater Manchester DCA,6,SRV0321,Physical disabilities,1,Telephone,01438 712 892
page_000062.json,X164018,1-10484679900,United Response - Greater Manchester DCA,6,SRV0321,Physical disabilities,2,PhoneExt,
page_000062.json,X164019,1-10484679931,United Response - Salford DCA,2,SRV0315,Care services for people with learning disabilities,1,Telephone,0800 0884 377
page_000062.json,X164019,1-10484679931,United Response - Salford DCA,2,SRV0315,Care services for people with learning disabilities,2,PhoneExt,
page_000062.json,X164019,1-10484679931,United Response - Salford DCA,6,SRV0321,Physical disabilities,1,Telephone,01438 712 892
page_000062.json,X164019,1-10484679931,United Response - Salford DCA,6,SRV0321,Physical disabilities,2,PhoneExt,
page_000062.json,X164224,1-10239195055,Crossfields Lodge,1,SRV0315,Care services for people with learning disabilities,1,Telephone,01708 863289
page_000062.json,X164224,1-10239195055,Crossfields Lodge,1,SRV0315,Care services for people with learning disabilities,2,PhoneExt,
page_000062.json,X164225,1-10592451713,Hillside Lodge,1,SRV0315,Care services for people with learning disabilities,1,Telephone,01708 863289
page_000062.json,X164225,1-10592451713,Hillside Lodge,1,SRV0315,Care services for people with learning disabilities,2,PhoneExt,
page_000062.json,X164262,1-10700061102,Elmthorpe Convent Domiciliary Care,2,SRV0317,Caring for adults over 65,1,Telephone,01707 258735
page_000062.json,X164262,1-10700061102,Elmthorpe Convent Domiciliary Care,2,SRV0317,Caring for adults over 65,2,PhoneExt,
page_000062.json,X164292,1-11590124245,Dashwood Manor,1,SRV0314,Care services for people with dementia,1,Telephone,01342 337220
page_000062.json,X164292,1-11590124245,Dashwood Manor,1,SRV0314,Care services for people with dementia,2,PhoneExt,
page_000062.json,X164396,1-9748634191,JSS Homecare Ltd,1,SRV0314,Care services for people with dementia,1,Telephone,01935 350355
page_000062.json,X164396,1-9748634191,JSS Homecare Ltd,1,SRV0314,Care services for people with dementia,2,PhoneExt,
page_000062.json,X164437,1-11484415015,JSS Homecare Ltd,1,SRV0314,Care services for people with dementia,1,Telephone,01935 350355
page_000062.json,X164437,1-11484415015,JSS Homecare Ltd,1,SRV0314,Care services for people with dementia,2,PhoneExt,
page_000063.json,X165083,1-11786488212,Martlet Manor,1,SRV0314,Care services for people with dementia,1,Telephone,01342 337220
page_000063.json,X165083,1-11786488212,Martlet Manor,1,SRV0314,Care services for people with dementia,2,PhoneExt,
page_000063.json,X165786,1-11910770257,Mantles Court,2,SRV0317,Caring for adults over 65,1,Telephone,01992 450304
page_000063.json,X165786,1-11910770257,Mantles Court,2,SRV0317,Caring for adults over 65,2,PhoneExt,
page_000064.json,X166055,1-12119261092,Chichester Grange,1,SRV0314,Care services for people with dementia,1,Telephone,01342 337220
page_000064.json,X166055,1-12119261092,Chichester Grange,1,SRV0314,Care services for people with dementia,2,PhoneExt,
page_000064.json,X166615,RWK10,City & Hackney NHS Talking Therapies,1,SRV0339,"NHS psychological therapies services (IAPT), including cognitive behavioural therapy (CBT) ",1,Telephone,0208 5108287
page_000064.json,X166615,RWK10,City & Hackney NHS Talking Therapies,1,SRV0339,"NHS psychological therapies services (IAPT), including cognitive behavioural therapy (CBT) ",2,PhoneExt,
page_000064.json,X166615,RWK10,City & Hackney NHS Talking Therapies,1,SRV0339,"NHS psychological therapies services (IAPT), including cognitive behavioural therapy (CBT) ",3,Email,huh-tr.talkingtherapy@nhs.net
page_000064.json,X166615,RWK10,City & Hackney NHS Talking Therapies,1,SRV0339,"NHS psychological therapies services (IAPT), including cognitive behavioural therapy (CBT) ",4,Website,
page_000064.json,X166629,S6B9Z,Think Wellbeing,1,SRV0339,"NHS psychological therapies services (IAPT), including cognitive behavioural therapy (CBT) ",1,Telephone,01744 415 650
page_000064.json,X166629,S6B9Z,Think Wellbeing,1,SRV0339,"NHS psychological therapies services (IAPT), including cognitive behavioural therapy (CBT) ",2,PhoneExt,
page_000064.json,X166629,S6B9Z,Think Wellbeing,1,SRV0339,"NHS psychological therapies services (IAPT), including cognitive behavioural therapy (CBT) ",3,Email,
page_000064.json,X166629,S6B9Z,Think Wellbeing,1,SRV0339,"NHS psychological therapies services (IAPT), including cognitive behavioural therapy (CBT) ",4,Website,https://gateway.mayden.co.uk/referral-v2/4f7d9c0b-6a12-4cf1-9d1a-4ceb6677de80
page_000065.json,X167605,1-3909309981,Right at Home Tyneside,1,SRV0314,Care services for people with dementia,1,Telephone,0191 2236806
page_000065.json,X167605,1-3909309981,Right at Home Tyneside,1,SRV0314,Care services for people with dementia,2,PhoneExt,
page_000065.json,X167605,1-3909309981,Right at Home Tyneside,2,SRV0317,Caring for adults over 65,1,Telephone,0191 2236806
page_000065.json,X167605,1-3909309981,Right at Home Tyneside,2,SRV0317,Caring for adults over 65,2,PhoneExt,
page_000065.json,X167605,1-3909309981,Right at Home Tyneside,3,SRV0323,Caring for adults under 65,1,Telephone,0191 2236806
page_000065.json,X167605,1-3909309981,Right at Home Tyneside,3,SRV0323,Caring for adults under 65,2,PhoneExt,
page_000065.json,X167605,1-3909309981,Right at Home Tyneside,4,SRV0321,Physical disabilities,1,Telephone,0191 2236806
page_000065.json,X167605,1-3909309981,Right at Home Tyneside,4,SRV0321,Physical disabilities,2,PhoneExt,
page_000065.json,X167605,1-3909309981,Right at Home Tyneside,5,SRV0322,Sensory impairments,1,Telephone,0191 2236806
page_000065.json,X167605,1-3909309981,Right at Home Tyneside,5,SRV0322,Sensory impairments,2,PhoneExt,
page_000065.json,X167813,1-12583653979,Beaumont House,3,SRV0317,Caring for adults over 65,1,Telephone,01502 500653
page_000065.json,X167813,1-12583653979,Beaumont House,3,SRV0317,Caring for adults over 65,2,PhoneExt,
page_000065.json,X167814,1-12583654277,Rosebank Park,3,SRV0317,Caring for adults over 65,1,Telephone,01502 500653
page_000065.json,X167814,1-12583654277,Rosebank Park,3,SRV0317,Caring for adults over 65,2,PhoneExt,
page_000066.json,X169344,1-13083032288,Belong Chester,1,SRV0314,Care services for people with dementia,1,Telephone,01625 508700
page_000066.json,X169344,1-13083032288,Belong Chester,1,SRV0314,Care services for people with dementia,2,PhoneExt,
page_000066.json,X169366,U2W2O,Wigan Talking Therapies,1,SRV0339,"NHS psychological therapies services (IAPT), including cognitive behavioural therapy (CBT) ",1,Telephone,0161 271 0190
page_000066.json,X169366,U2W2O,Wigan Talking Therapies,1,SRV0339,"NHS psychological therapies services (IAPT), including cognitive behavioural therapy (CBT) ",2,PhoneExt,
page_000066.json,X169366,U2W2O,Wigan Talking Therapies,1,SRV0339,"NHS psychological therapies services (IAPT), including cognitive behavioural therapy (CBT) ",3,Email,
page_000066.json,X169366,U2W2O,Wigan Talking Therapies,1,SRV0339,"NHS psychological therapies services (IAPT), including cognitive behavioural therapy (CBT) ",4,Website,https://www.gmmh.nhs.uk/wigan-talking-therapies
page_000066.json,X169459,1-13467411876,"Lowestoft Papworth Trust, Office 1&2",1,SRV0315,Care services for people with learning disabilities,1,Telephone,01234 857664
page_000066.json,X169459,1-13467411876,"Lowestoft Papworth Trust, Office 1&2",1,SRV0315,Care services for people with learning disabilities,2,PhoneExt,
page_000067.json,X169511,C2J4D,Vita Health Group: Newcastle,1,SRV0339,"NHS psychological therapies services (IAPT), including cognitive behavioural therapy (CBT) ",1,Telephone,0330 0534230
page_000067.json,X169511,C2J4D,Vita Health Group: Newcastle,1,SRV0339,"NHS psychological therapies services (IAPT), including cognitive behavioural therapy (CBT) ",2,PhoneExt,
page_000067.json,X169511,C2J4D,Vita Health Group: Newcastle,1,SRV0339,"NHS psychological therapies services (IAPT), including cognitive behavioural therapy (CBT) ",3,Email,newcastle.tt.admin@vhg.co.uk
page_000067.json,X169511,C2J4D,Vita Health Group: Newcastle,1,SRV0339,"NHS psychological therapies services (IAPT), including cognitive behavioural therapy (CBT) ",4,Website,https://www.vitahealthgroup.co.uk/make-a-referral/self-referral/nhs-mental-health-self-referral/newcastle-nhs-mental-health-self-referral/
page_000067.json,X169758,1-13648354742,Kibblesworth,5,SRV0321,Physical disabilities,1,Telephone,01455 613823
page_000067.json,X169758,1-13648354742,Kibblesworth,5,SRV0321,Physical disabilities,2,PhoneExt,
page_000067.json,X170010,1-13774240233,2M Health & Home Care Services Ltd,3,SRV0317,Caring for adults over 65,1,Telephone,01562 741 647
page_000067.json,X170010,1-13774240233,2M Health & Home Care Services Ltd,3,SRV0317,Caring for adults over 65,2,PhoneExt,
page_000067.json,X170565,1-14137680055,Castle Dene,2,SRV0317,Caring for adults over 65,1,Telephone,01202 746640
page_000067.json,X170565,1-14137680055,Castle Dene,2,SRV0317,Caring for adults over 65,2,PhoneExt,
page_000068.json,X170682,1-13627819259,St George's Witham Nursing Home,1,SRV0314,Care services for people with dementia,1,Telephone,01206586900
page_000068.json,X170682,1-13627819259,St George's Witham Nursing Home,1,SRV0314,Care services for people with dementia,2,PhoneExt,
page_000068.json,X1709,RTH08,John Radcliffe Hospital,2,SRV0370,Maternity services,1,Telephone,
page_000068.json,X1709,RTH08,John Radcliffe Hospital,2,SRV0370,Maternity services,2,PhoneExt,
page_000068.json,X170998,1-14333875891,Swallowtail Place,1,SRV0317,Caring for adults over 65,1,Telephone,01603 741717
page_000068.json,X170998,1-14333875891,Swallowtail Place,1,SRV0317,Caring for adults over 65,2,PhoneExt,
page_000068.json,X171195,1-14307418846,Home Instead,1,SRV0314,Care services for people with dementia,1,Telephone,01395 200600
page_000068.json,X171195,1-14307418846,Home Instead,1,SRV0314,Care services for people with dementia,2,PhoneExt,
page_000068.json,X171195,1-14307418846,Home Instead,2,SRV0315,Care services for people with learning disabilities,1,Telephone,01395 200600
page_000068.json,X171195,1-14307418846,Home Instead,2,SRV0315,Care services for people with learning disabilities,2,PhoneExt,
page_000068.json,X171195,1-14307418846,Home Instead,3,SRV0317,Caring for adults over 65,1,Telephone,01395 200600
page_000068.json,X171195,1-14307418846,Home Instead,3,SRV0317,Caring for adults over 65,2,PhoneExt,
page_000068.json,X171195,1-14307418846,Home Instead,4,SRV0323,Caring for adults under 65,1,Telephone,01395 200600
page_000068.json,X171195,1-14307418846,Home Instead,4,SRV0323,Caring for adults under 65,2,PhoneExt,
page_000068.json,X171195,1-14307418846,Home Instead,5,SRV0316,Mental health conditions,1,Telephone,01395 200600
page_000068.json,X171195,1-14307418846,Home Instead,5,SRV0316,Mental health conditions,2,PhoneExt,
page_000068.json,X171195,1-14307418846,Home Instead,6,SRV0321,Physical disabilities,1,Telephone,01395 200600
page_000068.json,X171195,1-14307418846,Home Instead,6,SRV0321,Physical disabilities,2,PhoneExt,
page_000068.json,X171195,1-14307418846,Home Instead,7,SRV0322,Sensory impairments,1,Telephone,01395 200600
page_000068.json,X171195,1-14307418846,Home Instead,7,SRV0322,Sensory impairments,2,PhoneExt,
page_000068.json,X171376,1-14278729549,"Radfield Home Care Derby, Ashbourne & South Derbyshire",2,SRV0317,Caring for adults over 65,1,Telephone,01785 336628
page_000068.json,X171376,1-14278729549,"Radfield Home Care Derby, Ashbourne & South Derbyshire",2,SRV0317,Caring for adults over 65,2,PhoneExt,
page_000068.json,X171570,TAJ91,Dudley Talking Therapies Service,1,SRV0339,"NHS psychological therapies services (IAPT), including cognitive behavioural therapy (CBT) ",1,Telephone,0800 953 0404
page_000068.json,X171570,TAJ91,Dudley Talking Therapies Service,1,SRV0339,"NHS psychological therapies services (IAPT), including cognitive behavioural therapy (CBT) ",2,PhoneExt,
page_000068.json,X171570,TAJ91,Dudley Talking Therapies Service,1,SRV0339,"NHS psychological therapies services (IAPT), including cognitive behavioural therapy (CBT) ",3,Email,SED@dwmh.nhs.uk
page_000068.json,X171570,TAJ91,Dudley Talking Therapies Service,1,SRV0339,"NHS psychological therapies services (IAPT), including cognitive behavioural therapy (CBT) ",4,Website,https://www.blackcountryhealthcare.nhs.uk/talking-therapies/dudley-talking-therapies-service
page_000068.json,X171617,1-14615433130,Oxbow Manor,1,SRV0314,Care services for people with dementia,1,Telephone,01342 337220
page_000068.json,X171617,1-14615433130,Oxbow Manor,1,SRV0314,Care services for people with dementia,2,PhoneExt,
page_000069.json,X172575,1-15062284876,United Response - Merseyside Supported Living,1,SRV0315,Care services for people with learning disabilities,1,Telephone,0800 0884 377
page_000069.json,X172575,1-15062284876,United Response - Merseyside Supported Living,1,SRV0315,Care services for people with learning disabilities,2,PhoneExt,
page_000070.json,X172978,1-15273935429,Oakmoor Lodge,2,SRV0317,Caring for adults over 65,1,Telephone,01992 450304
page_000070.json,X172978,1-15273935429,Oakmoor Lodge,2,SRV0317,Caring for adults over 65,2,PhoneExt,
page_000070.json,X173361,S5F7C,NHS Talking Therapies Nottinghamshire,1,SRV0339,"NHS psychological therapies services (IAPT), including cognitive behavioural therapy (CBT) ",1,Telephone,0333 188 1060
page_000070.json,X173361,S5F7C,NHS Talking Therapies Nottinghamshire,1,SRV0339,"NHS psychological therapies services (IAPT), including cognitive behavioural therapy (CBT) ",2,PhoneExt,
page_000070.json,X173361,S5F7C,NHS Talking Therapies Nottinghamshire,1,SRV0339,"NHS psychological therapies services (IAPT), including cognitive behavioural therapy (CBT) ",3,Email,Notts.tt.admin@notts-talk.co.uk
page_000070.json,X173361,S5F7C,NHS Talking Therapies Nottinghamshire,1,SRV0339,"NHS psychological therapies services (IAPT), including cognitive behavioural therapy (CBT) ",4,Website,https://notts-ttad.limbic.ai/
page_000071.json,X174802,1-15487904610,Millway House,1,SRV0314,Care services for people with dementia,1,Telephone,01202 516 999
page_000071.json,X174802,1-15487904610,Millway House,1,SRV0314,Care services for people with dementia,2,PhoneExt,
page_000071.json,X174802,1-15487904610,Millway House,2,SRV0317,Caring for adults over 65,1,Telephone,01202 516 999
page_000071.json,X174802,1-15487904610,Millway House,2,SRV0317,Caring for adults over 65,2,PhoneExt,
page_000071.json,X174802,1-15487904610,Millway House,3,SRV0321,Physical disabilities,1,Telephone,01202 516 999
page_000071.json,X174802,1-15487904610,Millway House,3,SRV0321,Physical disabilities,2,PhoneExt,
page_000071.json,X175067,1-16604434533,Brendoncare St Giles View,1,SRV0314,Care services for people with dementia,1,Telephone,020 8877 9998
page_000071.json,X175067,1-16604434533,Brendoncare St Giles View,1,SRV0314,Care services for people with dementia,2,PhoneExt,
page_000071.json,X175067,1-16604434533,Brendoncare St Giles View,2,SRV0317,Caring for adults over 65,1,Telephone,01962 852133
page_000071.json,X175067,1-16604434533,Brendoncare St Giles View,2,SRV0317,Caring for adults over 65,2,PhoneExt,
page_000072.json,X175620,1-16887482972,Specialist Care Team - Manchester,2,SRV0315,Care services for people with learning disabilities,1,Telephone,01524 401200
page_000072.json,X175620,1-16887482972,Specialist Care Team - Manchester,2,SRV0315,Care services for people with learning disabilities,2,PhoneExt,
page_000072.json,X175776,1-17194715780,Orchard View,1,SRV0317,Caring for adults over 65,1,Telephone,0191 48703726
page_000072.json,X175776,1-17194715780,Orchard View,1,SRV0317,Caring for adults over 65,2,PhoneExt,
page_000072.json,X1758,RNQ51,Kettering General Hospital,1,SRV0001,Accident and emergency services,1,Telephone,01536 491291
page_000072.json,X1758,RNQ51,Kettering General Hospital,1,SRV0001,Accident and emergency services,2,PhoneExt,
page_000072.json,X175912,1-17189558200,Elm View Care Home,2,SRV0317,Caring for adults over 65,1,Telephone,01992 450304
page_000072.json,X175912,1-17189558200,Elm View Care Home,2,SRV0317,Caring for adults over 65,2,PhoneExt,
page_000072.json,X1760,RWJ09,Stepping Hill Hospital,3,SRV0339,"NHS psychological therapies services (IAPT), including cognitive behavioural therapy (CBT) ",1,Telephone,0161 716 5640
page_000072.json,X1760,RWJ09,Stepping Hill Hospital,3,SRV0339,"NHS psychological therapies services (IAPT), including cognitive behavioural therapy (CBT) ",2,PhoneExt,
page_000072.json,X1760,RWJ09,Stepping Hill Hospital,3,SRV0339,"NHS psychological therapies services (IAPT), including cognitive behavioural therapy (CBT) ",3,Email,PCS@stockport.nhs.uk
page_000072.json,X1760,RWJ09,Stepping Hill Hospital,3,SRV0339,"NHS psychological therapies services (IAPT), including cognitive behavioural therapy (CBT) ",4,Website,https://www.iaptportal.co.uk/pcstkpt.html
page_000072.json,X176239,1-17591078108,Cuttlebrook Hall,1,SRV0314,Care services for people with dementia,1,Telephone,01342 337220
page_000072.json,X176239,1-17591078108,Cuttlebrook Hall,1,SRV0314,Care services for people with dementia,2,PhoneExt,
page_000074.json,X177596,1-18068836770,Barnes Lodge,1,SRV0314,Care services for people with dementia,1,Telephone,01795 597431
page_000074.json,X177596,1-18068836770,Barnes Lodge,1,SRV0314,Care services for people with dementia,2,PhoneExt,
page_000074.json,X177596,1-18068836770,Barnes Lodge,2,SRV0317,Caring for adults over 65,1,Telephone,01795 597431
page_000074.json,X177596,1-18068836770,Barnes Lodge,2,SRV0317,Caring for adults over 65,2,PhoneExt,
page_000074.json,X177726,1-18326109235,Riverside Lodge,2,SRV0317,Caring for adults over 65,1,Telephone,01992 450304
page_000074.json,X177726,1-18326109235,Riverside Lodge,2,SRV0317,Caring for adults over 65,2,PhoneExt,
page_000074.json,X177915,1-18339822174,Oat Hill Mews,1,SRV0314,Care services for people with dementia,1,Telephone,01342 337220
page_000074.json,X177915,1-18339822174,Oat Hill Mews,1,SRV0314,Care services for people with dementia,2,PhoneExt,
page_000074.json,X178301,RJ87K,Crch Catu,1,SRV0339,"NHS psychological therapies services (IAPT), including cognitive behavioural therapy (CBT) ",1,Telephone,01208 871 905
page_000074.json,X178301,RJ87K,Crch Catu,1,SRV0339,"NHS psychological therapies services (IAPT), including cognitive behavioural therapy (CBT) ",2,PhoneExt,
page_000074.json,X178301,RJ87K,Crch Catu,1,SRV0339,"NHS psychological therapies services (IAPT), including cognitive behavioural therapy (CBT) ",3,Email,cft.talkingtherapiesenquiries@nhs.net
page_000074.json,X178301,RJ87K,Crch Catu,1,SRV0339,"NHS psychological therapies services (IAPT), including cognitive behavioural therapy (CBT) ",4,Website,https://www.cornwallft.nhs.uk/talking-therapies/
page_000074.json,X178512,1-18735627985,Bornel Care Southwest,2,SRV0323,Caring for adults under 65,1,Telephone,01566 780423
page_000074.json,X178512,1-18735627985,Bornel Care Southwest,2,SRV0323,Caring for adults under 65,2,PhoneExt,
page_000074.json,X178575,1-18780585520,Wellford Gardens,2,SRV0317,Caring for adults over 65,1,Telephone,01993 323232
page_000074.json,X178575,1-18780585520,Wellford Gardens,2,SRV0317,Caring for adults over 65,2,PhoneExt,
page_000076.json,X179939,1-19259199651,Tanglewood,1,SRV0315,Care services for people with learning disabilities,1,Telephone,01637 416444
page_000076.json,X179939,1-19259199651,Tanglewood,1,SRV0315,Care services for people with learning disabilities,2,PhoneExt,
page_000076.json,X180307,Q8N0B,Oldham NHS Talking Therapies,1,SRV0339,"NHS psychological therapies services (IAPT), including cognitive behavioural therapy (CBT) ",1,Telephone,0161 716 2777
page_000076.json,X180307,Q8N0B,Oldham NHS Talking Therapies,1,SRV0339,"NHS psychological therapies services (IAPT), including cognitive behavioural therapy (CBT) ",2,PhoneExt,
page_000076.json,X180307,Q8N0B,Oldham NHS Talking Therapies,1,SRV0339,"NHS psychological therapies services (IAPT), including cognitive behavioural therapy (CBT) ",3,Email,
page_000076.json,X180307,Q8N0B,Oldham NHS Talking Therapies,1,SRV0339,"NHS psychological therapies services (IAPT), including cognitive behavioural therapy (CBT) ",4,Website,
page_000076.json,X180608,1-19210275363,Hope House,1,SRV0315,Care services for people with learning disabilities,1,Telephone,01708 863289
page_000076.json,X180608,1-19210275363,Hope House,1,SRV0315,Care services for people with learning disabilities,2,PhoneExt,
page_000076.json,X180671,1-19554552686,21 North View,2,SRV0317,Caring for adults over 65,1,Telephone,01707 258735
page_000076.json,X180671,1-19554552686,21 North View,2,SRV0317,Caring for adults over 65,2,PhoneExt,
page_000076.json,X180870,1-19476846423,St Pauls Nursing Home,2,SRV0317,Caring for adults over 65,1,Telephone,01707 258735
page_000076.json,X180870,1-19476846423,St Pauls Nursing Home,2,SRV0317,Caring for adults over 65,2,PhoneExt,
page_000077.json,X181629,1-19888642937,Marjorie House,2,SRV0317,Caring for adults over 65,1,Telephone,01202 746640
page_000077.json,X181629,1-19888642937,Marjorie House,2,SRV0317,Caring for adults over 65,2,PhoneExt,
page_000077.json,X181741,1-19891354009,Shaftesbury Shropshire,1,SRV0315,Care services for people with learning disabilities,1,Telephone,01202 521985
page_000077.json,X181741,1-19891354009,Shaftesbury Shropshire,1,SRV0315,Care services for people with learning disabilities,2,PhoneExt,
page_000077.json,X181835,1-19883011994,Ladden View,1,SRV0314,Care services for people with dementia,1,Telephone,01342 337220
page_000077.json,X181835,1-19883011994,Ladden View,1,SRV0314,Care services for people with dementia,2,PhoneExt,
page_000077.json,X181880,1-19888341904,Haven Lodge,1,SRV0314,Care services for people with dementia,1,Telephone,01342 337220
page_000077.json,X181880,1-19888341904,Haven Lodge,1,SRV0314,Care services for people with dementia,2,PhoneExt,
page_000077.json,X181881,1-19888341932,Tall Trees,1,SRV0314,Care services for people with dementia,1,Telephone,01342 337220
page_000077.json,X181881,1-19888341932,Tall Trees,1,SRV0314,Care services for people with dementia,2,PhoneExt,
page_000078.json,X182020,1-19897135635,"Radfield Home Care Worcester, Droitwich and Malvern",2,SRV0317,Caring for adults over 65,1,Telephone,01785 336628
page_000078.json,X182020,1-19897135635,"Radfield Home Care Worcester, Droitwich and Malvern",2,SRV0317,Caring for adults over 65,2,PhoneExt,
page_000078.json,X182106,1-19801308385,Melwood Grange,2,SRV0317,Caring for adults over 65,1,Telephone,01992 450304
page_000078.json,X182106,1-19801308385,Melwood Grange,2,SRV0317,Caring for adults over 65,2,PhoneExt,
page_000078.json,X182209,1-19991741481,Belong at Home Chester,1,SRV0314,Care services for people with dementia,1,Telephone,01625 508700
page_000078.json,X182209,1-19991741481,Belong at Home Chester,1,SRV0314,Care services for people with dementia,2,PhoneExt,
page_000078.json,X182582,1-20307731753,Charlton Lodge,1,SRV0314,Care services for people with dementia,1,Telephone,01342 337220
page_000078.json,X182582,1-20307731753,Charlton Lodge,1,SRV0314,Care services for people with dementia,2,PhoneExt,
page_000078.json,X182647,1-19894487525,Dramsdon,1,SRV0315,Care services for people with learning disabilities,1,Telephone,0117 9709371
page_000078.json,X182647,1-19894487525,Dramsdon,1,SRV0315,Care services for people with learning disabilities,2,PhoneExt,
page_000078.json,X182648,1-19894487553,Forestview,1,SRV0315,Care services for people with learning disabilities,1,Telephone,0117 9709371
page_000078.json,X182648,1-19894487553,Forestview,1,SRV0315,Care services for people with learning disabilities,2,PhoneExt,
page_000078.json,X182649,1-19894487630,Holly Lodge,1,SRV0315,Care services for people with learning disabilities,1,Telephone,0117 9709371
page_000078.json,X182649,1-19894487630,Holly Lodge,1,SRV0315,Care services for people with learning disabilities,2,PhoneExt,
page_000078.json,X182650,1-19894487667,Shalom,1,SRV0315,Care services for people with learning disabilities,1,Telephone,0117 9709371
page_000078.json,X182650,1-19894487667,Shalom,1,SRV0315,Care services for people with learning disabilities,2,PhoneExt,
page_000078.json,X182651,1-19894487704,Whistley Dene,1,SRV0315,Care services for people with learning disabilities,1,Telephone,0117 9709371
page_000078.json,X182651,1-19894487704,Whistley Dene,1,SRV0315,Care services for people with learning disabilities,2,PhoneExt,
page_000078.json,X182652,1-19894487741,Milestones Trust Supported Living and Outreach Services (Swindon and Wiltshire),1,SRV0315,Care services for people with learning disabilities,1,Telephone,0117 9709371
page_000078.json,X182652,1-19894487741,Milestones Trust Supported Living and Outreach Services (Swindon and Wiltshire),1,SRV0315,Care services for people with learning disabilities,2,PhoneExt,
page_000078.json,X182653,1-19894701795,Bembridge House,1,SRV0315,Care services for people with learning disabilities,1,Telephone,0117 9709371
page_000078.json,X182653,1-19894701795,Bembridge House,1,SRV0315,Care services for people with learning disabilities,2,PhoneExt,
page_000078.json,X182654,1-19894734675,24 Windermere,1,SRV0315,Care services for people with learning disabilities,1,Telephone,0117 9709371
page_000078.json,X182654,1-19894734675,24 Windermere,1,SRV0315,Care services for people with learning disabilities,2,PhoneExt,
page_000078.json,X182656,1-19894828821,12A Masefield Avenue,1,SRV0315,Care services for people with learning disabilities,1,Telephone,0117 9709371
page_000078.json,X182656,1-19894828821,12A Masefield Avenue,1,SRV0315,Care services for people with learning disabilities,2,PhoneExt,
page_000078.json,X182843,N5U0B,NHS Talking Therapies Portsmouth,1,SRV0339,"NHS psychological therapies services (IAPT), including cognitive behavioural therapy (CBT) ",1,Telephone,0300 123 3934
page_000078.json,X182843,N5U0B,NHS Talking Therapies Portsmouth,1,SRV0339,"NHS psychological therapies services (IAPT), including cognitive behavioural therapy (CBT) ",2,PhoneExt,
page_000078.json,X182843,N5U0B,NHS Talking Therapies Portsmouth,1,SRV0339,"NHS psychological therapies services (IAPT), including cognitive behavioural therapy (CBT) ",3,Email,nhs.talkingtherapiesportsmouth@solent.nhs.uk 
page_000078.json,X182843,N5U0B,NHS Talking Therapies Portsmouth,1,SRV0339,"NHS psychological therapies services (IAPT), including cognitive behavioural therapy (CBT) ",4,Website,https://gateway.mayden.co.uk/referral-v2/a2f425eb-a422-47e4-a2ec-d1cc8c2bad1e
page_000078.json,X182904,1-20401648343,Ayton House,1,SRV0314,Care services for people with dementia,1,Telephone,01342 337220
page_000078.json,X182904,1-20401648343,Ayton House,1,SRV0314,Care services for people with dementia,2,PhoneExt,
page_000079.json,X183698,1-21731135182,Avante Home Care and Support Service,1,SRV0314,Care services for people with dementia,1,Telephone,01795 597431
page_000079.json,X183698,1-21731135182,Avante Home Care and Support Service,1,SRV0314,Care services for people with dementia,2,PhoneExt,
page_000079.json,X183698,1-21731135182,Avante Home Care and Support Service,3,SRV0317,Caring for adults over 65,1,Telephone,01795 597431
page_000079.json,X183698,1-21731135182,Avante Home Care and Support Service,3,SRV0317,Caring for adults over 65,2,PhoneExt,
page_000079.json,X183849,1-22004062604,Long Stone Manor,1,SRV0314,Care services for people with dementia,1,Telephone,01342 337220
page_000079.json,X183849,1-22004062604,Long Stone Manor,1,SRV0314,Care services for people with dementia,2,PhoneExt,
page_000079.json,X184035,1-22015564759,Stone Barton Short Break,1,SRV0315,Care services for people with learning disabilities,1,Telephone,01905798247
page_000079.json,X184035,1-22015564759,Stone Barton Short Break,1,SRV0315,Care services for people with learning disabilities,2,PhoneExt,
page_000079.json,X184069,1-22101923449,Shaftesbury Bournemouth,2,SRV0315,Care services for people with learning disabilities,1,Telephone,01202 521985
page_000079.json,X184069,1-22101923449,Shaftesbury Bournemouth,2,SRV0315,Care services for people with learning disabilities,2,PhoneExt,
page_000080.json,X184454,1-21815757271,Dene Place Care Home,1,SRV0314,Care services for people with dementia,1,Telephone,02085741795
page_000080.json,X184454,1-21815757271,Dene Place Care Home,1,SRV0314,Care services for people with dementia,2,PhoneExt,
page_000081.json,X185964,1-23472173275,Prima Care Home,4,SRV0316,Mental health conditions,1,Telephone,01255 448888
page_000081.json,X185964,1-23472173275,Prima Care Home,4,SRV0316,Mental health conditions,2,PhoneExt,
page_000083.json,X187845,1-25411965265,Oaklea,2,SRV0317,Caring for adults over 65,1,Telephone,01707 258735
page_000083.json,X187845,1-25411965265,Oaklea,2,SRV0317,Caring for adults over 65,2,PhoneExt,
page_000083.json,X187899,1-25395435868,PSS Shared Lives North Yorkshire,3,SRV0317,Caring for adults over 65,1,Telephone,0151 702 5542
page_000083.json,X187899,1-25395435868,PSS Shared Lives North Yorkshire,3,SRV0317,Caring for adults over 65,2,PhoneExt,
page_000084.json,X188358,1-25702326465,Ferrini House,2,SRV0316,Mental health conditions,1,Telephone,020 7359 9990
page_000084.json,X188358,1-25702326465,Ferrini House,2,SRV0316,Mental health conditions,2,PhoneExt,
page_000084.json,X188549,A2T0N,NHS Barnet Talking Therapies,1,SRV0339,"NHS psychological therapies services (IAPT), including cognitive behavioural therapy (CBT) ",1,Telephone,0208 702 5309
page_000084.json,X188549,A2T0N,NHS Barnet Talking Therapies,1,SRV0339,"NHS psychological therapies services (IAPT), including cognitive behavioural therapy (CBT) ",2,PhoneExt,
page_000084.json,X188549,A2T0N,NHS Barnet Talking Therapies,1,SRV0339,"NHS psychological therapies services (IAPT), including cognitive behavioural therapy (CBT) ",3,Email,NLFT.barnettalkingtherapies@nhs.net
page_000084.json,X188549,A2T0N,NHS Barnet Talking Therapies,1,SRV0339,"NHS psychological therapies services (IAPT), including cognitive behavioural therapy (CBT) ",4,Website,https://www.barnetandenfieldtalkingtherapies.nhs.uk/refer-yourself/
page_000084.json,X188550,A2V5R,NHS Enfield Talking Therapies,1,SRV0339,"NHS psychological therapies services (IAPT), including cognitive behavioural therapy (CBT) ",1,Telephone,0208 702 4900
page_000084.json,X188550,A2V5R,NHS Enfield Talking Therapies,1,SRV0339,"NHS psychological therapies services (IAPT), including cognitive behavioural therapy (CBT) ",2,PhoneExt,
page_000084.json,X188550,A2V5R,NHS Enfield Talking Therapies,1,SRV0339,"NHS psychological therapies services (IAPT), including cognitive behavioural therapy (CBT) ",3,Email,nlft.enfieldtalkingtherapies@nhs.net
page_000084.json,X188550,A2V5R,NHS Enfield Talking Therapies,1,SRV0339,"NHS psychological therapies services (IAPT), including cognitive behavioural therapy (CBT) ",4,Website,https://www.barnetandenfieldtalkingtherapies.nhs.uk/refer-yourself/
page_000084.json,X188560,1-26523109360,London DCA,1,SRV0315,Care services for people with learning disabilities,1,Telephone,0800 0884 377
page_000084.json,X188560,1-26523109360,London DCA,1,SRV0315,Care services for people with learning disabilities,2,PhoneExt,
page_000084.json,X188856,1-25703953319,Willow Park,1,SRV0317,Caring for adults over 65,1,Telephone,0191 48703726
page_000084.json,X188856,1-25703953319,Willow Park,1,SRV0317,Caring for adults over 65,2,PhoneExt,
page_000084.json,X188919,1-26750537199,Wain House,1,SRV0314,Care services for people with dementia,1,Telephone,01795 597431
page_000084.json,X188919,1-26750537199,Wain House,1,SRV0314,Care services for people with dementia,2,PhoneExt,
page_000084.json,X188919,1-26750537199,Wain House,2,SRV0317,Caring for adults over 65,1,Telephone,01795 597431
page_000084.json,X188919,1-26750537199,Wain House,2,SRV0317,Caring for adults over 65,2,PhoneExt,
page_000086.json,X189976,FCM47,MCCARTHYS PHARMACY,1,SRV0315,Care services for people with learning disabilities,1,Telephone,0800 0884 377
page_000086.json,X189976,FCM47,MCCARTHYS PHARMACY,1,SRV0315,Care services for people with learning disabilities,2,PhoneExt,
page_000086.json,X189976,FCM47,MCCARTHYS PHARMACY,5,SRV0321,Physical disabilities,1,Telephone,01438 712 892
page_000086.json,X189976,FCM47,MCCARTHYS PHARMACY,5,SRV0321,Physical disabilities,2,PhoneExt,
page_000086.json,X190001,1-27858156818,United Response – Sussex Supported Living Services,1,SRV0315,Care services for people with learning disabilities,1,Telephone,0800 0884 377
page_000086.json,X190001,1-27858156818,United Response – Sussex Supported Living Services,1,SRV0315,Care services for people with learning disabilities,2,PhoneExt,
page_000086.json,X190001,1-27858156818,United Response – Sussex Supported Living Services,5,SRV0321,Physical disabilities,1,Telephone,01438 712 892
page_000086.json,X190001,1-27858156818,United Response – Sussex Supported Living Services,5,SRV0321,Physical disabilities,2,PhoneExt,
page_000087.json,X191037,U2S6J,NHS Talking Therapies Hampshire,1,SRV0339,"NHS psychological therapies services (IAPT), including cognitive behavioural therapy (CBT) ",1,Telephone,023 8038 3920
page_000087.json,X191037,U2S6J,NHS Talking Therapies Hampshire,1,SRV0339,"NHS psychological therapies services (IAPT), including cognitive behavioural therapy (CBT) ",2,PhoneExt,
page_000087.json,X191037,U2S6J,NHS Talking Therapies Hampshire,1,SRV0339,"NHS psychological therapies services (IAPT), including cognitive behavioural therapy (CBT) ",3,Email,hiowh.tth@nhs.net
page_000087.json,X191037,U2S6J,NHS Talking Therapies Hampshire,1,SRV0339,"NHS psychological therapies services (IAPT), including cognitive behavioural therapy (CBT) ",4,Website,https://www.talkingtherapieshiow.nhs.uk/hampshire
page_000087.json,X1933,RGT50,Cuh At Saffron Walden Hospital,1,SRV0228,Musculo-skeletal services,1,Telephone,03442 573965
page_000087.json,X1933,RGT50,Cuh At Saffron Walden Hospital,1,SRV0228,Musculo-skeletal services,2,PhoneExt,
page_000088.json,X20868,V010005,Anglia Orthodontics-Hinchingbrooke,1,SRV0087,Braces and other orthodontic treatment,1,Website,https:\\\\\\\\\\\\\\\\\\\\\\\\\\\\\\\\\\\\\\\\\\\\\\\\\\\\\\\\\\\\\\\\\\\\\\\\\\\\\\\\\\\\\\\\\\\\\\\\\\\\\\\\\\\\\\\\\\\\\\\\\\\\\\\\\\\\\\\\\\\\\\\\\\\\\\\\\\\\\\\\\\\\\\\\\\\\\\\\\\\\\\\\\\\\\\\\\\\\\\\\\\\\\\\\\\\\\\\\\\\\\\\\\\\\\\\\\\\\\\\\\\\\\\\\\\\\\\\\\\\\\\\\\\\\\\\\\\\\\\\\\\\\\\\\\\\\\\\\\\\\\\\\\\\\\\\\\\\\\\\\\\\\\\\\\\\\\\\\\\\\\\\\\\\\\\\\\\\\\\\\\\\\\\\\\\\\\\\\\\\\\\\\\\\\\\\\\\\\\\\\\\\\\\\\\\\\\\\\\\\\\\\\\\\\\\\\\\\\\\\\\\\\\\\\\\\\\\\\\\\\\\\\\\\\\\\\\\\\\\\\\\\\\\\\\\\\\\\\\\\\\\\\\\\\\\\\\\\\\\\\\\\\\\\\\\\\\\\\\\\\\\\\\\\\\\\\\\\\\\\\\\\\\\\\\\\\\\\\\\\\\\\\\\\\\\\\\\\\\\\\\\\\\\\\\\\\\\\\\\\\\\\\\\\\\\\\\\\\\\\\\\\\\\\\\\\\\\\\\\\\\\\\\\\\\\\\\\\\\\\\\\\\\\\\\\\\\\\\\\\\\\\\\\\\\\\\\\\\\\\\\\\\\\\\\\\\\\\\\\\\\\\\\\\\\\\\\\\\\\\\\\\\\\\\/\\\\\\\\\\\\\\\\\\\\\\\\\\\\\\\\\\\\\\\\\\\\\\\\\\\\\\\\\\\\\\\\\\\\\\\\\\\\\\\\\\\\\\\\\\\\\\\\\\\\\\\\\\\\\\\\\\\\\\\\\\\\\\\\\\\\\\\\\\\\\\\\\\\\\\\\\\\\\\\\\\\\\\\\\\\\\\\\\\\\\\\\\\\\\\\\\\\\\\\\\\\\\\\\\\\\\\\\\\\\\\\\\\\\\\\\\\\\\\\\\\\\\\\\\\\\\\\\\\\\\\\\\\\\\\\\\\\\\\\\\\\\\\\\\\\\\\\\\\\\\\\\\\\\\\\\\\\\\\\\\\\\\\\\\\\\\\\\\\\\\\\\\\\\\\\\\\\\\\\\\\\\\\\\\\\\\\\\\\\\\\\\\\\\\\\\\\\\\\\\\\\\\\\\\\\\\\\\\\\\\\\\\\\\\\\\\\\\\\\\\\\\\\\\\\\\\\\\\\\\\\\\\\\\\\\\\\\\\\\\\\\\\\\\\\\\\\\\\\\\\\\\\\\\\\\\\\\\\\\\\\\\\\\\\\\\\\\\\\\\\\\\\\\\\\\\\\\\\\\\\\\\\\\\\\\\\\\\\\\\\\\\\\\\\\\\\\\\\\\\\\\\\\\\\\\\\\\\\\\\\\\\\\\\\\\\\\\\\\\\\\\\\\\\\\\\\\\\\\\\\\\\\\\\\\\\\\\\\\\\\\\\\\\\\\\\\\\\\\\\\\\\\\\\\\\\\\\\\\\\\\\\\\\\\\\\\\\\\\\\\\\\\\\\\\\\\\\\\\\\\\\\\\\\/www.angliaorthodontics.co.uk\\\\\\\\\\\\\\\\\\\\\\\\\\\\\\\\\\\\\\\\\\\\\\\\\\\\\\\\\\\\\\\\\\\\\\\\\\\\\\\\\\\\\\\\\\\\\\\\\\\\\\\\\\\\\\\\\\\\\\\\\\\\\\\\\\\\\\\\\\\\\\\\\\\\\\\\\\\\\\\\\\\\\\\\\\\\\\\\\\\\\\\\\\\\\\\\\\\\\\\\\\\\\\\\\\\\\\\\\\\\\\\\\\\\\\\\\\\\\\\\\\\\\\\\\\\\\\\\\\\\\\\\\\\\\\\\\\\\\\\\\\\\\\\\\\\\\\\\\\\\\\\\\\\\\\\\\\\\\\\\\\\\\\\\\\\\\\\\\\\\\\\\\\\\\\\\\\\\\\\\\\\\\\\\\\\\\\\\\\\\\\\\\\\\\\\\\\\\\\\\\\\\\\\\\\\\\\\\\\\\\\\\\\\\\\\\\\\\\\\\\\\\\\\\\\\\\\\\\\\\\\\\\\\\\\\\\\\\\\\\\\\\\\\\\\\\\\\\\\\\\\\\\\\\\\\\\\\\\\\\\\\\\\\\\\\\\\\\\\\\\\\\\\\\\\\\\\\\\\\\\\\\\\\\\\\\\\\\\\\\\\\\\\\\\\\\\\\\\\\\\\\\\\\\\\\\\\\\\\\\\\\\\\\\\\\\\\\\\\\\\\\\\\\\\\\\\\\\\\\\\\\\\\\\\\\\\\\\\\\\\\\\\\\\\\\\\\\\\\\\\\\\\\\\\\\\\\\\\\\\\\\\\\\\\\\\\\\\\\\\\\\\\\\\\\\\\\\\\\\\\\\\\\\\/
page_000088.json,X21047,V002528,Oak Hill Dental Practice,1,SRV0087,Braces and other orthodontic treatment,1,Website,https:\\\/\\\/www.oakhilldental.co.uk
page_000088.json,X21104,V012220,Shrewsbury Orthodontic Centre,1,SRV0087,Braces and other orthodontic treatment,1,Website,https:\\\\\\\\\\\\\\\\\\\\\\\\\\\\\\\\\\\\\\\\\\\\\\\\\\\\\\\\\\\\\\\\\\\\\\\\\\\\\\\\\\\\\\\\\\\\\\\\\\\\\\\\\\\\\\\\\\\\\\\\\\\\\\\\\\\\\\\\\\\\\\\\\\\\\\\\\\\\\\\\\\\\\\\\\\\\\\\\\\\\\\\\\\\\\\\\\\\\\\\\\\\\\\\\\\\\\\\\\\\\\\\\\\\\\\\\\\\\\\\\\\\\\\\\\\\\\\\\\\\\\\\\\\\\\\\\\\\\\\\\\\\\\\\\\\\\\\\\\\\\\\\\\\\\\\\\\\\\\\\\\\\\\\\\\\\\\\\\\\\\\\\\\\\\\\\\\\\\\\\\\\\\\\\\\\\\\\\\\\\\\\\\\\\\\\\\\\\\\\\\\\\\\\\\\\\\\\\\\\\\\\\\\\\\\\\\\\\\\\\\\\\\\\\\\\\\\\\\\\\\\\\\\\\\\\\\\\\\\\\\\\\\\\\\\\\\\\\\\\\\\\\\\\\\\\\\\\\\\\\\\\\\\\\\\\\\\\\\\\\\\\\\\\\\\\\\\\\\\\\\\\\\\\\\\\\\\\\\\\\\\\\\\\\\\\\\\\\\\\\\\\\\\\\\\\\\\\\\\\\\\\\\\\\\\\\\\\\\\\\\\\\\\\\\\\\\\\\\\\\\\\\\\\\\\\\\\\\\\\\\\\\\\\\\\\\\\\\\\\\\\\\\\\\\\\\\\\\\\\\\\\\\\\\\\\\\\\\\\\\\\\\\\\\\\\\\\\\\\\\\\\\\\\\\/\\\\\\\\\\\\\\\\\\\\\\\\\\\\\\\\\\\\\\\\\\\\\\\\\\\\\\\\\\\\\\\\\\\\\\\\\\\\\\\\\\\\\\\\\\\\\\\\\\\\\\\\\\\\\\\\\\\\\\\\\\\\\\\\\\\\\\\\\\\\\\\\\\\\\\\\\\\\\\\\\\\\\\\\\\\\\\\\\\\\\\\\\\\\\\\\\\\\\\\\\\\\\\\\\\\\\\\\\\\\\\\\\\\\\\\\\\\\\\\\\\\\\\\\\\\\\\\\\\\\\\\\\\\\\\\\\\\\\\\\\\\\\\\\\\\\\\\\\\\\\\\\\\\\\\\\\\\\\\\\\\\\\\\\\\\\\\\\\\\\\\\\\\\\\\\\\\\\\\\\\\\\\\\\\\\\\\\\\\\\\\\\\\\\\\\\\\\\\\\\\\\\\\\\\\\\\\\\\\\\\\\\\\\\\\\\\\\\\\\\\\\\\\\\\\\\\\\\\\\\\\\\\\\\\\\\\\\\\\\\\\\\\\\\\\\\\\\\\\\\\\\\\\\\\\\\\\\\\\\\\\\\\\\\\\\\\\\\\\\\\\\\\\\\\\\\\\\\\\\\\\\\\\\\\\\\\\\\\\\\\\\\\\\\\\\\\\\\\\\\\\\\\\\\\\\\\\\\\\\\\\\\\\\\\\\\\\\\\\\\\\\\\\\\\\\\\\\\\\\\\\\\\\\\\\\\\\\\\\\\\\\\\\\\\\\\\\\\\\\\\\\\\\\\\\\\\\\\\\\\\\\\\\\\\\\\\\\\\\\\\\\\\\\\\\\\\\\\\\\\\\\\\\\\/www.facebook.com\\\\\\\\\\\\\\\\\\\\\\\\\\\\\\\\\\\\\\\\\\\\\\\\\\\\\\\\\\\\\\\\\\\\\\\\\\\\\\\\\\\\\\\\\\\\\\\\\\\\\\\\\\\\\\\\\\\\\\\\\\\\\\\\\\\\\\\\\\\\\\\\\\\\\\\\\\\\\\\\\\\\\\\\\\\\\\\\\\\\\\\\\\\\\\\\\\\\\\\\\\\\\\\\\\\\\\\\\\\\\\\\\\\\\\\\\\\\\\\\\\\\\\\\\\\\\\\\\\\\\\\\\\\\\\\\\\\\\\\\\\\\\\\\\\\\\\\\\\\\\\\\\\\\\\\\\\\\\\\\\\\\\\\\\\\\\\\\\\\\\\\\\\\\\\\\\\\\\\\\\\\\\\\\\\\\\\\\\\\\\\\\\\\\\\\\\\\\\\\\\\\\\\\\\\\\\\\\\\\\\\\\\\\\\\\\\\\\\\\\\\\\\\\\\\\\\\\\\\\\\\\\\\\\\\\\\\\\\\\\\\\\\\\\\\\\\\\\\\\\\\\\\\\\\\\\\\\\\\\\\\\\\\\\\\\\\\\\\\\\\\\\\\\\\\\\\\\\\\\\\\\\\\\\\\\\\\\\\\\\\\\\\\\\\\\\\\\\\\\\\\\\\\\\\\\\\\\\\\\\\\\\\\\\\\\\\\\\\\\\\\\\\\\\\\\\\\\\\\\\\\\\\\\\\\\\\\\\\\\\\\\\\\\\\\\\\\\\\\\\\\\\\\\\\\\\\\\\\\\\\\\\\\\\\\\\\\\\\\\\\\\\\\\\\\\\\\\\\\\\\\\\\\\\/100521255037990\\\\\\\\\\\\\\\\\\\\\\\\\\\\\\\\\\\\\\\\\\\\\\\\\\\\\\\\\\\\\\\\\\\\\\\\\\\\\\\\\\\\\\\\\\\\\\\\\\\\\\\\\\\\\\\\\\\\\\\\\\\\\\\\\\\\\\\\\\\\\\\\\\\\\\\\\\\\\\\\\\\\\\\\\\\\\\\\\\\\\\\\\\\\\\\\\\\\\\\\\\\\\\\\\\\\\\\\\\\\\\\\\\\\\\\\\\\\\\\\\\\\\\\\\\\\\\\\\\\\\\\\\\\\\\\\\\\\\\\\\\\\\\\\\\\\\\\\\\\\\\\\\\\\\\\\\\\\\\\\\\\\\\\\\\\\\\\\\\\\\\\\\\\\\\\\\\\\\\\\\\\\\\\\\\\\\\\\\\\\\\\\\\\\\\\\\\\\\\\\\\\\\\\\\\\\\\\\\\\\\\\\\\\\\\\\\\\\\\\\\\\\\\\\\\\\\\\\\\\\\\\\\\\\\\\\\\\\\\\\\\\\\\\\\\\\\\\\\\\\\\\\\\\\\\\\\\\\\\\\\\\\\\\\\\\\\\\\\\\\\\\\\\\\\\\\\\\\\\\\\\\\\\\\\\\\\\\\\\\\\\\\\\\\\\\\\\\\\\\\\\\\\\\\\\\\\\\\\\\\\\\\\\\\\\\\\\\\\\\\\\\\\\\\\\\\\\\\\\\\\\\\\\\\\\\\\\\\\\\\\\\\\\\\\\\\\\\\\\\\\\\\\\\\\\\\\\\\\\\\\\\\\\\\\\\\\\\\\\\\\\\\\\\\\\\\\\\\\\\\\\\\\\\\/
page_000089.json,X21401,V014004,"Bupa Dental Care, Harrogate",1,SRV0087,Braces and other orthodontic treatment,1,Website,http:\\\\\\\\\\\\\\\\\\\\\\\\\\\\\\\\\\\\\\\\\\\\\\\\\\\\\\\\\\\\\\\\\\\\\\\\\\\\\\\\\\\\\\\\\\\\\\\\\\\\\\\\\\\\\\\\\\\\\\\\\\\\\\\\\\\\\\\\\\\\\\\\\\\\\\\\\\\\\\\\\\\\\\\\\\\\\\\\\\\\\\\\\\\\\\\\\\\\\\\\\\\\\\\\\\\\\\\\\\\\\\\\\\\\\\\\\\\\\\\\\\\\\\\\\\\\\\\\\\\\\\\\\\\\\\\\\\\\\\\\\\\\\\\\\\\\\\\\\\\\\\\\\\\\\\\\\\\\\\\\\\\\\\\\\\\\\\\\\\\\\\\\\\\\\\\\\\\\\\\\\\\\\\\\\\\\\\\\\\\\\\\\\\\\\\\\\\\\\\\\\\\\\\\\\\\\\\\\\\\\\\\\\\\\\\\\\\\\\\\\\\\\\\\\\\\\\\\\\\\\\\\\\\\\\\\\\\\\\\\\\\\\\\\\\\\\\\\\\\\\\\\\\\\\\\\\\\\\\\\\\\\\\\\\\\\\\\\\\\\\\\\\\\\\\\\\\\\\\\\\\\\\\\\\\\\\\\\\\\\\\\\\\\\\\\\\\\\\\\\\\\\\\\\\\\\\\\\\\\\\\\\\\\\\\\\\\\\\\\\\\\\\\\\\\\\\\\\\\\\\\\\\\\\\\\\\\\\\\\\\\\\\\\\\\\\\\\\\\\\\\\\\\\\\\\\\\\\\\\\\\\\\\\\\\\\\\\\\\\\\\\\\\\\\\\\\\\\\\\\\\\\\\\\\\\\\\\\\\\\\\\\\\\\\\\\\\\\\\\\\\\\\\\\\\\\\\\\\\\\\\\\\\\\\\\\\\\\\\\\\\\\\\\\\\\\\\\\\\\\\\\\\\\\\\\\\\\\\\\\\\\\\\\\\\\\\\\\\\\\\\\\\\\\\\\\\\\\\\\\\\\\\\\\\\\\\\\\\\\\\\\\\\\\\\\\\\\\\\\\\\\\\\\\\\\\\\\\\\\\\\\\\\\\\\\\\\\\\\\\\\\\\\\\\\\\\\\\\\\\\\\\\\\\\\\\\\\\\\\\\\\\\\\\\\\\\\\\\\\\\\\\\\\\\\\\\\\\\\\\\\\\\\\\\\\\\\\\\\\\\\\\\\\\\\\\\\\\\\\\\\\\\\\\\\\\\\\\\\\\\\\\\\\\\\\\\\\\\\\\\\\\\\\\\\\\\\\\\\\\\\\\\\\\\\\\\\\\\\\\\\\\\\\\\\\\\\\\\\\\\\\\\\\\\\\\\\\\\\\\\\\\\\\\\\\\\\\\\\\\\\\\\\\\\\\\\\\\\\\\\\\\\\\\\\\\\\\\\\\\\\\\\\\\\\\\\\\\\\\\\\\\\\\\\\\\\\\\\\\\\\\\\\\\\\\\\\\\\\\\\\\\\\\\\\\\\\\\\\\\\\\\\\\\\\\\\\\\\\\\\\\\\\\\\\\\\\\\\\\\\\\\\\\\\\\\\\\\\\\\\\\\\\\\\\\\\\\\\\\\\\\\\\\\\\\\\\\\\\\\\\\\\\\\\\\\\\\\\\\\\\\\\\\\\\\\\\\\\\\\\\\\\\\\\\\\\\\\\/\\\\\\\\\\\\\\\\\\\\\\\\\\\\\\\\\\\\\\\\\\\\\\\\\\\\\\\\\\\\\\\\\\\\\\\\\\\\\\\\\\\\\\\\\\\\\\\\\\\\\\\\\\\\\\\\\\\\\\\\\\\\\\\\\\\\\\\\\\\\\\\\\\\\\\\\\\\\\\\\\\\\\\\\\\\\\\\\\\\\\\\\\\\\\\\\\\\\\\\\\\\\\\\\\\\\\\\\\\\\\\\\\\\\\\\\\\\\\\\\\\\\\\\\\\\\\\\\\\\\\\\\\\\\\\\\\\\\\\\\\\\\\\\\\\\\\\\\\\\\\\\\\\\\\\\\\\\\\\\\\\\\\\\\\\\\\\\\\\\\\\\\\\\\\\\\\\\\\\\\\\\\\\\\\\\\\\\\\\\\\\\\\\\\\\\\\\\\\\\\\\\\\\\\\\\\\\\\\\\\\\\\\\\\\\\\\\\\\\\\\\\\\\\\\\\\\\\\\\\\\\\\\\\\\\\\\\\\\\\\\\\\\\\\\\\\\\\\\\\\\\\\\\\\\\\\\\\\\\\\\\\\\\\\\\\\\\\\\\\\\\\\\\\\\\\\\\\\\\\\\\\\\\\\\\\\\\\\\\\\\\\\\\\\\\\\\\\\\\\\\\\\\\\\\\\\\\\\\\\\\\\\\\\\\\\\\\\\\\\\\\\\\\\\\\\\\\\\\\\\\\\\\\\\\\\\\\\\\\\\\\\\\\\\\\\\\\\\\\\\\\\\\\\\\\\\\\\\\\\\\\\\\\\\\\\\\\\\\\\\\\\\\\\\\\\\\\\\\\\\\\\\\\\\\\\\\\\\\\\\\\\\\\\\\\\\\\\\\\\\\\\\\\\\\\\\\\\\\\\\\\\\\\\\\\\\\\\\\\\\\\\\\\\\\\\\\\\\\\\\\\\\\\\\\\\\\\\\\\\\\\\\\\\\\\\\\\\\\\\\\\\\\\\\\\\\\\\\\\\\\\\\\\\\\\\\\\\\\\\\\\\\\\\\\\\\\\\\\\\\\\\\\\\\\\\\\\\\\\\\\\\\\\\\\\\\\\\\\\\\\\\\\\\\\\\\\\\\\\\\\\\\\\\\\\\\\\\\\\\\\\\\\\\\\\\\\\\\\\\\\\\\\\\\\\\\\\\\\\\\\\\\\\\\\\\\\\\\\\\\\\\\\\\\\\\\\\\\\\\\\\\\\\\\\\\\\\\\\\\\\\\\\\\\\\\\\\\\\\\\\\\\\\\\\\\\\\\\\\\\\\\\\\\\\\\\\\\\\\\\\\\\\\\\\\\\\\\\\\\\\\\\\\\\\\\\\\\\\\\\\\\\\\\\\\\\\\\\\\\\\\\\\\\\\\\\\\\\\\\\\\\\\\\\\\\\\\\\\\\\\\\\\\\\\\\\\\\\\\\\\\\\\\\\\\\\\\\\\\\\\\\\\\\\\\\\\\\\\\\\\\\\\\\\\\\\\\\\\\\\\\\\\\\\\\\\\\\\\\\\\\\\\\\\\\\\\\\\\\\\\\\\\\\\\\\\\\\\\\\\\\\\\\\\\\\\\\\\\\\\\\\\\\\\\\\\\\\\\\\\\\\\\\\\\\\\\\\\\\\\\\\\\\\\\\\\\\\\\\\\\\\\\\\\\\\\\\\\/www.totalorthontics.co.uk\\\\\\\\\\\\\\\\\\\\\\\\\\\\\\\\\\\\\\\\\\\\\\\\\\\\\\\\\\\\\\\\\\\\\\\\\\\\\\\\\\\\\\\\\\\\\\\\\\\\\\\\\\\\\\\\\\\\\\\\\\\\\\\\\\\\\\\\\\\\\\\\\\\\\\\\\\\\\\\\\\\\\\\\\\\\\\\\\\\\\\\\\\\\\\\\\\\\\\\\\\\\\\\\\\\\\\\\\\\\\\\\\\\\\\\\\\\\\\\\\\\\\\\\\\\\\\\\\\\\\\\\\\\\\\\\\\\\\\\\\\\\\\\\\\\\\\\\\\\\\\\\\\\\\\\\\\\\\\\\\\\\\\\\\\\\\\\\\\\\\\\\\\\\\\\\\\\\\\\\\\\\\\\\\\\\\\\\\\\\\\\\\\\\\\\\\\\\\\\\\\\\\\\\\\\\\\\\\\\\\\\\\\\\\\\\\\\\\\\\\\\\\\\\\\\\\\\\\\\\\\\\\\\\\\\\\\\\\\\\\\\\\\\\\\\\\\\\\\\\\\\\\\\\\\\\\\\\\\\\\\\\\\\\\\\\\\\\\\\\\\\\\\\\\\\\\\\\\\\\\\\\\\\\\\\\\\\\\\\\\\\\\\\\\\\\\\\\\\\\\\\\\\\\\\\\\\\\\\\\\\\\\\\\\\\\\\\\\\\\\\\\\\\\\\\\\\\\\\\\\\\\\\\\\\\\\\\\\\\\\\\\\\\\\\\\\\\\\\\\\\\\\\\\\\\\\\\\\\\\\\\\\\\\\\\\\\\\\\\\\\\\\\\\\\\\\\\\\\\\\\\\\\\\\\\\\\\\\\\\\\\\\\\\\\\\\\\\\\\\\\\\\\\\\\\\\\\\\\\\\\\\\\\\\\\\\\\\\\\\\\\\\\\\\\\\\\\\\\\\\\\\\\\\\\\\\\\\\\\\\\\\\\\\\\\\\\\\\\\\\\\\\\\\\\\\\\\\\\\\\\\\\\\\\\\\\\\\\\\\\\\\\\\\\\\\\\\\\\\\\\\\\\\\\\\\\\\\\\\\\\\\\\\\\\\\\\\\\\\\\\\\\\\\\\\\\\\\\\\\\\\\\\\\\\\\\\\\\\\\\\\\\\\\\\\\\\\\\\\\\\\\\\\\\\\\\\\\\\\\\\\\\\\\\\\\\\\\\\\\\\\\\\\\\\\\\\\\\\\\\\\\\\\\\\\\\\\\\\\\\\\\\\\\\\\\\\\\\\\\\\\\\\\\\\\\\\\\\\\\\\\\\\\\\\\\\\\\\\\\\\\\\\\\\\\\\\\\\\\\\\\\\\\\\\\\\\\\\\\\\\\\\\\\\\\\\\\\\\\\\\\\\\\\\\\\\\\\\\\\\\\\\\\\\\\\\\\\\\\\\\\\\\\\\\\\\\\\\\\\\\\\\\\\\\\\\\\\\\\\\\\\\\\\\\\\\\\\\\\\\\\\\\\\\\\\\\\\\\\\\\\\\\\\\\\\\\\\\\\\\\\\\\\\\\\\\\\\\\\\\\\\\\\\\\\\\\\\\\\\\\\\\\\\\\\\\\\\\\\\\\\\\\\\\\\\\\\\\\\\\\\\\\\\\\\\\\\\\\\\\\\\\\\\\\\\\\\\\\\\\\\\\\\\\\\\\\\\/harrogate
page_000089.json,X21921,V001002,Soyombo Dental Centre,1,SRV0087,Braces and other orthodontic treatment,1,Website,https:\\\\\\\\\\\\\\\\\\\\\\\\/\\\\\\\\\\\\\\\\\\\\\\\\/dentalspecialistsmk.com\\\\\\\\\\\\\\\\\\\\\\\\/orthodontics\\\\\\\\\\\\\\\\\\\\\\\\/
page_000089.json,X22512,V002399,Damira Island Health Dental Practice,1,SRV0087,Braces and other orthodontic treatment,1,Website,https:\\\\\\\\\\\\\\\\\\\\\\\\\\\\\\\\\\\\\\\\\\\\\\\\\\\\\\\\\\\\\\\\\\\\\\\\\\\\\\\\\\\\\\\\\\\\\\\\\\\\\\\\\\\\\\\\\\\\\\\\\\\\\\\\\\\\\\\\\\\\\\\\\\\\\\\\\\\\\\\\\\\\\\\\\\\\\\\\\\\\\\\\\\\\\\\\\\\\\\\\\\\\\\\\\\\\\\\\\\\\\\\\\\\\\\\\\\\\\\\\\\\\\\\\\\\\\\\\\\\\\\\\\\\\\\\\\\\\\\\\\\\\\\\\\\\\\\\\\\\\\\\\\\\\\\\\\\\\\\\\\\\\\\\\\\\\\\\\\\\\\\\\\\\\\\\\\\\\\\\\\\\\\\\\\\\\\\\\\\\\\\\\\\\\\\\\\\\\\\\\\\\\\\\\\\\\\\\\\\\\\\\\\\\\\\\\\\\\\\\\\\\\\\\\\\\\\\\\\\\\\\\\\\\\\\\\\\\\\\\\\\\\\\\\\\\\\\\\\\\\\\\\\\\\\\\\\\\\\\\\\\\\\\\\\\\\\\\\\\\\\\\\\\\\\\\\\\\\\\\\\\\\\\\\\\\\\\\\\\\\\\\\\\\\\\\\\\\\\\\\\\\\\\\\\\\\\\\\\\\\\\\\\\\\\\\\\\\\\\\\\\\\\\\\\\\\\\\\\\\\\\\\\\\\\\\\\\\\\\\\\\\\\\\\\\\\\\\\\\\\\\\\\\\\\\\\\\\\\\\\\\\\\\\\\\\\\\\\\\\\\\\\\\\\\\\\\\\\\\\\\\\\\\\\\\\\\\\\\\\\\\\\\\\\\\\\\\\\\\\\\\\\\\\\\\\\\\\\\\\\\\\\\\\\\\\\\\\\\\\\\\\\\\\\\\\\\\\\\\\\\\\\\\\\\\\\\\\\\\\\\\\\\\\\\\\\\\\\\\\\\\\\\\\\\\\\\\\\\\\\\\\\\\\\\\\\\\\\\\\\\\\\\\\\\\\\\\\\\\\\\\\\\\\\\\\\\\\\\\\\\\\\\\\\\\\\\\\\\\\\\\\\\\\\\\\\\\\\\\\\\\\\\\\\\\\\\\\\\\\\\\\\\\\\\\\\\\\\\\\\\\\\\\\\\\\\\\\\\\\\\\\\\\\\\\\\\\\\\\\\\\\\\\\\\\\\\\\\\\\\\\\\\\\\\\\\\\\\\\\\\\\\\\\\\\\\\\\\\\\\\\\\\\\\\\\\\\\\\\\\\\\\\\\\\\\\\\\\\\\\\\\\\\\\\\\\\\\\\\\\\\\\\\\\\\\\\\\\\\\\\\\\\\\\\\\\\\\\\\\\\\\\\\\\\\\\\\\\\\\\\\\\\\\\\\\\\\\\\\\\\\\\\\\\\\\\\\\\\\\\\\\\\\\\\\\\\\\\\\\\\\\\\\\\\\\\\\\\\\\\\\\\\\\\\\\\\\\\\\\\\\\\\\\\\\\\\\\\\\\\\\\\\\\\\\\\\\\\\\\\\\\\\\\\\\\\\\\\\\\\\\\\\\\\\\\\\\\\\\\\\\\\\\\\\\\\\\\\\\\\\\\\\\\\\\\\\\\\\\\\\\\\\\\\\\\\\\\\\\\\\\\\\\\\\\\\\\\\\\\\\\\\\\\\\\\\\\\\\\\\\\\\\\\\\\\\\\\\\\\\\\\\\\\\\\\\\\\\\\\\\\\\\\\\\\\\\\\\\\\\\\\\\\\\\\\\\\\\\\\\\\\\\\\\\\\\\\\\\\\\\\\\\\\\\\\\\\\\\\\\\\\\\\\\\\\\\\\\\\\\\\\\\\\\\\\\\\\\\\\\\\\\\\\\\\\\\\\\\\\\\\\\\\\\\\\\\\\\\\\\\\\\\\\\\\\\\\\\\\\\\\\\\\\\\\\\\\\\\\\\\\\\\\\\\\\\\\\\\\\\\\\\\\\\\\\\\\\\\\\\\\\\\\\\\\\\\\\\\\\\\\\\\\\\\\\\\\\\\\\\\\\\\\\\\\\\\\\\\\\\\\\\\\\\\\\\\\\\\\\\\\\\\\\\\\\\\\\\\\\\\\\\\\\\\\\\\\\\\\\\\\\\\\\\\\\\\\\\\\\\\\\\\\\\\\\\\\\\\\\\\\\\\\\\\\\\\\\\\\\\\\\\\\\\\\\\\\\\\\\\\\\\\\\\\\\\\\\\\\\\\\\\\\\\\\\\\\\\\\\\\\\\\\\\\\\\\\\\\\\\\\\\\\\\\\\\\\\\\\\\\\\\\\\\\\\\\\\\\\\\\\\\\\\\\\\\\\\\\\\\\\\\\\\\\\\\\\\\\\\\\\\\\\\\\\\\\\\\\\\\\\\\\\\\\\\\\\\\\\\\\\\\\\\\\\\\\\\\\\\\\\\\\\\\\\\\\\\\\\\\\\\\\\\\\\\\\\\\\\\\\\\\\\\\\\\\\\\\\\\\\\\\\\\\\\\\\\\\\\\\\\\\\\\\\\\\\\\\\\\\\\\\\\\\\\\\\\\\\\\\\\\\\\\\\\\\\\\\\\\\\\\\\\\\\\\\\\\\\\\\\\\\\\\\\\\\\\\\\\\\\\\\\\\\\\\\\\\\\\\\\\\\\\\\\\\\\\\\\\\\\\\\\\\\\\\\\\\\\\\\\\\\\\\\\\\\\\\\\\\\\\\\\\\\\\\\\\\\\\\\\\\\\\\\\\\\\\\\\\\\\\\\\\\\\\\\\\\\\\\\\\\\\\\\\\\\\\\\\\\\\\\\\\\\\\\\\\\\\\\\\\\\\\\\\\\\\\\\\\\\\\\\\\\\\\\\\\\\\\\\\\\\\\\\\\\\\\\\\\\\\\\\\\\\\\\\\\\\\\\\\\\\\\\\\\\\\\\\\\\\\\\\\\\\\\\\\\\\\\\\\\\\\\\\\\\\\\\\\\\\\\\\\\\\\\\\\\\\\\\\\\\\\\\\\\\\\\\\\\\\\\\\\\\\\\\\\\\\\\\\\\\\\\\\\\\\\\\\\\\\\\\\\\\\\\\\\\\\\\\\\\\\\\\\\\\\\\\\\\\\\\\\\\\\\\\\\\\\\\\\\\\\\\\\\\\\\\\\\\\\\\\\\\\\\\\\\\\\\\\\\\\\\\\\\\\\\\\\\\\\\\\\\\\\\\\\\\\\\\\\\\\\\\\\\\\\\\\\\\\\\\\\\\\\\\\\\\\\\\\\\\\\\\\\\\\\\\\\\\\\\\\\\\\\\\\\\\\\\\\\\\\\\\\\\\\\\\\\\\\\\\\\\\\\\\\\\\\\\\\\\\\\\\\\\\\\\\\\\\\\\\\\\\\\\\\\\\\\\\\\\\\\\\\\\\\\\\\\\\\\\\\\\\\\\\\\\\\\\\\\\\\\\\\\\\\\\\\\\\\\\\\\\\\\\\\\\\\\\\\\\\\\\\\\\\\\\\\\\\\\\\\\\\\\\\\\\\\\\\\\\\\\\\\\\\\\\\\\\\\\\\\\\\\\\\\\\\\\\\\\\\\\\\\\\\\\\\\\\\\\\\\\\\\\\\\\\\\\\\\\\\\\\\\\\\\\\\\\\\\\\\\\\\\\\\\\\\\\\\\\\\\\\\\\\\\\\\\\\\\\\\\\\\\\\\\\\\\\\\\\\\\\\\\\\\\\\\\\\\\\\\\\\\\\\\\\\\\\\\\\\\\\\\\\\\\\\\\\\\\\\\\\\\\\\\\\\\\\\\\\\\\\\\\\\\\\\\\\\\\\\\\\\\\\\\\\\\\\\\\\\\\\\\\\\\\\\\\\\\\\\\\\\\\\\\\\\\\\\\\\\\\\\\\\\\\\\\\\\\\\\\\\\\\\\\\\\\\\\\\\\\\\\\\\\\\\\\\\\\\\\\\\\\\\\\\\\\\\\\\\\\\\\\\\\\\\\\\\\\\\\\\\\\\\\\\\\\\\\\\\\\\\\\\\\\\\\\\\\\\\\\\\\\\\\\\\\\\\\\\\\\\\\\\\\\\\\\\\\\\\\\\\\\\\\\\\\\\\\\\\\\\\\\\\\\\\\\\\\\\\\\\\\\\\\\\\\\\\\\\\\\\\\\\\\\\\\\\\\\\\\\\\\\\\\\\\\\\\\\\\\\\\\\\\\\\\\\\\\\\\\\\\\\\\\\\\\\\\\\\\\\\\\\\\\\\\\\\\\\\\\\\\\\\\\\\\\\\\\\\\\\\\\\\\\\\\\\\\\\\\\\\\\\\\\\\\\\\\\\\\\\\\\\\\\\\\\\\\\\\\\\\\\\\\\\\\\\\\\\\\\\\\\\\\\\\\\\\\\\\\\\\\\\\\\\\\\\\\\\\\\\\\\\\\\\\\\\\\\\\\\\\\\\\\\\\\\\\\\\\\\\\\\\\\\\\\\\\\\\\\\\\\\\\\\\\\\\\\\\\\\\\\\\\\\\\\\\\\\\\\\\\\\\\\\\\\\\\\\\\\\\\\\\\\\\\\\\\\\\\\\\\\\\\\\\\\\\\\\\\\\\\\\\\\\\\\\\\\\\\\\\\\\\\\\\\\\\\\\\\\\\\\\\\\\\\\\\\\\\\\\\\\\\\\\\\\\\\\\\\\\\\\\\\\\\\\\\\\\\\\\\\\\\\\\\\\\\\\\\\\\\\\\\\\\\\\\\\\\\\\\\\\\\\\\\\\\\\\\\\\\\\\\\\\\\\\\\\\\\\\\\\\\\\\\\\\\\\\\\\\\\\\\\\\\\\\\\\\\\\\\\\\\\\\\\\\\\\\\\\\\\\\\\\\\\\\\\\\\\\\\\\\\\\\\\\\\\\\\\\\\\\\\\\\\\\\\\\\\\\\\\\\\\\\\\\\\\\\\\\\\\\\\\\\\\\\\\\\\\\\\\\\\\\\\\\\\\\\\\\\\\\\\\\\\\\\\\\\\\\\\\\\\\\\\\\\\\\\\\\\\\\\\\\\\\\\\\\\\\\\\\\\\\\\\\\\\\\\\\\\\\\\\\\\\\\\\\\\\\\\\\\\\\\\\\\\\\\\\\\\\\\\\\\\\\\\\\\\\\\\\\\\\\\\\\\\\\\\\\\\\\\\\\\\\\\\\\\\\\\\\\\\\\\\\\\\\\\\\\\\\\\\\\\\\\\\\\\\\\\\\\\\\\\\\\\\\\\\\\\\\\\\\\\\\\\\\\\\\\\\\\\\\\\\\\\\\\\\\\\\\\\\\\\\\\\\\\\\\\\\\\\\\\\\\\\\\\\\\\\\\\\\\\\\\\\\\\\\\\\\\\\\\\\\\\\\\\\\\\\\\\\\\\\\\\\\\\\\\\\\\\\\\\\\\\\\\\\\\\\\\\\\\\\\\\\\\\\\\\\\\\\\\\\\\\\\\\\\\\\\\\\\\\\\\\\\\\\\\\\\\\\\\\\\\\\\\\\\\\\\\\\\\\\\\\\\\\\\\\\\\\\\\\\\\\\\\\\\\\\\\\\\\\\\\\\\\\\\\\\\\\\\\\\\\\\\\\\\\\\\\\\\\\\\\\\\\\\\\\\\\\\\\\\\\\\\\\\\\\\\\\\\\\\\\\\\\\\\\\\\\\\\\\\\\\\\\\\\\\\\\\\\\\\\\\\\\\\\\\\\\\\\\\\\\\\\\\\\\\\\\\\\\\\\\\\\\\\\\\\\\\\\\\\\\\\\\\\\\\\\\\\\\\\\\\\\\\\\\\\\\\\\\\\\\\\\\\\\\\\\\\\\\\\\\\\\\\\\\\\\\\\\\\\\\\\\\\\\\\\\\\\\\\\\\\\\\\\\\\\\\\\\\\\\\\\\\\\\\\\\\\\\\\\\\\\\\\\\\\\\\\\\\\\\\\\\\\\\\\\\\\\\\\\\\\\\\\\\\\\\\\\\\\\\\\\\\\\\\\\\\\\\\\\\\\\\\\\\\\\\\\\\\\\\\\\\\\\\\\\\\\\\\\\\\\\\\\\\\\\\\\\\\\\\\\\\\\\\\\\\\\\\\\\\\\\\\\\\\\\\\\\\\\\\\\\\\\\\\\\\\\\\\\\\\\\\\\\\\\\\\\\\\\\\\\\\\\\\\\\\\\\\\\\\\\\\\\\\\\\\\\\\\\\\\\\\\\\\\\\\\\\\\\\\\\\\\\\\\\\\\\\\\\\\\\\\\\\\\\\\\\\\\\\\\\\\\\\\\\\\\\\\\\\\\\\\\\\\\\\\\\\\\\\\\\\\\\\\\\\\\\\\\\\\\\\\\\\\\\\\\\\\\\\\\\\\\\\\\\\\\\\\\\\\\\\\\\\\\\\\\\\\\\\\\\\\\\\\\\\\\\\\\\\\\\\\\\\\\\\\\\\\\\\\\\\\\\\\\\\\\\\\\\\\\\\\\\\\\\\\\\\\\\\\\\\\\\\\\\\\\\\\\\\\\\\\\\\\\\\\\\\\\\\\\\\\\\\\\\\\\\\\\\\\\\\\\\\\\\\\\\\\\\\\\\\\\\\\\\\\\\\\\\\\\\\\\\\\\\\\\\\\\\\\\\\\\\\\\\\\\\\\\\\\\\\\\\\\\\\\\\\\\\\\\\\\\\\\\\\\\\\\\\\\\\\\\\\\\\\\\\\\\\\\\\\\\\\\\\\\\\\\/\\\\\\\\\\\\\\\\\\\\\\\\\\\\\\\\\\\\\\\\\\\\\\\\\\\\\\\\\\\\\\\\\\\\\\\\\\\\\\\\\\\\\\\\\\\\\\\\\\\\\\\\\\\\\\\\\\\\\\\\\\\\\\\\\\\\\\\\\\\\\\\\\\\\\\\\\\\\\\\\\\\\\\\\\\\\\\\\\\\\\\\\\\\\\\\\\\\\\\\\\\\\\\\\\\\\\\\\\\\\\\\\\\\\\\\\\\\\\\\\\\\\\\\\\\\\\\\\\\\\\\\\\\\\\\\\\\\\\\\\\\\\\\\\\\\\\\\\\\\\\\\\\\\\\\\\\\\\\\\\\\\\\\\\\\\\\\\\\\\\\\\\\\\\\\\\\\\\\\\\\\\\\\\\\\\\\\\\\\\\\\\\\\\\\\\\\\\\\\\\\\\\\\\\\\\\\\\\\\\\\\\\\\\\\\\\\\\\\\\\\\\\\\\\\\\\\\\\\\\\\\\\\\\\\\\\\\\\\\\\\\\\\\\\\\\\\\\\\\\\\\\\\\\\\\\\\\\\\\\\\\\\\\\\\\\\\\\\\\\\\\\\\\\\\\\\\\\\\\\\\\\\\\\\\\\\\\\\\\\\\\\\\\\\\\\\\\\\\\\\\\\\\\\\\\\\\\\\\\\\\\\\\\\\\\\\\\\\\\\\\\\\\\\\\\\\\\\\\\\\\\\\\\\\\\\\\\\\\\\\\\\\\\\\\\\\\\\\\\\\\\\\\\\\\\\\\\\\\\\\\\\\\\\\\\\\\\\\\\\\\\\\\\\\\\\\\\\\\\\\\\\\\\\\\\\\\\\\\\\\\\\\\\\\\\\\\\\\\\\\\\\\\\\\\\\\\\\\\\\\\\\\\\\\\\\\\\\\\\\\\\\\\\\\\\\\\\\\\\\\\\\\\\\\\\\\\\\\\\\\\\\\\\\\\\\\\\\\\\\\\\\\\\\\\\\\\\\\\\\\\\\\\\\\\\\\\\\\\\\\\\\\\\\\\\\\\\\\\\\\\\\\\\\\\\\\\\\\\\\\\\\\\\\\\\\\\\\\\\\\\\\\\\\\\\\\\\\\\\\\\\\\\\\\\\\\\\\\\\\\\\\\\\\\\\\\\\\\\\\\\\\\\\\\\\\\\\\\\\\\\\\\\\\\\\\\\\\\\\\\\\\\\\\\\\\\\\\\\\\\\\\\\\\\\\\\\\\\\\\\\\\\\\\\\\\\\\\\\\\\\\\\\\\\\\\\\\\\\\\\\\\\\\\\\\\\\\\\\\\\\\\\\\\\\\\\\\\\\\\\\\\\\\\\\\\\\\\\\\\\\\\\\\\\\\\\\\\\\\\\\\\\\\\\\\\\\\\\\\\\\\\\\\\\\\\\\\\\\\\\\\\\\\\\\\\\\\\\\\\\\\\\\\\\\\\\\\\\\\\\\\\\\\\\\\\\\\\\\\\\\\\\\\\\\\\\\\\\\\\\\\\\\\\\\\\\\\\\\\\\\\\\\\\\\\\\\\\\\\\\\\\\\\\\\\\\\\\\\\\\\\\\\\\\\\\\\\\\\\\\\\\\\\\\\\\\\\\\\\\\\\\\\\\\\\\\\\\\\\\\\\\\\\\\\\\\\\\\\\\\\\\\\\\\\\\\\\\\\\\\\\\\\\\\\\\\\\\\\\\\\\\\\\\\\\\\\\\\\\\\\\\\\\\\\\\\\\\\\\\\\\\\\\\\\\\\\\\\\\\\\\\\\\\\\\\\\\\\\\\\\\\\\\\\\\\\\\\\\\\\\\\\\\\\\\\\\\\\\\\\\\\\\\\\\\\\\\\\\\\\\\\\\\\\\\\\\\\\\\\\\\\\\\\\\\\\\\\\\\\\\\\\\\\\\\\\\\\\\\\\\\\\\\\\\\\\\\\\\\\\\\\\\\\\\\\\\\\\\\\\\\\\\\\\\\\\\\\\\\\\\\\\\\\\\\\\\\\\\\\\\\\\\\\\\\\\\\\\\\\\\\\\\\\\\\\\\\\\\\\\\\\\\\\\\\\\\\\\\\\\\\\\\\\\\\\\\\\\\\\\\\\\\\\\\\\\\\\\\\\\\\\\\\\\\\\\\\\\\\\\\\\\\\\\\\\\\\\\\\\\\\\\\\\\\\\\\\\\\\\\\\\\\\\\\\\\\\\\\\\\\\\\\\\\\\\\\\\\\\\\\\\\\\\\\\\\\\\\\\\\\\\\\\\\\\\\\\\\\\\\\\\\\\\\\\\\\\\\\\\\\\\\\\\\\\\\\\\\\\\\\\\\\\\\\\\\\\\\\\\\\\\\\\\\\\\\\\\\\\\\\\\\\\\\\\\\\\\\\\\\\\\\\\\\\\\\\\\\\\\\\\\\\\\\\\\\\\\\\\\\\\\\\\\\\\\\\\\\\\\\\\\\\\\\\\\\\\\\\\\\\\\\\\\\\\\\\\\\\\\\\\\\\\\\\\\\\\\\\\\\\\\\\\\\\\\\\\\\\\\\\\\\\\\\\\\\\\\\\\\\\\\\\\\\\\\\\\\\\\\\\\\\\\\\\\\\\\\\\\\\\\\\\\\\\\\\\\\\\\\\\\\\\\\\\\\\\\\\\\\\\\\\\\\\\\\\\\\\\\\\\\\\\\\\\\\\\\\\\\\\\\\\\\\\\\\\\\\\\\\\\\\\\\\\\\\\\\\\\\\\\\\\\\\\\\\\\\\\\\\\\\\\\\\\\\\\\\\\\\\\\\\\\\\\\\\\\\\\\\\\\\\\\\\\\\\\\\\\\\\\\\\\\\\\\\\\\\\\\\\\\\\\\\\\\\\\\\\\\\\\\\\\\\\\\\\\\\\\\\\\\\\\\\\\\\\\\\\\\\\\\\\\\\\\\\\\\\\\\\\\\\\\\\\\\\\\\\\\\\\\\\\\\\\\\\\\\\\\\\\\\\\\\\\\\\\\\\\\\\\\\\\\\\\\\\\\\\\\\\\\\\\\\\\\\\\\\\\\\\\\\\\\\\\\\\\\\\\\\\\\\\\\\\\\\\\\\\\\\\\\\\\\\\\\\\\\\\\\\\\\\\\\\\\\\\\\\\\\\\\\\\\\\\\\\\\\\\\\\\\\\\\\\\\\\\\\\\\\\\\\\\\\\\\\\\\\\\\\\\\\\\\\\\\\\\\\\\\\\\\\\\\\\\\\\\\\\\\\\\\\\\\\\\\\\\\\\\\\\\\\\\\\\\\\\\\\\\\\\\\\\\\\\\\\\\\\\\\\\\\\\\\\\\\\\\\\\\\\\\\\\\\\\\\\\\\\\\\\\\\\\\\\\\\\\\\\\\\\\\\\\\\\\\\\\\\\\\\\\\\\\\\\\\\\\\\\\\\\\\\\\\\\\\\\\\\\\\\\\\\\\\\\\\\\\\\\\\\\\\\\\\\\\\\\\\\\\\\\\\\\\\\\\\\\\\\\\\\\\\\\\\\\\\\\\\\\\\\\\\\\\\\\\\\\\\\\\\\\\\\\\\\\\\\\\\\\\\\\\\\\\\\\\\\\\\\\\\\\\\\\\\\\\\\\\\\\\\\\\\\\\\\\\\\\\\\\\\\\\\\\\\\\\\\\\\\\\\\\\\\\\\\\\\\\\\\\\\\\\\\\\\\\\\\\\\\\\\\\\\\\\\\\\\\\\\\\\\\\\\\\\\\\\\\\\\\\\\\\\\\\\\\\\\\\\\\\\\\\\\\\\\\\\\\\\\\\\\\\\\\\\\\\\\\\\\\\\\\\\\\\\\\\\\\\\\\\\\\\\\\\\\\\\\\\\\\\\\\\\\\\\\\\\\\\\\\\\\\\\\\\\\\\\\\\\\\\\\\\\\\\\\\\\\\\\\\\\\\\\\\\\\\\\\\\\\\\\\\\\\\\\\\\\\\\\\\\\\\\\\\\\\\\\\\\\\\\\\\\\\\\\\\\\\\\\\\\\\\\\\\\\\\\\\\\\\\\\\\\\\\\\\\\\\\\\\\\\\\\\\\\\\\\\\\\\\\\\\\\\\\\\\\\\\\\\\\\\\\\\\\\\\\\\\\\\\\\\\\\\\\\\\\\\\\\\\\\\\\\\\\\\\\\\\\\\\\\\\\\\\\\\\\\\\\\\\\\\\\\\\\\\\\\\\\\\\\\\\\\\\\\\\\\\\\\\\\\\\\\\\\\\\\\\\\\\\\\\\\\\\\\\\\\\\\\\\\\\\\\\\\\\\\\\\\\\\\\\\\\\\\\\\\\\\\\\\\\\\\\\\\\\\\\\\\\\\\\\\\\\\\\\\\\\\\\\\\\\\\\\\\\\\\\\\\\\\\\\\\\\\\\\\\\\\\\\\\\\\\\\\\\\\\\\\\\\\\\\\\\\\\\\\\\\\\\\\\\\\\\\\\\\\\\\\\\\\\\\\\\\\\\\\\\\\\\\\\\\\\\\\\\\\\\\\\\\\\\\\\\\\\\\\\\\\\\\\\\\\\\\\\\\\\\\\\\\\\\\\\\\\\\\\\\\\\\\\\\\\\\\\\\\\\\\\\\\\\\\\\\\\\\\\\\\\\\\\\\\\\\\\\\\\\\\\\\\\\\\\\\\\\\\\\\\\\\\\\\\\\\\\\\\\\\\\\\\\\\\\\\\\\\\\\\\\\\\\\\\\\\\\\\\\\\\\\\\\\\\\\\\\\\\\\\\\\\\\\\\\\\\\\\\\\\\\\\\\\\\\\\\\\\\\\\\\\\\\\\\\\\\\\\\\\\\\\\\\\\\\\\\\\\\\\\\\\\\\\\\\\\\\\\\\\\\\\\\\\\\\\\\\\\\\\\\\\\\\\\\\\\\\\\\\\\\\\\\\\\\\\\\\\\\\\\\\\\\\\\\\\\\\\\\\\\\\\\\\\\\\\\\\\\\\\\\\\\\\\\\\\\\\\\\\\\\\\\\\\\\\\\\\\\\\\\\\\\\\\\\\\\\\\\\\\\\\\\\\\\\\\\\\\\\\\\\\\\\\\\\\\\\\\\\\\\\\\\\\\\\\\\\\\\\\\\\\\\\\\\\\\\\\\\\\\\\\\\\\\\\\\\\\\\\\\\\\\\\\\\\\\\\\\\\\\\\\\\\\\\\\\\\\\\\\\\\\\\\\\\\\\\\\\\\\\\\\\\\\\\\\\\\\\\\\\\\\\\\\\\\\\\\\\\\\\\\\\\\\\\\\\\\\\\\\\\\\\\\\\\\\\\\\\\\\\\\\\\\\\\\\\\\\\\\\\\\\\\\\\\\\\\\\\\\\\\\\\\\\\\\\\\\\\\\\\\\\\\\\\\\\\\\\\\\\\\\\\\\\\\\\\\\\\\\\\\\\\\\\\\\\\\\\\\\\\\\\\\\\\\\\\\\\\\\\\\\\\\\\\\\\\\\\\\\\\\\\\\\\\\\\\\\\\\\\\\\\\\\\\\\\\\\\\\\\\\\\\\\\\\\\\\\\\\\\\\\\\\\\\\\\\\\\\\\\\\\\\\\\\\\\\\\\\\\\\\\\\\\\\\\\\\\\\\\\\\\\\\\\\\\\\\\\\\\\\\\\\\\\\\\\\\\\\\\\\\\\\\\\\\\\\\\\\\\\\\\\\\\\\\\\\\\\\\\\\\\\\\\\\\\\\\\\\\\\\\\\\\\\\\\\\\\\\\\\\\\\\\\\\\\\\\\\\\\\\\\\\\\\\\\\\\\\\\\\\\\\\\\\\\\\\\\\\\\\\\\\\\\\\\\\\\\\\\\\\\\\\\\\\\\\\\\\\\\\\\\\\\\\\\\\\\\\\\\\\\\\\\\\\\\\\\\\\\\\\\\\\\\\\\\\\\\\\\\\\\\\\\\\\\\\\\\\\\\\\\\\\\\\\\\\\\\\\\\\\\\\\\\\\\\\\\\\\\\\\\\\\\\\\\\\\\\\\\\\\\\\\\\\\\\\\\\\\\\\\\\\\\\\\\\\\\\\\\\\\\\\\\\\\\\\\\\\\\\\\\\\\\\\\\\\\\\\\\\\\\\\\\\\\\\\\\\\\\\\\\\\\\\\\\\\\\\\\\\\\\\\\\\\\\\\\\\\\\\\\\\\\\\\\\\\\\\\\\\\\\\\\\\\\\\\\\\\\\\\\\\\\\\\\\\\\\\\\\\\\\\\\\\\\\\\\\\\\\\\\\\\\\\\\\\\\\\\\\\\\\\\\\\\\\\\\\\\\\\\\\\\\\\\\\\\\\\\\\\\\\\\\\\\\\\\\\\\\\\\\\\\\\\\\\\\\\\\\\\\\\\\\\\\\\\\\\\\\\\\\\\\\\\\\\\\\\\\\\\\\\\\\\\\\\\\\\\\\\\\\\\\\\\\\\\\\\\\\\\\\\\\\\\\\\\\\\\\\\\\\\\\\\\\\\\\\\\\\\\\\\\\\\\\\\\\\\\\\\\\\\\\\\\\\\\\\\\\\\\\\\\\\\\\\\\\\\\\\\\\\\\\\\\\\\\\\\\\\\\\\\\\\\\\\\\\\\\\\\\\\\\\\\\\\\\\\\\\\\\\\\\\\\\\\\\\\\\\\\\\\\\\\\\\\\\\\\\\\\\\\\\\\\\\\\\\\\\\\\\\\\\\\\\\\\\\\\\\\\\\\\\\\\\\\\\\\\\\\\\\\\\\\\\\\\\\\\\\\\\\\\/damiradental.co.uk\\\\\\\\\\\\\\\\\\\\\\\\\\\\\\\\\\\\\\\\\\\\\\\\\\\\\\\\\\\\\\\\\\\\\\\\\\\\\\\\\\\\\\\\\\\\\\\\\\\\\\\\\\\\\\\\\\\\\\\\\\\\\\\\\\\\\\\\\\\\\\\\\\\\\\\\\\\\\\\\\\\\\\\\\\\\\\\\\\\\\\\\\\\\\\\\\\\\\\\\\\\\\\\\\\\\\\\\\\\\\\\\\\\\\\\\\\\\\\\\\\\\\\\\\\\\\\\\\\\\\\\\\\\\\\\\\\\\\\\\\\\\\\\\\\\\\\\\\\\\\\\\\\\\\\\\\\\\\\\\\\\\\\\\\\\\\\\\\\\\\\\\\\\\\\\\\\\\\\\\\\\\\\\\\\\\\\\\\\\\\\\\\\\\\\\\\\\\\\\\\\\\\\\\\\\\\\\\\\\\\\\\\\\\\\\\\\\\\\\\\\\\\\\\\\\\\\\\\\\\\\\\\\\\\\\\\\\\\\\\\\\\\\\\\\\\\\\\\\\\\\\\\\\\\\\\\\\\\\\\\\\\\\\\\\\\\\\\\\\\\\\\\\\\\\\\\\\\\\\\\\\\\\\\\\\\\\\\\\\\\\\\\\\\\\\\\\\\\\\\\\\\\\\\\\\\\\\\\\\\\\\\\\\\\\\\\\\\\\\\\\\\\\\\\\\\\\\\\\\\\\\\\\\\\\\\\\\\\\\\\\\\\\\\\\\\\\\\\\\\\\\\\\\\\\\\\\\\\\\\\\\\\\\\\\\\\\\\\\\\\\\\\\\\\\\\\\\\\\\\\\\\\\\\\\\\\\\\\\\\\\\\\\\\\\\\\\\\\\\\\\\\\\\\\\\\\\\\\\\\\\\\\\\\\\\\\\\\\\\\\\\\\\\\\\\\\\\\\\\\\\\\\\\\\\\\\\\\\\\\\\\\\\\\\\\\\\\\\\\\\\\\\\\\\\\\\\\\\\\\\\\\\\\\\\\\\\\\\\\\\\\\\\\\\\\\\\\\\\\\\\\\\\\\\\\\\\\\\\\\\\\\\\\\\\\\\\\\\\\\\\\\\\\\\\\\\\\\\\\\\\\\\\\\\\\\\\\\\\\\\\\\\\\\\\\\\\\\\\\\\\\\\\\\\\\\\\\\\\\\\\\\\\\\\\\\\\\\\\\\\\\\\\\\\\\\\\\\\\\\\\\\\\\\\\\\\\\\\\\\\\\\\\\\\\\\\\\\\\\\\\\\\\\\\\\\\\\\\\\\\\\\\\\\\\\\\\\\\\\\\\\\\\\\\\\\\\\\\\\\\\\\\\\\\\\\\\\\\\\\\\\\\\\\\\\\\\\\\\\\\\\\\\\\\\\\\\\\\\\\\\\\\\\\\\\\\\\\\\\\\\\\\\\\\\\\\\\\\\\\\\\\\\\\\\\\\\\\\\\\\\\\\\\\\\\\\\\\\\\\\\\\\\\\\\\\\\\\\\\\\\\\\\\\\\\\\\\\\\\\\\\\\\\\\\\\\\\\\\\\\\\\\\\\\\\\\\\\\\\\\\\\\\\\\\\\\\\\\\\\\\\\\\\\\\\\\\\\\\\\\\\\\\\\\\\\\\\\\\\\\\\\\\\\\\\\\\\\\\\\\\\\\\\\\\\\\\\\\\\\\\\\\\\\\\\\\\\\\\\\\\\\\\\\\\\\\\\\\\\\\\\\\\\\\\\\\\\\\\\\\\\\\\\\\\\\\\\\\\\\\\\\\\\\\\\\\\\\\\\\\\\\\\\\\\\\\\\\\\\\\\\\\\\\\\\\\\\\\\\\\\\\\\\\\\\\\\\\\\\\\\\\\\\\\\\\\\\\\\\\\\\\\\\\\\\\\\\\\\\\\\\\\\\\\\\\\\\\\\\\\\\\\\\\\\\\\\\\\\\\\\\\\\\\\\\\\\\\\\\\\\\\\\\\\\\\\\\\\\\\\\\\\\\\\\\\\\\\\\\\\\\\\\\\\\\\\\\\\\\\\\\\\\\\\\\\\\\\\\\\\\\\\\\\\\\\\\\\\\\\\\\\\\\\\\\\\\\\\\\\\\\\\\\\\\\\\\\\\\\\\\\\\\\\\\\\\\\\\\\\\\\\\\\\\\\\\\\\\\\\\\\\\\\\\\\\\\\\\\\\\\\\\\\\\\\\\\\\\\\\\\\\\\\\\\\\\\\\\\\\\\\\\\\\\\\\\\\\\\\\\\\\\\\\\\\\\\\\\\\\\\\\\\\\\\\\\\\\\\\\\\\\\\\\\\\\\\\\\\\\\\\\\\\\\\\\\\\\\\\\\\\\\\\\\\\\\\\\\\\\\\\\\\\\\\\\\\\\\\\\\\\\\\\\\\\\\\\\\\\\\\\\\\\\\\\\\\\\\\\\\\\\\\\\\\\\\\\\\\\\\\\\\\\\\\\\\\\\\\\\\\\\\\\\\\\\\\\\\\\\\\\\\\\\\\\\\\\\\\\\\\\\\\\\\\\\\\\\\\\\\\\\\\\\\\\\\\\\\\\\\\\\\\\\\\\\\\\\\\\\\\\\\\\\\\\\\\\\\\\\\\\\\\\\\\\\\\\\\\\\\\\\\\\\\\\\\\\\\\\\\\\\\\\\\\\\\\\\\\\\\\\\\\\\\\\\\\\\\\\\\\\\\\\\\\\\\\\\\\\\\\\\\\\\\\\\\\\\\\\\\\\\\\\\\\\\\\\\\\\\\\\\\\\\\\\\\\\\\\\\\\\\\\\\\\\\\\\\\\\\\\\\\\\\\\\\\\\\\\\\\\\\\\\\\\\\\\\\\\\\\\\\\\\\\\\\\\\\\\\\\\\\\\\\\\\\\\\\\\\\\\\\\\\\\\\\\\\\\\\\\\\\\\\\\\\\\\\\\\\\\\\\\\\\\\\\\\\\\\\\\\\\\\\\\\\\\\\\\\\\\\\\\\\\\\\\\\\\\\\\\\\\\\\\\\\\\\\\\\\\\\\\\\\\\\\\\\\\\\\\\\\\\\\\\\\\\\\\\\\\\\\\\\\\\\\\\\\\\\\\\\\\\\\\\\\\\\\\\\\\\\\\\\\\\\\\\\\\\\\\\\\\\\\\\\\\\\\\\\\\\\\\\\\\\\\\\\\\\\\\\\\\\\\\\\\\\\\\\\\\\\\\\\\\\\\\\\\\\\\\\\\\\\\\\\\\\\\\\\\\\\\\\\\\\\\\\\\\\\\\\\\\\\\\\\\\\\\\\\\\\\\\\\\\\\\\\\\\\\\\\\\\\\\\\\\\\\\\\\\\\\\\\\\\\\\\\\\\\\\\\\\\\\\\\\\\\\\\\\\\\\\\\\\\\\\\\\\\\\\\\\\\\\\\\\\\\\\\\\\\\\\\\\\\\\\\\\\\\\\\\\\\\\\\\\\\\\\\\\\\\\\\\\\\\\\\\\\\\\\\\\\\\\\\\\\\\\\\\\\\\\\\\\\\\\\\\\\\\\\\\\\\\\\\\\\\\\\\\\\\\\\\\\\\\\\\\\\\\\\\\\\\\\\\\\\\\\\\\\\\\\\\\\\\\\\\\\\\\\\\\\\\\\\\\\\\\\\\\\\\\\\\\\\\\\\\\\\\\\\\\\\\\\\\\\\\\\\\\\\\\\\\\\\\\\\\\\\\\\\\\\\\\\\\\\\\\\\\\\\\\\\\\\\\\\\\\\\\\\\\\\\\\\\\\\\\\\\\\\\\\\\\\\\\\\\\\\\\\\\\\\\\\\\\\\\\\\\\\\\\\\\\\\\\\\\\\\\\\\\\\\\\\\\\\\\\\\\\\\\\\\\\\\\\\\\\\\\\\\\\\\\\\\\\\\\\\\\\\\\\\\\\\\\\\\\\\\\\\\\\\\\\\\\\\\\\\\\\\\\\\\\\\\\\\\\\\\\\\\\\\\\\\\\\\\\\\\\\\\\\\\\\\\\\\\\\\\\\\\\\\\\\\\\\\\\\\\\\\\\\\\\\\\\\\\\\\\\\\\\\\\\\\\\\\\\\\\\\\\\\\\\\\\\\\\\\\\\\\\\\\\\\\\\\\\\\\\\\\\\\\\\\\\\\\\\\\\\\\\\\\\\\\\\\\\\\\\\\\\\\\\\\\\\\\\\\\\\\\\\\\\\\\\\\\\\\\\\\\\\\\\\\\\\\\\\\\\\\\\\\\\\\\\\\\\\\\\\\\\\\\\\\\\\\\\\\\\\\\\\\\\\\\\\\\\\\\\\\\\\\\\\\\\\\\\\\\\\\\\\\\\\\\\\\\\\\\\\\\\\\\\\\\\\\\\\\\\\\\\\\\\\\\\\\\\\\\\\\\\\\\\\\\\\\\\\\\\\\\\\\\\\\\\\\\\\\\\\\\\\\\\\\\\\\\\\\\\\\\\\\\\\\\\\\\\\\\\\\\\\\\\\\\\\\\\\\\\\\\\\\\\\\\\\\\\\\\\\\\\\\\\\\\\\\\\\\\\\\\\\\\\\\\\\\\\\\\\\\\\\\\\\\\\\\\\\\\\\\\\\\\\\\\\\\\\\\\\\\\\\\\\\\\\\\\\\\\\\\\\\\\\\\\\\\\\\\\\\\\\\\\\\\\\\\\\\\\\\\\\\\\\\\\\\\\\\\\\\\\\\\\\\\\\\\\\\\\\\\\\\\\\\\\\\\\\\\\\\\\\\\\\\\\\\\\\\\\\\\\\\\\\\\\\\\\\\\\\\\\\\\\\\\\\\\\\\\\\\\\\\\\\\\\\\\\\\\\\\\\\\\\\\\\\\\\\\\\\\\\\\\\\\\\\\\\\\\\\\\\\\\\\\\\\\\\\\\\\\\\\\\\\\\\\\\\\\\\\\\\\\\\\\\\\\\\\\\\\\\\\\\\\\\\\\\\\\\\\\\\\\\\\\\\\\\\\\\\\\\\\\\\\\\\\\\\\\\\\\\\\\\\\\\\\\\\\\\\\\\\\\\\\\\\\\\\\\\\\\\\\\\\\\\\\\\\\\\\\\\\\\\\\\\\\\\\\\\\\\\\\\\\\\\\\\\\\\\\\\\\\\\\\\\\\\\\\\\\\\\\\\\\\\\\\\\\\\\\\\\\\\\\\\\\\\\\\\\\\\\\\\\\\\\\\\\\\\\\\\\\\\\\\\\\\\\\\\\\\\\\\\\\\\\\\\\\\\\\\\\\\\\\\\\\\\\\\\\\\\\\\\\\\\\\\\\\\\\\\\\\\\\\\\\\\\\\\\\\\\\\\\\\\\\\\\\\\\\\\\\\\\\\\\\\\\\\\\\\\\\\\\\\\\\\\\\\\\\\\\\\\\\\\\\\\\\\\\\\\\\\\\\\\\\\\\\\\\\\\\\\\\\\\\\\\\\\\\\\\\\\\\\\\\\\\\\\\\\\\\\\\\\\\\\\\\\\\\\\\\\\\\\\\\\\\\\\\\\\\\\\\\\\\\\\\\\\\\\\\\\\\\\\\\\\\\\\\\\\\\\\\\\\\\\\\\\\\\\\\\\\\\\\\\\\\\\\\\\\\\\\\\\\\\\\\\\\\\\\\\\\\\\\\\\\\\\\\\\\\\\\\\\\\\\\\\\\\\\\\\\\\\\\\\\\\\\\\\\\\\\\\\\\\\\\\\\\\\\\\\\\\\\\\\\\\\\\\\\\\\\\\\\\\\\\\\\\\\\\\\\\\\\\\\\\\\\\\\\\\\\\\\\\\\\\\\\\\\\\\\\\\\\\\\\\\\\\\\\\\\\\\\\\\\\\\\\\\\\\\\\\\\\\\\\\\\\\\\\\\\\\\\\\\\\\\\\\\\\\\\\\\\\\\\\\\\\\\\\\\\\\\\\\\\\\\\\\\\\\\\\\\\\\\\\\\\\\\\\\\\\\\\\\\\\\\\\\\\\\\\\\\\\\\\\\\\\\\\\\\\\\\\\\\\\\\\\\\\\\\\\\\\\\\\\\\\\\\\\\\\\\\\\\\\\\\\\\\\\\\\\\\\\\\\\\\\\\\\\\\\\\\\\\\\\\\\\\\\\\\\\\\\\\\\\\\\\\\\\\\\\\\\\\\\\\\\\\\\\\\\\\\\\\\\\\\\\\\\\\\\\\\\\\\\\\\\\\\\\\\\\\\\\\\\\\\\\\\\\\\\\\\\\\\\\\\\\\\\\\\\\\\\\\\\\\\\\\\\\\\\\\\\\\\\\\\\\\\\\\\\\\\\\\\\\\\\\\\\\\\\\\\\\\\\\\\\\\\\\\\\\\\\\\\\\\\\\\\\\\\\\\\\\\\\\\\\\\\\\\\\\\\\\\\\\\\\\\\\\\\\\\\\\\\\\\\\\\\\\\\\\\\\\\\\\\\\\\\\\\\\\\\\\\\\\\\\\\\\\\\\\\\\\\\\\\\\\\\\\\\\\\\\\\\\\\\\\\\\\\\\\\\\\\\\\\\\\\\\\\\\\\\\\\\\\\\\\\\\\\\\\\\\\\\\\\\\\\\\\\\\\\\\\\\\\\\\\\\\\\\\\\\\\\\\\\\\\\\\\\\\\\\\\\\\\\\\\\\\\\\\\\\\\\\\\\\\\\\\\\\\\\\\\\\\\\\\\\\\\\\\\\\\\\\\\\\\\\\\\\\\\\\\\\\\\\\\\\\\\\\\\\\\\\\\\\\\\\\\\\\\\\\\\\\\\/practice\\\\\\\\\\\\\\\\\\\\\\\\\\\\\\\\\\\\\\\\\\\\\\\\\\\\\\\\\\\\\\\\\\\\\\\\\\\\\\\\\\\\\\\\\\\\\\\\\\\\\\\\\\\\\\\\\\\\\\\\\\\\\\\\\\\\\\\\\\\\\\\\\\\\\\\\\\\\\\\\\\\\\\\\\\\\\\\\\\\\\\\\\\\\\\\\\\\\\\\\\\\\\\\\\\\\\\\\\\\\\\\\\\\\\\\\\\\\\\\\\\\\\\\\\\\\\\\\\\\\\\\\\\\\\\\\\\\\\\\\\\\\\\\\\\\\\\\\\\\\\\\\\\\\\\\\\\\\\\\\\\\\\\\\\\\\\\\\\\\\\\\\\\\\\\\\\\\\\\\\\\\\\\\\\\\\\\\\\\\\\\\\\\\\\\\\\\\\\\\\\\\\\\\\\\\\\\\\\\\\\\\\\\\\\\\\\\\\\\\\\\\\\\\\\\\\\\\\\\\\\\\\\\\\\\\\\\\\\\\\\\\\\\\\\\\\\\\\\\\\\\\\\\\\\\\\\\\\\\\\\\\\\\\\\\\\\\\\\\\\\\\\\\\\\\\\\\\\\\\\\\\\\\\\\\\\\\\\\\\\\\\\\\\\\\\\\\\\\\\\\\\\\\\\\\\\\\\\\\\\\\\\\\\\\\\\\\\\\\\\\\\\\\\\\\\\\\\\\\\\\\\\\\\\\\\\\\\\\\\\\\\\\\\\\\\\\\\\\\\\\\\\\\\\\\\\\\\\\\\\\\\\\\\\\\\\\\\\\\\\\\\\\\\\\\\\\\\\\\\\\\\\\\\\\\\\\\\\\\\\\\\\\\\\\\\\\\\\\\\\\\\\\\\\\\\\\\\\\\\\\\\\\\\\\\\\\\\\\\\\\\\\\\\\\\\\\\\\\\\\\\\\\\\\\\\\\\\\\\\\\\\\\\\\\\\\\\\\\\\\\\\\\\\\\\\\\\\\\\\\\\\\\\\\\\\\\\\\\\\\\\\\\\\\\\\\\\\\\\\\\\\\\\\\\\\\\\\\\\\\\\\\\\\\\\\\\\\\\\\\\\\\\\\\\\\\\\\\\\\\\\\\\\\\\\\\\\\\\\\\\\\\\\\\\\\\\\\\\\\\\\\\\\\\\\\\\\\\\\\\\\\\\\\\\\\\\\\\\\\\\\\\\\\\\\\\\\\\\\\\\\\\\\\\\\\\\\\\\\\\\\\\\\\\\\\\\\\\\\\\\\\\\\\\\\\\\\\\\\\\\\\\\\\\\\\\\\\\\\\\\\\\\\\\\\\\\\\\\\\\\\\\\\\\\\\\\\\\\\\\\\\\\\\\\\\\\\\\\\\\\\\\\\\\\\\\\\\\\\\\\\\\\\\\\\\\\\\\\\\\\\\\\\\\\\\\\\\\\\\\\\\\\\\\\\\\\\\\\\\\\\\\\\\\\\\\\\\\\\\\\\\\\\\\\\\\\\\\\\\\\\\\\\\\\\\\\\\\\\\\\\\\\\\\\\\\\\\\\\\\\\\\\\\\\\\\\\\\\\\\\\\\\\\\\\\\\\\\\\\\\\\\\\\\\\\\\\\\\\\\\\\\\\\\\\\\\\\\\\\\\\\\\\\\\\\\\\\\\\\\\\\\\\\\\\\\\\\\\\\\\\\\\\\\\\\\\\\\\\\\\\\\\\\\\\\\\\\\\\\\\\\\\\\\\\\\\\\\\\\\\\\\\\\\\\\\\\\\\\\\\\\\\\\\\\\\\\\\\\\\\\\\\\\\\\\\\\\\\\\\\\\\\\\\\\\\\\\\\\\\\\\\\\\\\\\\\\\\\\\\\\\\\\\\\\\\\\\\\\\\\\\\\\\\\\\\\\\\\\\\\\\\\\\\\\\\\\\\\\\\\\\\\\\\\\\\\\\\\\\\\\\\\\\\\\\\\\\\\\\\\\\\\\\\\\\\\\\\\\\\\\\\\\\\\\\\\\\\\\\\\\\\\\\\\\\\\\\\\\\\\\\\\\\\\\\\\\\\\\\\\\\\\\\\\\\\\\\\\\\\\\\\\\\\\\\\\\\\\\\\\\\\\\\\\\\\\\\\\\\\\\\\\\\\\\\\\\\\\\\\\\\\\\\\\\\\\\\\\\\\\\\\\\\\\\\\\\\\\\\\\\\\\\\\\\\\\\\\\\\\\\\\\\\\\\\\\\\\\\\\\\\\\\\\\\\\\\\\\\\\\\\\\\\\\\\\\\\\\\\\\\\\\\\\\\\\\\\\\\\\\\\\\\\\\\\\\\\\\\\\\\\\\\\\\\\\\\\\\\\\\\\\\\\\\\\\\\\\\\\\\\\\\\\\\\\\\\\\\\\\\\\\\\\\\\\\\\\\\\\\\\\\\\\\\\\\\\\\\\\\\\\\\\\\\\\\\\\\\\\\\\\\\\\\\\\\\\\\\\\\\\\\\\\\\\\\\\\\\\\\\\\\\\\\\\\\\\\\\\\\\\\\\\\\\\\\\\\\\\\\\\\\\\\\\\\\\\\\\\\\\\\\\\\\\\\\\\\\\\\\\\\\\\\\\\\\\\\\\\\\\\\\\\\\\\\\\\\\\\\\\\\\\\\\\\\\\\\\\\\\\\\\\\\\\\\\\\\\\\\\\\\\\\\\\\\\\\\\\\\\\\\\\\\\\\\\\\\\\\\\\\\\\\\\\\\\\\\\\\\\\\\\\\\\\\\\\\\\\\\\\\\\\\\\\\\\\\\\\\\\\\\\\\\\\\\\\\\\\\\\\\\\\\\\\\\\\\\\\\\\\\\\\\\\\\\\\\\\\\\\\\\\\\\\\\\\\\\\\\\\\\\\\\\\\\\\\\\\\\\\\\\\\\\\\\\\\\\\\\\\\\\\\\\\\\\\\\\\\\\\\\\\\\\\\\\\\\\\\\\\\\\\\\\\\\\\\\\\\\\\\\\\\\\\\\\\\\\\\\\\\\\\\\\\\\\\\\\\\\\\\\\\\\\\\\\\\\\\\\\\\\\\\\\\\\\\\\\\\\\\\\\\\\\\\\\\\\\\\\\\\\\\\\\\\\\\\\\\\\\\\\\\\\\\\\\\\\\\\\\\\\\\\\\\\\\\\\\\\\\\\\\\\\\\\\\\\\\\\\\\\\\\\\\\\\\\\\\\\\\\\\\\\\\\\\\\\\\\\\\\\\\\\\\\\\\\\\\\\\\\\\\\\\\\\\\\\\\\\\\\\\\\\\\\\\\\\\\\\\\\\\\\\\\\\\\\\\\\\\\\\\\\\\\\\\\\\\\\\\\\\\\\\\\\\\\\\\\\\\\\\\\\\\\\\\\\\\\\\\\\\\\\\\\\\\\\\\\\\\\\\\\\\\\\\\\\\\\\\\\\\\\\\\\\\\\\\\\\\\\\\\\\\\\\\\\\\\\\\\\\\\\\\\\\\\\\\\\\\\\\\\\\\\\\\\\\\\\\\\\\\\\\\\\\\\\\\\\\\\\\\\\\\\\\\\\\\\\\\\\\\\\\\\\\\\\\\\\\\\\\\\\\\\\\\\\\\\\\\\\\\\\\\\\\\\\\\\\\\\\\\\\\\\\\\\\\\\\\\\\\\\\\\\\\\\\\\\\\\\\\\\\\\\\\\\\\\\\\\\\\\\\\\\\\\\\\\\\\\\\\\\\\\\\\\\\\\\\\\\\\\\\\\\\\\\\\\\\\\\\\\\\\\\\\\\\\\\\\\\\\\\\\\\\\\\\\\\\\\\\\\\\\\\\\\\\\\\\\\\\\\\\\\\\\\\\\\\\\\\\\\\\\\\\\\\\\\\\\\\\\\\\\\\\\\\\\\\\\\\\\\\\\\\\\\\\\\\\\\\\\\\\\\\\\\\\\\\\\\\\\\\\\\\\\\\\\\\\\\\\\\\\\\\\\\\\\\\\\\\\\\\\\\\\\\\\\\\\\\\\\\\\\\\\\\\\\\\\\\\\\\\\\\\\\\\\\\\\\\\\\\\\\\\\\\\\\\\\\\\\\\\\\\\\\\\\\\\\\\\\\\\\\\\\\\\\\\\\\\\\\\\\\\\\\\\\\\\\\\\\\\\\\\\\\\\\\\\\\\\\\\\\\\\\\\\\\\\\\\\\\\\\\\\\\\\\\\\\\\\\\\\\\\\\\\\\\\\\\\\\\\\\\\\\\\\\\\\\\\\\\\\\\\\\\\\\\\\\\\\\\\\\\\\\\\\\\\\\\\\\\\\\\\\\\\\\\\\\\\\\\\\\\\\\\\\\\\\\\\\\\\\\\\\\\\\\\\\\\\\\\\\\\\\\\\\\\\\\\\\\\\\\\\\\\\\\\\\\\\\\\\\\\\\\\\\\\\\\\\\\\\\\\\\\\\\\\\\\\\\\\\\\\\\\\\\\\\\\\\\\\\\\\\\\\\\\\\\\\\\\\\\\\\\\\\\\\\\\\\\\\\\\\\\\\\\\\\\\\\\\\\\\\\\\\\\\\\\\\\\\\\\\\\\\\\\\\\\\\\\\\\\\\\\\\\\\\\\\\\\\\\\\\\\\\\\\\\\\\\\\\\\\\\\\\\\\\\\\\\\\\\\\\\\\\\\\\\\\\\\\\\\\\\\\\\\\\\\\\\\\\\\\\\\\\\\\\\\\\\\\\\\\\\\\\\\\\\\\\\\\\\\\\\\\\\\\\\\\\\\\\\\\\\\\\\\\\\\\\\\\\\\\\\\\\\\\\\\\\\\\\\\\\\\\\\\\\\\\\\\\\\\\\\\\\\\\\\\\\\\\\\\\\\\\\\\\\\\\\\\\\\\\\\\\\\\\\\\\\\\\\\\\\\\\\\\\\\\\\\\\\\\\\\\\\\\\\\\\\\\\\\\\\\\\\\\\\\\\\\\\\\\\\\\\\\\\\\\\\\\\\\\\\\\\\\\\\\\\\\\\\\\\\\\\\\\\\\\\\\\\\\\\\\\\\\\\\\\\\\\\\\\\\\\\\\\\\\\\\\\\\\\\\\\\\\\\\\\\\\\\\\\\\\\\\\\\\\\\\\\\\\\\\\\\\\\\\\\\\\\\\\\\\\\\\\\\\\\\\\\\\\\\\\\\\\\\\\\\\\\\\\\\\\\\\\\\\\\\\\\\\\\\\\\\\\\\\\\\\\\\\\\\\\\\\\\\\\\\\\\\\\\\\\\\\\\\\\\\\\\\\\\\\\\\\\\\\\\\\\\\\\\\\\\\\\\\\\\\\\\\\\\\\\\\\\\\\\\\\\\\\\\\\\\\\\\\\\\\\\\\\\\\\\\\\\\\\\\\\\\\\\\\\\\\\\\\\\\\\\\\\\\\\\\\\\\\\\\\\\\\\\\\\\\\\\\\\\\\\\\\\\\\\\\\\\\\\\\\\\\\\\\\\\\\\\\\\\\\\\\\\\\\\\\\\\\\\\\\\\\\\\\\\\\\\\\\\\\\\\\\\\\\\\\\\\\\\\\\\\\\\\\\\\\\\\\\\\\\\\\\\\\\\\\\\\\\\\\\\\\\\\\\\\\\\\\\\\\\\\\\\\\\\\\\\\\\\\\\\\\\\\\\\\\\\\\\\\\\\\\\\\\\\\\\\\\\\\\\\\\\\\\\\\\\\\\\\\\\\\\\\\\\\\\\\\\\\\\\\\\\\\\\\\\\\\\\\\\\\\\\\\\\\\\\\\\\\\\\\\\\\\\\\\\\\\\\\\\\\\\\\\\\\\\\\\\\\\\\\\\\\\\\\\\\\\\\\\\\\\\\\\\\\\\\\\\\\\\\\\\\\\\\\\\\\\\\\\\\\\\\\\\\\\\\\\\\\\\\\\\\\\\\\\\\\\\\\\\\\\\\\\\\\\\\\\\\\\\\\\\\\\\\\\\\\\\\\\\\\\\\\\\\\\\\\\\\\\\\\\\\\\\\\\\\\\\\\\\\\\\\\\\\\\\\\\\\\\\\\\\\\\\\\\\\\\\\\\\\\\\\\\\\\\\\\\\\\\\\\\\\\\\\\\\\\\\\\\\\\\\\\\\\\\\\\\\\\\\\\\\\\\\\\\\\\\\\\\\\\\\\\\\\\\\\\\\\\\\\\\\\\\\\\\\\\\\\\\\\\\\\\\\\\\\\\\\\\\\\\\\\\\\\\\\\\\\\\\\\\\\\\\\\\\\\\\\\\\\\\\\\\\\\\\\\\\\\\\\\\\\\\\\\\\\\\\\\\\\\\\\\\\\\\\\\\\\\\\\\\\\\\\\\\\\\\\\\\\\\\\\\\\\\\\\\\\\\\\\\\\\\\\\\\\\\\\\\\\\\\\\\\\\\\\\\\\\\\\\\\\\\\\\\\\\\\\\\\\\\\\\\\\\\\\\\\\\\\\\\\\\\\\\\\\\\\\\\\\\\\\\\\\\\\\\\\\\\\\\\\\\\\\\\\\\\\\\\\\\\\\\\\\\\\\\\\\\\\\\\\\\\\\\\\\\\\\\\\\\\\\\\\\\\\\\\\\\\\\\\\\\\\\\\\\\\\\\\\\\\\\\\\\\\\\\\\\\\\\\\\\\\\\\\\\\\\\\\\\\\\\\\\\\\\\\\\\\\\\\\\\\\\\\\\\\\\\\\\\\\\\\\\\\\\\\\\\\\\\\\\\\\\\\\\\\\\\\\\\\\\\\\\\\\\\\\\\\\\\\\\\\\\\\\\/island-health-london
page_000090.json,X2257,RLT01,George Eliot Hospital,1,SRV0370,Maternity services,1,Telephone,0247686 5049
page_000090.json,X2257,RLT01,George Eliot Hospital,1,SRV0370,Maternity services,2,PhoneExt,
page_000090.json,X23327,V007724,Peak Smile Studio Ltd,1,SRV0087,Braces and other orthodontic treatment,1,Website,https:\\\\\\\\\\\\\\\\\\\\\\\\\\\\\\\\\\\\\\\\\\\\\\\\\\\\\\\\\\\\\\\\\\\\\\\\\\\\\\\\\\\\\\\\\\\\\\\\/\\\\\\\\\\\\\\\\\\\\\\\\\\\\\\\\\\\\\\\\\\\\\\\\\\\\\\\\\\\\\\\\\\\\\\\\\\\\\\\\\\\\\\\\\\\\\\\\/www.peaksmile.co.uk\\\\\\\\\\\\\\\\\\\\\\\\\\\\\\\\\\\\\\\\\\\\\\\\\\\\\\\\\\\\\\\\\\\\\\\\\\\\\\\\\\\\\\\\\\\\\\\\/orthodontics
page_000090.json,X23468,V006547,Sherwood House Dental Practice,1,SRV0087,Braces and other orthodontic treatments,1,Website,http://shdental.co.uk/orthodontics-braces/
page_000090.json,X23516,V008648,Uppingham Dental Practice LTD,1,SRV0087,Braces and other orthodontic treatment,1,Website,http:\\\\\\/\\\\\\/www.mmdentalcare.co.uk
page_000090.json,X23526,V008639,Smile Dental Practice,1,SRV0087,Braces and other orthodontic treatment,1,Website,https:\\\\\\\\\\\\/\\\\\\\\\\\\/smiledp.com\\\\\\\\\\\\/dental-treatments\\\\\\\\\\\\/orthodontic-implant-services\\\\\\\\\\\\/
page_000090.json,X2366,RWV28,TALKWORKS,1,SRV0339,"NHS psychological therapies services (IAPT), including cognitive behavioural therapy (CBT) ",1,Telephone,0300 555 3344
page_000090.json,X2366,RWV28,TALKWORKS,1,SRV0339,"NHS psychological therapies services (IAPT), including cognitive behavioural therapy (CBT) ",2,PhoneExt,
page_000090.json,X2366,RWV28,TALKWORKS,1,SRV0339,"NHS psychological therapies services (IAPT), including cognitive behavioural therapy (CBT) ",3,Email,dpt.talkworks.exeter@nhs.net
page_000090.json,X2366,RWV28,TALKWORKS,1,SRV0339,"NHS psychological therapies services (IAPT), including cognitive behavioural therapy (CBT) ",4,Website,https://www.talkworks.dpt.nhs.uk/get-in-touch
page_000090.json,X23695,V021082,East Midlands Orthodontics,1,SRV0087,Braces and other orthodontic treatment,1,Website,https:\\\\\\\\\\\\/\\\\\\\\\\\\/em-orthodontics.co.uk\\\\\\\\\\\\/
page_000091.json,X24446,V007394,Wigan Orthodontic Centre,1,SRV0087,Braces and other orthodontic treatment,1,Website,http:\\\\\\\\\\\\\\\\\\\\\\\\\\\\\\\\\\\\\\\\\\\\\\\\\\\\\\\\\\\\\\\\\\\\\\\\\\\\\\\\\\\\\\\\\\\\\\\\\\\\\\\\\\\\\\\\\\\\\\\\\\\\\\\\\\\\\\\\\\\\\\\\\\\\\\\\\\\\\\\\\\\\\\\\\\\\\\\\\\\\\\\\\\\\\\\\\\\\\\\\\\\\\\\\\\\\\\\\\\\\\\\\\\\\\\\\\\\\\\\\\\\\\\\\\\\\\\\\\\\\\\\\\\\\\\\\\\\\\\\\\\\\\\\\\\\\\\\\\\\\\\\\\\\\\\\\\\\\\\\\\\\\\\\\\\\\\\\\\\\\\\\\\\\\\\\\\\\\\\\\\\\\\\\\\\\\\\\\\\\\\\\\\\\\\\\\\\\\\\\\\\\\\\\\\\\\\\\\\\\\\\\\\\\\\\\\\\\\\\\\\\\\\\\\\\\\\\\\\\\\\\\\\\\\\\\\\\\\\\\\\\\\\\\\\\\\\\\\\\\\\\\\\\\\\\\\\\\\\\\\\\\\\\\\\\\\\\\\\\\\\\\\\\\\\\\\\\\\\\\\\\\\\\\\\\\\\\\\\\\\\\\\\\\\\\\\\\\\\\\\\\\\\\\\\\\\\\\\\\\\\\\\\\\\\\\\\\\\\\\\\\\\\\\\\\\\\\\\\\\\\\\\\\\\\\\\\\\\\\\\\\\\\\\\\\\\\\\\\\\\\\\\\\\\\\\\\\\\\\\\\\\\\\\\\\\\\\\\\\\\\\\\\\\\\\\\\\\\\\\\\\\\\\\\/\\\\\\\\\\\\\\\\\\\\\\\\\\\\\\\\\\\\\\\\\\\\\\\\\\\\\\\\\\\\\\\\\\\\\\\\\\\\\\\\\\\\\\\\\\\\\\\\\\\\\\\\\\\\\\\\\\\\\\\\\\\\\\\\\\\\\\\\\\\\\\\\\\\\\\\\\\\\\\\\\\\\\\\\\\\\\\\\\\\\\\\\\\\\\\\\\\\\\\\\\\\\\\\\\\\\\\\\\\\\\\\\\\\\\\\\\\\\\\\\\\\\\\\\\\\\\\\\\\\\\\\\\\\\\\\\\\\\\\\\\\\\\\\\\\\\\\\\\\\\\\\\\\\\\\\\\\\\\\\\\\\\\\\\\\\\\\\\\\\\\\\\\\\\\\\\\\\\\\\\\\\\\\\\\\\\\\\\\\\\\\\\\\\\\\\\\\\\\\\\\\\\\\\\\\\\\\\\\\\\\\\\\\\\\\\\\\\\\\\\\\\\\\\\\\\\\\\\\\\\\\\\\\\\\\\\\\\\\\\\\\\\\\\\\\\\\\\\\\\\\\\\\\\\\\\\\\\\\\\\\\\\\\\\\\\\\\\\\\\\\\\\\\\\\\\\\\\\\\\\\\\\\\\\\\\\\\\\\\\\\\\\\\\\\\\\\\\\\\\\\\\\\\\\\\\\\\\\\\\\\\\\\\\\\\\\\\\\\\\\\\\\\\\\\\\\\\\\\\\\\\\\\\\\\\\\\\\\\\\\\\\\\\\\\\\\\\\\\\\\\\\\\\\\\\\\\\\\\\\\\\\\\\\\\\\\\\\\\\\\\\\\\\\\\\\\\\\\\\\\\\\\\\\\/www.totalorthodontics.co.uk
page_000091.json,X24722,V002526,"Bupa Dental Care, Beeston",1,SRV0087,Braces and other orthodontic treatment,1,Website,https:\\\\\\\\\\\\\\\\\\\\\\\\\\\\\\\\\\\\\\\\\\\\\\\\\\\\\\\\\\\\\\\\\\\\\\\\\\\\\\\\\\\\\\\\\\\\\\\\\\\\\\\\\\\\\\\\\\\\\\\\\\\\\\\\\\\\\\\\\\\\\\\\\\\\\\\\\\\\\\\\\\\\\\\\\\\\\\\\\\\\\\\\\\\\\\\\\\\\\\\\\\\\\\\\\\\\\\\\\\\\\\\\\\\\\\\\\\\\\\\\\\\\\\\\\\\\\\\\\\\\\\\\\\\\\\\\\\\\\\\\\\\\\\\\\\\\\\\\\\\\\\\\\\\\\\\\\\\\\\\\\\\\\\\\\\\\\\\\\\\\\\\\\\\\\\\\\\\\\\\\\\\\\\\\\\\\\\\\\\\\\\\\\\\\\\\\\\\\\\\\\\\\\\\\\\\\\\\\\\\\\\\\\\\\\\\\\\\\\\\\\\\\\\\\\\\\\\\\\\\\\\\\\\\\\\\\\\\\\\\\\\\\\\\\\\\\\\\\\\\\\\\\\\\\\\\\\\\\\\\\\\\\\\\\\\\\\\\\\\\\\\\\\\\\\\\\\\\\\\\\\\\\\\\\\\\\\\\\\\\\\\\\\\\\\\\\\\\\\\\\\\\\\\\\\\\\\\\\\\\\\\\\\\\\\\\\\\\\\\\\\\\\\\\\\\\\\\\\\\\\\\\\\\\\\\\\\\\\\\\\\\\\\\\\\\\\\\\\\\\\\\\\\\\\\\\\\\\\\\\\\\\\\\\\\\\\\\\\\\\\\\\\\\\\\\\\\\\\\\\\\\\\\\\\/\\\\\\\\\\\\\\\\\\\\\\\\\\\\\\\\\\\\\\\\\\\\\\\\\\\\\\\\\\\\\\\\\\\\\\\\\\\\\\\\\\\\\\\\\\\\\\\\\\\\\\\\\\\\\\\\\\\\\\\\\\\\\\\\\\\\\\\\\\\\\\\\\\\\\\\\\\\\\\\\\\\\\\\\\\\\\\\\\\\\\\\\\\\\\\\\\\\\\\\\\\\\\\\\\\\\\\\\\\\\\\\\\\\\\\\\\\\\\\\\\\\\\\\\\\\\\\\\\\\\\\\\\\\\\\\\\\\\\\\\\\\\\\\\\\\\\\\\\\\\\\\\\\\\\\\\\\\\\\\\\\\\\\\\\\\\\\\\\\\\\\\\\\\\\\\\\\\\\\\\\\\\\\\\\\\\\\\\\\\\\\\\\\\\\\\\\\\\\\\\\\\\\\\\\\\\\\\\\\\\\\\\\\\\\\\\\\\\\\\\\\\\\\\\\\\\\\\\\\\\\\\\\\\\\\\\\\\\\\\\\\\\\\\\\\\\\\\\\\\\\\\\\\\\\\\\\\\\\\\\\\\\\\\\\\\\\\\\\\\\\\\\\\\\\\\\\\\\\\\\\\\\\\\\\\\\\\\\\\\\\\\\\\\\\\\\\\\\\\\\\\\\\\\\\\\\\\\\\\\\\\\\\\\\\\\\\\\\\\\\\\\\\\\\\\\\\\\\\\\\\\\\\\\\\\\\\\\\\\\\\\\\\\\\\\\\\\\\\\\\\\\\\\\\\\\\\\\\\\\\\\\\\\\\\\\\\\\\\\\\\\\\\\\\\\\\\\\\\\\\\\\\\\\\/www.invisalign.co.uk\\\\\\\\\\\\\\\\\\\\\\\\\\\\\\\\\\\\\\\\\\\\\\\\\\\\\\\\\\\\\\\\\\\\\\\\\\\\\\\\\\\\\\\\\\\\\\\\\\\\\\\\\\\\\\\\\\\\\\\\\\\\\\\\\\\\\\\\\\\\\\\\\\\\\\\\\\\\\\\\\\\\\\\\\\\\\\\\\\\\\\\\\\\\\\\\\\\\\\\\\\\\\\\\\\\\\\\\\\\\\\\\\\\\\\\\\\\\\\\\\\\\\\\\\\\\\\\\\\\\\\\\\\\\\\\\\\\\\\\\\\\\\\\\\\\\\\\\\\\\\\\\\\\\\\\\\\\\\\\\\\\\\\\\\\\\\\\\\\\\\\\\\\\\\\\\\\\\\\\\\\\\\\\\\\\\\\\\\\\\\\\\\\\\\\\\\\\\\\\\\\\\\\\\\\\\\\\\\\\\\\\\\\\\\\\\\\\\\\\\\\\\\\\\\\\\\\\\\\\\\\\\\\\\\\\\\\\\\\\\\\\\\\\\\\\\\\\\\\\\\\\\\\\\\\\\\\\\\\\\\\\\\\\\\\\\\\\\\\\\\\\\\\\\\\\\\\\\\\\\\\\\\\\\\\\\\\\\\\\\\\\\\\\\\\\\\\\\\\\\\\\\\\\\\\\\\\\\\\\\\\\\\\\\\\\\\\\\\\\\\\\\\\\\\\\\\\\\\\\\\\\\\\\\\\\\\\\\\\\\\\\\\\\\\\\\\\\\\\\\\\\\\\\\\\\\\\\\\\\\\\\\\\\\\\\\\\\\\\\\\\\\\\\\\\\\\\\\\\\\\\\\\\\\/SV\\\\\\\\\\\\\\\\\\\\\\\\\\\\\\\\\\\\\\\\\\\\\\\\\\\\\\\\\\\\\\\\\\\\\\\\\\\\\\\\\\\\\\\\\\\\\\\\\\\\\\\\\\\\\\\\\\\\\\\\\\\\\\\\\\\\\\\\\\\\\\\\\\\\\\\\\\\\\\\\\\\\\\\\\\\\\\\\\\\\\\\\\\\\\\\\\\\\\\\\\\\\\\\\\\\\\\\\\\\\\\\\\\\\\\\\\\\\\\\\\\\\\\\\\\\\\\\\\\\\\\\\\\\\\\\\\\\\\\\\\\\\\\\\\\\\\\\\\\\\\\\\\\\\\\\\\\\\\\\\\\\\\\\\\\\\\\\\\\\\\\\\\\\\\\\\\\\\\\\\\\\\\\\\\\\\\\\\\\\\\\\\\\\\\\\\\\\\\\\\\\\\\\\\\\\\\\\\\\\\\\\\\\\\\\\\\\\\\\\\\\\\\\\\\\\\\\\\\\\\\\\\\\\\\\\\\\\\\\\\\\\\\\\\\\\\\\\\\\\\\\\\\\\\\\\\\\\\\\\\\\\\\\\\\\\\\\\\\\\\\\\\\\\\\\\\\\\\\\\\\\\\\\\\\\\\\\\\\\\\\\\\\\\\\\\\\\\\\\\\\\\\\\\\\\\\\\\\\\\\\\\\\\\\\\\\\\\\\\\\\\\\\\\\\\\\\\\\\\\\\\\\\\\\\\\\\\\\\\\\\\\\\\\\\\\\\\\\\\\\\\\\\\\\\\\\\\\\\\\\\\\\\\\\\\\\\\\\\\\\\\\\\\\\\\\\\\\\\\\\\\\\\\\\/1035187
page_000091.json,X2497,RP772,Steps2Change Lincoln,1,SRV0339,"NHS psychological therapies services (IAPT), including cognitive behavioural therapy (CBT) ",1,Telephone,0303 123 4000
page_000091.json,X2497,RP772,Steps2Change Lincoln,1,SRV0339,"NHS psychological therapies services (IAPT), including cognitive behavioural therapy (CBT) ",2,PhoneExt,
page_000091.json,X2497,RP772,Steps2Change Lincoln,1,SRV0339,"NHS psychological therapies services (IAPT), including cognitive behavioural therapy (CBT) ",3,Email,lincs.spa@nhs.net
page_000091.json,X2497,RP772,Steps2Change Lincoln,1,SRV0339,"NHS psychological therapies services (IAPT), including cognitive behavioural therapy (CBT) ",4,Website,https://gateway.mayden.co.uk/referral-v2/c2ce2fcb-3586-4e64-8405-deac6ce440b1
page_000092.json,X25740,V006553,Damira Hillcrest Dental Practice,1,SRV0087,Braces and other orthodontic treatment,1,Website,https:\\\\\\\\\\\\\\\\\\\\\\\\\\\\\\\\\\\\\\\\\\\\\\\\\\\\\\\\\\\\\\\\\\\\\\\\\\\\\\\\\\\\\\\\\\\\\\\\\\\\\\\\\\\\\\\\\\\\\\\\\\\\\\\\\\\\\\\\\\\\\\\\\\\\\\\\\\\\\\\\\\\\\\\\\\\\\\\\\\\\\\\\\\\\\\\\\\\\\\\\\\\\\\\\\\\\\\\\\\\\\\\\\\\\\\\\\\\\\\\\\\\\\\\\\\\\\\\\\\\\\\\\\\\\\\\\\\\\\\\\\\\\\\\\\\\\\\\\\\\\\\\\\\\\\\\\\\\\\\\\\\\\\\\\\\\\\\\\\\\\\\\\\\\\\\\\\\\\\\\\\\\\\\\\\\\\\\\\\\\\\\\\\\\\\\\\\\\\\\\\\\\\\\\\\\\\\\\\\\\\\\\\\\\\\\\\\\\\\\\\\\\\\\\\\\\\\\\\\\\\\\\\\\\\\\\\\\\\\\\\\\\\\\\\\\\\\\\\\\\\\\\\\\\\\\\\\\\\\\\\\\\\\\\\\\\\\\\\\\\\\\\\\\\\\\\\\\\\\\\\\\\\\\\\\\\\\\\\\\\\\\\\\\\\\\\\\\\\\\\\\\\\\\\\\\\\\\\\\\\\\\\\\\\\\\\\\\\\\\\\\\\\\\\\\\\\\\\\\\\\\\\\\\\\\\\\\\\\\\\\\\\\\\\\\\\\\\\\\\\\\\\\\\\\\\\\\\\\\\\\\\\\\\\\\\\\\\\\\\\\\\\\\\\\\\\\\\\\\\\\\\\\\\\\\\\\\\\\\\\\\\\\\\\\\\\\\\\\\\\\\\\\\\\\\\\\\\\\\\\\\\\\\\\\\\\\\\\\\\\\\\\\\\\\\\\\\\\\\\\\\\\\\\\\\\\\\\\\\\\\\\\\\\\\\\\\\\\\\\\\\\\\\\\\\\\\\\\\\\\\\\\\\\\\\\\\\\\\\\\\\\\\\\\\\\\\\\\\\\\\\\\\\\\\\\\\\\\\\\\\\\\\\\\\\\\\\\\\\\\\\\\\\\\\\\\\\\\\\\\\\\\\\\\\\\\\\\\\\\\\\\\\\\\\\\\\\\\\\\\\\\\\\\\\\\\\\\\\\\\\\\\\\\\\\\\\\\\\\\\\\\\\\\\\\\\\\\\\\\\\\\\\\\\\\\\\\\\\\\\\\\\\\\\\\\\\\\\\\\\\\\\\\\\\\\\\\\\\\\\\\\\\\\\\\\\\\\\\\\\\\\\\\\\\\\\\\\\\\\\\\\\\\\\\\\\\\\\\\\\\\\\\\\\\\\\\\\\\\\\\\\\\\\\\\\\\\\\\\\\\\\\\\\\\\\\\\\\\\\\\\\\\\\\\\\\\\\\\\\\\\\\\\\\\\\\\\\\\\\\\\\\\\\\\\\\\\\\\\\\\\\\\\\\\\\\\\\\\\\\\\\\\\\\\\\\\\\\\\\\\\\\\\\\\\\\\\\\\\\\\\\\\\\\\\\\\\\\\\\\\\\\\\\\\\\\\\\\\\\\\\\\\\\\\\\\\\\\\\\\\\\\\\\\\\\\\\\\\\\\\\\\\\\\\\\\\\\\\\\\\\\\\\\\\\\\\\\\\\\\\\\\\\\\\\\\\\\\\\\\\\\\\\\\\\\\\\\\\\\\\\\\\\\\\\\\\\\\\\\\\\\\\\\\\\\\\\\\\\\\\\\\\\\\\\\\\\\\\\\\\\\\\\\\\\\\\\\\\\\\\\\\\\\\\\\\\\\\\\\\\\\\\\\\\\\\\\\\\\\\\\\\\\\\\\\\\\\\\\\\\\\\\\\\\\\\\\\\\\\\\\\\\\\\\\\\\\\\\\\\\\\\\\\\\\\\\\\\\\\\\\\\\\\\\\\\\\\\\\\\\\\\\\\\\\\\\\\\\\\\\\\\\\\\\\\\\\\\\\\\\\\\\\\\\\\\\\\\\\\\\\\\\\\\\\\\\\\\\\\\\\\\\\\\\\\\\\\\\\\\\\\\\\\\\\\\\\\\\\\\\\\\\\\\\\\\\\\\\\\\\\\\\\\\\\\\\\\\\\\\\\\\\\\\\\\\\\\\\\\\\\\\\\\\\\\\\\\\\\\\\\\\\\\\\\\\\\\\\\\\\\\\\\\\\\\\\\\\\\\\\\\\\\\\\\\\\\\\\\\\\\\\\\\\\\\\\\\\\\\\\\\\\\\\\\\\\\\\\\\\\\\\\\\\\\\\\\\\\\\\\\\\\\\\\\\\\\\\\\\\\\\\\\\\\\\\\\\\\\\\\\\\\\\\\\\\\\\\\\\\\\\\\\\\\\\\\\\\\\\\\\\\\\\\\\\\\\\\\\\\\\\\\\\\\\\\\\\\\\\\\\\\\\\\\\\\\\\\\\\\\\\\\\\\\\\\\\\\\\\\\\\\\\\\\\\\\\\\\\\\\\\\\\\\\\\\\\\\\\\\\\\\\\\\\\\\\\\\\\\\\\\\\\\\\\\\\\\\\\\\\\\\\\\\\\\\\\\\\\\\\\\\\\\\\\\\\\\\\\\\\\\\\\\\\\\\\\\\\\\\\\\\\\\\\\\\\\\\\\\\\\\\\\\\\\\\\\\\\\\\\\\\\\\\\\\\\\\\\\\\\\\\\\\\\\\\\\\\\\\\\\\\\\\\\\\\\\\\\\\\\\\\\\\\\\\\\\\\\\\\\\\\\\\\\\\\\\\\\\\\\\\\\\\\\\\\\\\\\\\\\\\\\\\\\\\\\\\\\\\\\\\\\\\\\\\\\\\\\\\\\\\\\\\\\\\\\\\\\\\\\\\\\\\\\\\\\\\\\\\\\\\\\\\\\\\\\\\\\\\\\\\\\\\\\\\\\\\\\\\\\\\\\\\\\\\\\\\\\\\\\\\\\\\\\\\\\\\\\\\\\\\\\\\\\\\\\\\\\\\\\\\\\\\\\\\\\\\\\\\\\\\\\\\\\\\\\\\\\\\\\\\\\\\\\\\\\\\\\\\\\\\\\\\\\\\\\\\\\\\\\\\\\\\\\\\\\\\\\\\\\\\\\\\\\\\\\\\\\\\\\\\\\\\\\\\\\\\\\\\\\\\\\\\\\\\\\\\\\\\\\\\\\\\\\\\\\\\\\\\\\\\\\\\\\\\\\\\\\\\\\\\\\\\\\\\\\\\\\\\\\\\\\\\\\\\\\\\\\\\\\\\\\\\\\\\\\\\\\\\\\\\\\\\\\\\\\\\\\\\\\\\\\\\\\\\\\\\\\\\\\\\\\\\\\\\\\\\\\\\\\\\\\\\\\\\\\\\\\\\\\\\\\\\\\\\\\\\\\\\\\\\\\\\\\\\\\\\\\\\\\\\\\\\\\\\\\\\\\\\\\\\\\\\\\\\\\\\\\\\\\\\\\\\\\\\\\\\\\\\\\\\\\\\\\\\\\\\\\\\\\\\\\\\\\\\\\\\\\\\\\\\\\\\\\\\\\\\\\\\\\\\\\\\\\\\\\\\\\\\\\\\\\\\\\\\\\\\\\\\\\\\\\\\\\\\\\\\\\\\\\\\\\\\\\\\\\\\\\\\\\\\\\\\\\\\\\\\\\\\\\\\\\\\\\\\\\\\\\\\\\\\\\\\\\\\\\\\\\\\\\\\\\\\\\\\\\\\\\\\\\\\\\\\\\\\\\\\\\\\\\\\\\\\\\\\\\\\\\\\\\\\\\\\\\\\\\\\\\\\\\\\\\\\\\\\\\\\\\\\\\\\\\\\\\\\\\\\\\\\\\\\\\\\\\\\\\\\\\\\\\\\\\\\\\\\\\\\\\\\\\\\\\\\\\\\\\\\\\\\\\\\\\\\\\\\\\\\\\\\\\\\\\\\\\\\\\\\\\\\\\\\\\\\\\\\\\\\\\\\\\\\\\\\\\\\\\\\\\\\\\\\\\\\\\\\\\\\\\\\\\\\\\\\\\\\\\\\\\\\\\\\\\\\\\\\\\\\\\\\\\\\\\\\\\\\\\\\\\\\\\\\\\\\\\\\\\\\\\\\\\\\\\\\\\\\\\\\\\\\\\\\\\\\\\\\\\\\\\\\\\\\\\\\\\\\\\\\\\\\\\\\\\\\\\\\\\\\\\\\\\\\\\\\\\\\\\\\\\\\\\\\\\\\\\\\\\\\\\\\\\\\\\\\\\\\\\\\\\\\\\\\\\\\\\\\\\\\\\\\\\\\\\\\\\\\\\\\\\\\\\\\\\\\\\\\\\\\\\\\\\\\\\\\\\\\\\\\\\\\\\\\\\\\\\\\\\\\\\\\\\\\\\\\\\\\\\\\\\\\\\\\\\\\\\\\\\\\\\\\\\\\\\\\\\\\\\\\\\\\\\\\\\\\\\\\\\\\\\\\\\\\\\\\\\\\\\\\\\\\\\\\\\\\\\\\\\\\\\\\\\\\\\\\\\\\\\\\\\\\\\\\\\\\\\\\\\\\\\\\\\\\\\\\\\\\\\\\\\\\\\\\\\\\\\\\\\\\\\\\\\\\\\\\\\\\\\\\\\\\\\\\\\\\\\\\\\\\\\\\\\\\\\\\\\\\\\\\\\\\\\\\\\\\\\\\\\\\\\\\\\\\\\\\\\\\\\\\\\\\\\\\\\\\\\\\\\\\\\\\\\\\\\\\\\\\\\\\\\\\\\\\\\\\\\\\\\\\\\\\\\\\\\\\\\\\\\\\\\\\\\\\\\\\\\\\\\\\\\\\\\\\\\\\\\\\\\\\\\\\\\\\\\\\\\\\\\\\\\\\\\\\\\\\\\\\\\\\\\\\\\\\\\\\\\\\\\\\\\\\\\\\\\\\\\\\\\\\\\\\\\\\\\\\\\\\\\\\\\\\\\\\\\\\\\\\\\\\\\\\\\\\\\\\\\\\\\\\\\\\\\\\\\\\\\\\\\\\\\\\\\\\\\\\\\\\\\\\\\\\\\\\\\\\\\\\\\\\\\\\\\\\\\\\\\\\\\\\\\\\\\\\\\\\\\\\\\\\\\\\\\\\\\\\\\\\\\\\\\\\\\\\\\\\\\\\\\\\\\\\\\\\\\\\\\\\\\\\\\\\\\\\\\\\\\\\\\\\\\\\\\\\\\\\\\\\\\\\\\\\\\\\\\\\\\\\\\\\\\\\\\\\\\\\\\\\\\\\\\\\\\\\\\\\\\\\\\\\\\\\\\\\\\\\\\\\\\\\\\\\\\\\\\\\\\\\\\\\\\\\\\\\\\\\\\\\\\\\\\\\\\\\\\\\\\\\\\\\\\\\\\\\\\\\\\\\\\\\\\\\\\\\\\\\\\\\\\\\\\\\\\\\\\\\\\\\\\\\\\\\\\\\\\\\\\\\\\\\\\\\\\\\\\\\\\\\\\\\\\\\\\\\\\\\\\\\\\\\\\\\\\\\\\\\\\\\\\\\\\\\\\\\\\\\\\\\\\\\\\\\\\\\\\\\\\\\\\\\\\\\\\\\\\\\\\\\\\\\\\\\\\\\\\\\\\\\\\\\\\\\\\\\\\\\\\\\\\\\\\\\\\\\\\\\\\\\\\\\\\\\\\\\\\\\\\\\\\\\\\\\\\\\\\\\\\\\\\\\\\\\\\\\\\\\\\\\\\\\\\\\\\\\\\\\\\\\\\\\\\\\\\\\\\\\\\\\\\\\\\\\\\\\\\\\\\\\\\\\\\\\\\\\\\\\\\\\\\\\\\\\\\\\\\\\\\\\\\\\\\\\\\\\\\\\\\\\\\\\\\\\\\\\\\\\\\\\\\\\\\\\\\\\\\\\\\\\\\\\\\\\\\\\\\\\\\\\\\\\\\\\\\\\\\\\\\\\\\\\\\\\\\\\\\\\\\\\\\\\\\\\\\\\\\\\\\\\\\\\\\\\\\\\\\\\\\\\\\\\\\\\\\\\\\\\\\\\\\\\\\\\\\\\\\\\\\\\\\\\\\\\\\\\\\\\\\\\\\\\\\\\\\\\\\\\\\\\\\\\\\\\\\\\\\\\\\\\\\\\\\\\\\\\\\\\\\\\\\\\\\\\\\\\\\\\\\\\\\\\\\\\\\\\\\\\\\\\\\\\\\\\\\\\\\\\\\\\\\\\\\\\\\\\\\\\\\\\\\\\\\\\\\\\\\\\\\\\\\\\\\\\\\\\\\\\\\\\\\\\\\\\\\\\\\\\\\\\\\\\\\\\\\\\\\\\\\\\\\\\\\\\\\\\\\\\\\\\\\\\\\\\\\\\\\\\\\\\\\\\\\\\\\\\\\\\\\\\\\\\\\\\\\\\\\\\\\\\\\\\\\\\\\\\\\\\\\\\\\\\\\\\\\\\\\\\\\\\\\\\\\\\\\\\\\\\\\\\\\\\\\\\\\\\\\\\\\\\\\\\\\\\\\\\\\\\\\\\\\\\\\\\\\\\\\\\\\\\\\\\\\\\\\\\\\\\\\\\\\\\\\\\\\\\\\\\\\\\\\\\\\\\\\\\\\\\\\\\\\\\\\\\\\\\\\\\\\\\\\\\\\\\\\\\\\\\\\\\\\\\\\\\\\\\\\\\\\\\\\\\\\\\\\\\\\\\\\\\\\\\\\\\\\\\\\\\\\\\\\\\\\\\\\\\\\\\\\\\\\\\\\\\\\\\\\/\\\\\\\\\\\\\\\\\\\\\\\\\\\\\\\\\\\\\\\\\\\\\\\\\\\\\\\\\\\\\\\\\\\\\\\\\\\\\\\\\\\\\\\\\\\\\\\\\\\\\\\\\\\\\\\\\\\\\\\\\\\\\\\\\\\\\\\\\\\\\\\\\\\\\\\\\\\\\\\\\\\\\\\\\\\\\\\\\\\\\\\\\\\\\\\\\\\\\\\\\\\\\\\\\\\\\\\\\\\\\\\\\\\\\\\\\\\\\\\\\\\\\\\\\\\\\\\\\\\\\\\\\\\\\\\\\\\\\\\\\\\\\\\\\\\\\\\\\\\\\\\\\\\\\\\\\\\\\\\\\\\\\\\\\\\\\\\\\\\\\\\\\\\\\\\\\\\\\\\\\\\\\\\\\\\\\\\\\\\\\\\\\\\\\\\\\\\\\\\\\\\\\\\\\\\\\\\\\\\\\\\\\\\\\\\\\\\\\\\\\\\\\\\\\\\\\\\\\\\\\\\\\\\\\\\\\\\\\\\\\\\\\\\\\\\\\\\\\\\\\\\\\\\\\\\\\\\\\\\\\\\\\\\\\\\\\\\\\\\\\\\\\\\\\\\\\\\\\\\\\\\\\\\\\\\\\\\\\\\\\\\\\\\\\\\\\\\\\\\\\\\\\\\\\\\\\\\\\\\\\\\\\\\\\\\\\\\\\\\\\\\\\\\\\\\\\\\\\\\\\\\\\\\\\\\\\\\\\\\\\\\\\\\\\\\\\\\\\\\\\\\\\\\\\\\\\\\\\\\\\\\\\\\\\\\\\\\\\\\\\\\\\\\\\\\\\\\\\\\\\\\\\\\\\\\\\\\\\\\\\\\\\\\\\\\\\\\\\\\\\\\\\\\\\\\\\\\\\\\\\\\\\\\\\\\\\\\\\\\\\\\\\\\\\\\\\\\\\\\\\\\\\\\\\\\\\\\\\\\\\\\\\\\\\\\\\\\\\\\\\\\\\\\\\\\\\\\\\\\\\\\\\\\\\\\\\\\\\\\\\\\\\\\\\\\\\\\\\\\\\\\\\\\\\\\\\\\\\\\\\\\\\\\\\\\\\\\\\\\\\\\\\\\\\\\\\\\\\\\\\\\\\\\\\\\\\\\\\\\\\\\\\\\\\\\\\\\\\\\\\\\\\\\\\\\\\\\\\\\\\\\\\\\\\\\\\\\\\\\\\\\\\\\\\\\\\\\\\\\\\\\\\\\\\\\\\\\\\\\\\\\\\\\\\\\\\\\\\\\\\\\\\\\\\\\\\\\\\\\\\\\\\\\\\\\\\\\\\\\\\\\\\\\\\\\\\\\\\\\\\\\\\\\\\\\\\\\\\\\\\\\\\\\\\\\\\\\\\\\\\\\\\\\\\\\\\\\\\\\\\\\\\\\\\\\\\\\\\\\\\\\\\\\\\\\\\\\\\\\\\\\\\\\\\\\\\\\\\\\\\\\\\\\\\\\\\\\\\\\\\\\\\\\\\\\\\\\\\\\\\\\\\\\\\\\\\\\\\\\\\\\\\\\\\\\\\\\\\\\\\\\\\\\\\\\\\\\\\\\\\\\\\\\\\\\\\\\\\\\\\\\\\\\\\\\\\\\\\\\\\\\\\\\\\\\\\\\\\\\\\\\\\\\\\\\\\\\\\\\\\\\\\\\\\\\\\\\\\\\\\\\\\\\\\\\\\\\\\\\\\\\\\\\\\\\\\\\\\\\\\\\\\\\\\\\\\\\\\\\\\\\\\\\\\\\\\\\\\\\\\\\\\\\\\\\\\\\\\\\\\\\\\\\\\\\\\\\\\\\\\\\\\\\\\\\\\\\\\\\\\\\\\\\\\\\\\\\\\\\\\\\\\\\\\\\\\\\\\\\\\\\\\\\\\\\\\\\\\\\\\\\\\\\\\\\\\\\\\\\\\\\\\\\\\\\\\\\\\\\\\\\\\\\\\\\\\\\\\\\\\\\\\\\\\\\\\\\\\\\\\\\\\\\\\\\\\\\\\\\\\\\\\\\\\\\\\\\\\\\\\\\\\\\\\\\\\\\\\\\\\\\\\\\\\\\\\\\\\\\\\\\\\\\\\\\\\\\\\\\\\\\\\\\\\\\\\\\\\\\\\\\\\\\\\\\\\\\\\\\\\\\\\\\\\\\\\\\\\\\\\\\\\\\\\\\\\\\\\\\\\\\\\\\\\\\\\\\\\\\\\\\\\\\\\\\\\\\\\\\\\\\\\\\\\\\\\\\\\\\\\\\\\\\\\\\\\\\\\\\\\\\\\\\\\\\\\\\\\\\\\\\\\\\\\\\\\\\\\\\\\\\\\\\\\\\\\\\\\\\\\\\\\\\\\\\\\\\\\\\\\\\\\\\\\\\\\\\\\\\\\\\\\\\\\\\\\\\\\\\\\\\\\\\\\\\\\\\\\\\\\\\\\\\\\\\\\\\\\\\\\\\\\\\\\\\\\\\\\\\\\\\\\\\\\\\\\\\\\\\\\\\\\\\\\\\\\\\\\\\\\\\\\\\\\\\\\\\\\\\\\\\\\\\\\\\\\\\\\\\\\\\\\\\\\\\\\\\\\\\\\\\\\\\\\\\\\\\\\\\\\\\\\\\\\\\\\\\\\\\\\\\\\\\\\\\\\\\\\\\\\\\\\\\\\\\\\\\\\\\\\\\\\\\\\\\\\\\\\\\\\\\\\\\\\\\\\\\\\\\\\\\\\\\\\\\\\\\\\\\\\\\\\\\\\\\\\\\\\\\\\\\\\\\\\\\\\\\\\\\\\\\\\\\\\\\\\\\\\\\\\\\\\\\\\\\\\\\\\\\\\\\\\\\\\\\\\\\\\\\\\\\\\\\\\\\\\\\\\\\\\\\\\\\\\\\\\\\\\\\\\\\\\\\\\\\\\\\\\\\\\\\\\\\\\\\\\\\\\\\\\\\\\\\\\\\\\\\\\\\\\\\\\\\\\\\\\\\\\\\\\\\\\\\\\\\\\\\\\\\\\\\\\\\\\\\\\\\\\\\\\\\\\\\\\\\\\\\\\\\\\\\\\\\\\\\\\\\\\\\\\\\\\\\\\\\\\\\\\\\\\\\\\\\\\\\\\\\\\\\\\\\\\\\\\\\\\\\\\\\\\\\\\\\\\\\\\\\\\\\\\\\\\\\\\\\\\\\\\\\\\\\\\\\\\\\\\\\\\\\\\\\\\\\\\\\\\\\\\\\\\\\\\\\\\\\\\\\\\\\\\\\\\\\\\\\\\\\\\\\\\\\\\\\\\\\\\\\\\\\\\\\\\\\\\\\\\\\\\\\\\\\\\\\\\\\\\\\\\\\\\\\\\\\\\\\\\\\\\\\\\\\\\\\\\\\\\\\\\\\\\\\\\\\\\\\\\\\\\\\\\\\\\\\\\\\\\\\\\\\\\\\\\\\\\\\\\\\\\\\\\\\\\\\\\\\\\\\\\\\\\\\\\\\\\\\\\\\\\\\\\\\\\\\\\\\\\\\\\\\\\\\\\\\\\\\\\\\\\\\\\\\\\\\\\\\\\\\\\\\\\\\\\\\\\\\\\\\\\\\\\\\\\\\\\\\\\\\\\\\\\\\\\\\\\\\\\\\\\\\\\\\\\\\\\\\\\\\\\\\\\\\\\\\\\\\\\\\\\\\\\\\\\\\\\\\\\\\\\\\\\\\\\\\\\\\\\\\\\\\\\\\\\\\\\\\\\\\\\\\\\\\\\\\\\\\\\\\\\\\\\\\\\\\\\\\\\\\\\\\\\\\\\\\\\\\\\\\\\\\\\\\\\\\\\\\\\\\\\\\\\\\\\\\\\\\\\\\\\\\\\\\\\\\\\\\\\\\\\\\\\\\\\\\\\\\\\\\\\\\\\\\\\\\\\\\\\\\\\\\\\\\\\\\\\\\\\\\\\\\\\\\\\\\\\\\\\\\\\\\\\\\\\\\\\\\\\\\\\\\\\\\\\\\\\\\\\\\\\\\\\\\\\\\\\\\\\\\\\\\\\\\\\\\\\\\\\\\\\\\\\\\\\\\\\\\\\\\\\\\\\\\\\\\\\\\\\\\\\\\\\\\\\\\\\\\\\\\\\\\\\\\\\\\\\\\\\\\\\\\\\\\\\\\\\\\\\\\\\\\\\\\\\\\\\\\\\\\\\\\\\\\\\\\\\\\\\\\\\\\\\\\\\\\\\\\\\\\\\\\\\\\\\\\\\\\\\\\\\\\\\\\\\\\\\\\\\\\\\\\\\\\\\\\\\\\\\\\\\\\\\\\\\\\\\\\\\\\\\\\\\\\\\\\\\\\\\\\\\\\\\\\\\\\\\\\\\\\\\\\\\\\\\\\\\\\\\\\\\\\\\\\\\\\\\\\\\\\\\\\\\\\\\\\\\\\\\\\\\\\\\\\\\\\\\\\\\\\\\\\\\\\\\\\\\\\\\\\\\\\\\\\\\\\\\\\\\\\\\\\\\\\\\\\\\\\\\\\\\\\\\\\\\\\\\\\\\\\\\\\\\\\\\\\\\\\\\\\\\\\\\\\\\\\\\\\\\\\\\\\\\\\\\\\\\\\\\\\\\\\\\\\\\\\\\\\\\\\\\\\\\\\\\\\\\\\\\\\\\\\\\\\\\\\\\\\\\\\\\\\\\\\\\\\\\\\\\\\\\\\\\\\\\\\\\\\\\\\\\\\\\\\\\\\\\\\\\\\\\\\\\\\\\\\\\\\\\\\\\\\\\\\\\\\\\\\\\\\\\\\\\\\\\\\\\\\\\\\\\\\\\\\\\\\\\\\\\\\\\\\\\\\\\\\\\\\\\\\\\\\\\\\\\\\\\\\\\\\\\\\\\\\\\\\\\\\\\\\\\\\\\\\\\\\\\\\\\\\\\\\\\\\\\\\\\\\\\\\\\\\\\\\\\\\\\\\\\\\\\\\\\\\\\\\\\\\\\\\\\\\\\\\\\\\\\\\\\\\\\\\\\\\\\\\\\\\\\\\\\\\\\\\\\\\\\\\\\\\\\\\\\\\\\\\\\\\\\\\\\\\\\\\\\\\\\\\\\\\\\\\\\\\\\\\\\\\\\\\\\\\\\\\\\\\\\\\\\\\\\\\\\\\\\\\\\\\\\\\\\\\\\\\\\\\\\\\\\\\\\\\\\\\\\\\\\\\\\\\\\\\\\\\\\\\\\\\\\\\\\\\\\\\\\\\\\\\\\\\\\\\\\\\\\\\\\\\\\\\\\\\\\\\\\\\\\\\\\\\\\\\\\\\\\\\\\\\\\\\\\\\\\\\\\\\\\\\\\\\\\\\\\\\\\\\\\\\\\\\\\\\\\\\\\\\\\\\\\\\\\\\\\\\\\\\\\\\\\\\\\\\\\\\\\\\\\\\\\\\\\\\\\\\\\\\\\\\\\\\\\\\\\\\\\\\\\\\\\\\\\\\\\\\\\\\\\\\\\\\\\\\\\\\\\\\\\\\\\\\\\\\\\\\\\\\\\\\\\\\\\\\\\\\\\\\\\\\\\\\\\\\\\\\\\\\\\\\\\\\\\\\\\\\\\\\\\\\\\\\\\\\\\\\\\\\\\\\\\\\\\\\\\\\\\\\\\\\\\\\\\\\\\\\\\\\\\\\\\\\\\\\\\\\\\\\\\\\\\\\\\\\\\\\\\\\\\\\\\\\\\\\\\\\\\\\\\\\\\\\\\\\\\\\\\\\\\\\\\\\\\\\\\\\\\\\\\\\\\\\\\\\\\\\\\\\\\\\\\\\\\\\\\\\\\\\\\\\\\\\\\\\\\\\\\\\\\\\\\\\\\\\\\\\\\\\\\\\\\\\\\\\\\\\\\\\\\\\\\\\\\\\\\\\\\\\\\\\\\\\\\\\\\\\\\\\\\\\\\\\\\\\\\\\\\\\\\\\\\\\\\\\\\\\\\\\\\\\\\\\\\\\\\\\\\\\\\\\\\\\\\\\\\\\\\\\\\\\\\\\\\\\\\\\\\\\\\\\\\\\\\\\\\\\\\\\\\\\\\\\\\\\\\\\\\\\\\\\\\\\\\\\\\\\\\\\\\\\\\\\\\\\\\\\\\\\\\\\\\\\\\\\\\\\\\\\\\\\\\\\\\\\\\\\\\\\\\\\\\\\\\\\\\\\\\\\\\\\\\\\\\\\\\\\\\\\\\\\\\\\\\\\\\\\\\\\\\\\\\\\\\\\\\\\\\\\\\\\\\\\\\\\\\\\\\\\\\\\\\\\\\\\\\\\\\\\\\\\\\\\\\\\\\\\\\\\\\\\\\\\\\\\\\\\\\\\\\\\\\\\\\\\\\\\\\\\\\\\\\\\\\\\\\\\\\\\\\\\\\\\\\\\\\\\\\\\\\\\\\\\\\\\\\\\\\\\\\\\\\\\\\\\\\\\\\\\\\\\\\\\\\\\\\\\\\\\\\\\\\\\\\\\\\\\\\\\\\\\\\\\\\\\\\\\\\\\\\\\\\\\\\\\\\\\\\\\\\\\\\\\\\\\\\\\\\\\\\\\\\\\\\\\\\\\\\\\\\\\\\\\\\\\\\\\\\\\\\\\\\\\\\\\\\\\\\\\\\\\\\\\\\\\\\\\\\\\\\\\\\\\\\\\\\\\\\\\\\\\\\\\\\\\\\\\\\\\\\\\\\\\\\\\\\\\\\\\\\\\\\\\\\\\\\\\\\\\\\\\\\\\\\\\\\\\\\\\\\\\\\\\\\\\\\\\\/damiradental.co.uk\\\\\\\\\\\\\\\\\\\\\\\\\\\\\\\\\\\\\\\\\\\\\\\\\\\\\\\\\\\\\\\\\\\\\\\\\\\\\\\\\\\\\\\\\\\\\\\\\\\\\\\\\\\\\\\\\\\\\\\\\\\\\\\\\\\\\\\\\\\\\\\\\\\\\\\\\\\\\\\\\\\\\\\\\\\\\\\\\\\\\\\\\\\\\\\\\\\\\\\\\\\\\\\\\\\\\\\\\\\\\\\\\\\\\\\\\\\\\\\\\\\\\\\\\\\\\\\\\\\\\\\\\\\\\\\\\\\\\\\\\\\\\\\\\\\\\\\\\\\\\\\\\\\\\\\\\\\\\\\\\\\\\\\\\\\\\\\\\\\\\\\\\\\\\\\\\\\\\\\\\\\\\\\\\\\\\\\\\\\\\\\\\\\\\\\\\\\\\\\\\\\\\\\\\\\\\\\\\\\\\\\\\\\\\\\\\\\\\\\\\\\\\\\\\\\\\\\\\\\\\\\\\\\\\\\\\\\\\\\\\\\\\\\\\\\\\\\\\\\\\\\\\\\\\\\\\\\\\\\\\\\\\\\\\\\\\\\\\\\\\\\\\\\\\\\\\\\\\\\\\\\\\\\\\\\\\\\\\\\\\\\\\\\\\\\\\\\\\\\\\\\\\\\\\\\\\\\\\\\\\\\\\\\\\\\\\\\\\\\\\\\\\\\\\\\\\\\\\\\\\\\\\\\\\\\\\\\\\\\\\\\\\\\\\\\\\\\\\\\\\\\\\\\\\\\\\\\\\\\\\\\\\\\\\\\\\\\\\\\\\\\\\\\\\\\\\\\\\\\\\\\\\\\\\\\\\\\\\\\\\\\\\\\\\\\\\\\\\\\\\\\\\\\\\\\\\\\\\\\\\\\\\\\\\\\\\\\\\\\\\\\\\\\\\\\\\\\\\\\\\\\\\\\\\\\\\\\\\\\\\\\\\\\\\\\\\\\\\\\\\\\\\\\\\\\\\\\\\\\\\\\\\\\\\\\\\\\\\\\\\\\\\\\\\\\\\\\\\\\\\\\\\\\\\\\\\\\\\\\\\\\\\\\\\\\\\\\\\\\\\\\\\\\\\\\\\\\\\\\\\\\\\\\\\\\\\\\\\\\\\\\\\\\\\\\\\\\\\\\\\\\\\\\\\\\\\\\\\\\\\\\\\\\\\\\\\\\\\\\\\\\\\\\\\\\\\\\\\\\\\\\\\\\\\\\\\\\\\\\\\\\\\\\\\\\\\\\\\\\\\\\\\\\\\\\\\\\\\\\\\\\\\\\\\\\\\\\\\\\\\\\\\\\\\\\\\\\\\\\\\\\\\\\\\\\\\\\\\\\\\\\\\\\\\\\\\\\\\\\\\\\\\\\\\\\\\\\\\\\\\\\\\\\\\\\\\\\\\\\\\\\\\\\\\\\\\\\\\\\\\\\\\\\\\\\\\\\\\\\\\\\\\\\\\\\\\\\\\\\\\\\\\\\\\\\\\\\\\\\\\\\\\\\\\\\\\\\\\\\\\\\\\\\\\\\\\\\\\\\\\\\\\\\\\\\\\\\\\\\\\\\\\\\\\\\\\\\\\\\\\\\\\\\\\\\\\\\\\\\\\\\\\\\\\\\\\\\\\\\\\\\\\\\\\\\\\\\\\\\\\\\\\\\\\\\\\\\\\\\\\\\\\\\\\\\\\\\\\\\\\\\\\\\\\\\\\\\\\\\\\\\\\\\\\\\\\\\\\\\\\\\\\\\\\\\\\\\\\\\\\\\\\\\\\\\\\\\\\\\\\\\\\\\\\\\\\\\\\\\\\\\\\\\\\\\\\\\\\\\\\\\\\\\\\\\\\\\\\\\\\\\\\\\\\\\\\\\\\\\\\\\\\\\\\\\\\\\\\\\\\\\\\\\\\\\\\\\\\\\\\\\\\\\\\\\\\\\\\\\\\\\\\\\\\\\\\\\\\\\\\\\\\\\\\\\\\\\\\\\\\\\\\\\\\\\\\\\\\\\\\\\\\\\\\\\\\\\\\\\\\\\\\\\\\\\\\\\\\\\\\\\\\\\\\\\\\\\\\\\\\\\\\\\\\\\\\\\\\\\\\\\\\\\\\\\\\\\\\\\\\\\\\\\\\\\\\\\\\\\\\\\\\\\\\\\\\\\\\\\\\\\\\\\\\\\\\\\\\\\\\\\\\\\\\\\\\\\\\\\\\\\\\\\\\\\\\\\\\\\\\\\\\\\\\\\\\\\\\\\\\\\\\\\\\\\\\\\\\\\\\\\\\\\\\\\\\\\\\\\\\\\\\\\\\\\\\\\\\\\\\\\\\\\\\\\\\\\\\\\\\\\\\\\\\\\\\\\\\\\\\\\\\\\\\\\\\\\\\\\\\\\\\\\\\\\\\\\\\\\\\\\\\\\\\\\\\\\\\\\\\\\\\\\\\\\\\\\\\\\\\\\\\\\\\\\\\\\\\\\\\\\\\\\\\\\\\\\\\\\\\\\\\\\\\\\\\\\\\\\\\\\\\\\\\\\\\\\\\\\\\\\\\\\\\\\\\\\\\\\\\\\\\\\\\\\\\\\\\\\\\\\\\\\\\\\\\\\\\\\\\\\\\\\\\\\\\\\\\\\\\\\\\\\\\\\\\\\\\\\\\\\\\\\\\\\\\\\\\\\\\\\\\\\\\\\\\\\\\\\\\\\\\\\\\\\\\\\\\\\\\\\\\\\\\\\\\\\\\\\\\\\\\\\\\\\\\\\\\\\\\\\\\\\\\\\\\\\\\\\\\\\\\\\\\\\\\\\\\\\\\\\\\\\\\\\\\\\\\\\\\\\\\\\\\\\\\\\\\\\\\\\\\\\\\\\\\\\\\\\\\\\\\\\\\\\\\\\\\\\\\\\\\\\\\\\\\\\\\\\\\\\\\\\\\\\\\\\\\\\\\\\\\\\\\\\\\\\\\\\\\\\\\\\\\\\\\\\\\\\\\\\\\\\\\\\\\\\\\\\\\\\\\\\\\\\\\\\\\\\\\\\\\\\\\\\\\\\\\\\\\\\\\\\\\\\\\\\\\\\\\\\\\\\\\\\\\\\\\\\\\\\\\\\\\\\\\\\\\\\\\\\\\\\\\\\\\\\\\\\\\\\\\\\\\\\\\\\\\\\\\\\\\\\\\\\\\\\\\\\\\\\\\\\\\\\\\\\\\\\\\\\\\\\\\\\\\\\\\\\\\\\\\\\\\\\\\\\\\\\\\\\\\\\\\\\\\\\\\\\\\\\\\\\\\\\\\\\\\\\\\\\\\\\\\\\\\\\\\\\\\\\\\\\\\\\\\\\\\\\\\\\\\\\\\\\\\\\\\\\\\\\\\\\\\\\\\\\\\\\\\\\\\\\\\\\\\\\\\\\\\\\\\\\\\\\\\\\\\\\\\\\\\\\\\\\\\\\\\\\\\\\\\\\\\\\\\\\\\\\\\\\\\\\\\\\\\\\\\\\\\\\\\\\\\\\\\\\\\\\\\\\\\\\\\\\\\\\\\\\\\\\\\\\\\\\\\\\\\\\\\\\\\\\\\\\\\\\\\\\\\\\\\\\\\\\\\\\\\\\\\\\\\\\\\\\\\\\\\\\\\\\\\\\\\\\\\\\\\\\\\\\\\\\\\\\\\\\\\\\\\\\\\\\\\\\\\\\\\\\\\\\\\\\\\\\\\\\\\\\\\\\\\\\\\\\\\\\\\\\\\\\\\\\\\\\\\\\\\\\\\\\\\\\\\\\\\\\\\\\\\\\\\\\\\\\\\\\\\\\\\\\\\\\\\\\\\\\\\\\\\\\\\\\\\\\\\\\\\\\\\\\\\\\\\\\\\\\\\\\\\\\\\\\\\\\\\\\\\\\\\\\\\\\\\\\\\\\\\\\\\\\\\\\\\\\\\\\\\\\\\\\\\\\\\\\\\\\\\\\\\\\\\\\\\\\\\\\\\\\\\\\\\\\\\\\\\\\\\\\\\\\\\\\\\\\\\\\\\\\\\\\\\\\\\\\\\\\\\\\\\\\\\\\\\\\\\\\\\\\\\\\\\\\\\\\\\\\\\\\\\\\\\\\\\\\\\\\\\\\\\\\\\\\\\\\\\\\\\\\\\\\\\\\\\\\\\\\\\\\\\\\\\\\\\\\\\\\\\\\\\\\\\\\\\\\\\\\\\\\\\\\\\\\\\\\\\\\\\\\\\\\\\\\\\\\\\\\\\\\\\\\\\\\\\\\\\\\\\\\\\\\\\\\\\\\\\\\\\\\\\\\\\\\\\\\\\\\\\\\\\\\\\\\\\\\\\\\\\\\\\\\\\\\\\\\\\\\\\\\\\\\\\\\\\\\\\\\\\\\\\\\\\\\\\\\\\\\\\\\\\\\\\\\\\\\\\\\\\\\\\\\\\\\\\\\\\\\\\\\\\\\\\\\\\\\\\\\\\\\\\\\\\\\\\\\\\\\\\\\\\\\\\\\\\\\\\\\\\\\\\\\\\\\\\\\\\\\\\\\\\\\\\\\\\\\\\\\\\\\\\\\\\\\\\\\\\\\\\\\\\\\\\\\\\\\\\\\\\\\\\\\\\\\\\\\\\\\\\\\\\\\\\\\\\\\\\\\\\\\\\\\\\\\\\\\\\\\\\\\\\\\\\\\\\\\\\\\\\\\\\\\\\\\\\\\\\\\\\\\\\\\\\\\\\\\\\\\\\\\\\\\\\\\\\\\\\\\\\\\\\\\\\\\\\\\\\\\\\\\\\\\\\\\\\\\\\\\\\\\\\\\\\\\\\\\\\\\\\\\\\\\\\\\\\\\\\\\\\\\\\\\\\\\\\\\\\\\\\\\\\\\\\\\\\\\\\\\\\\\\\\\\\\\\\\\\\\\\\\\\\\\\\\\\\\\\\\\\\\\\\\\\\\\\\\\\\\\\\\\\\\\\\\\\\\\\\\\\\\\\\\\\\\\\\\\\\\\\\\\\\\\\\\\\\\\\\\\\\\\\\\\\\\\\\\\\\\\\\\\\\\\\\\\\\\\\\\\\\\\\\\\\\\\\\\\\\\\\\\\\\\\\\\\\\\\\\\\\\\\\\\\\\\\\\\\\\\\\\\\\\\\\\\\\\\\\\\\\\\\\\\\\\\\\\\\\\\\\\\\\\\\\\\\\\\\\\\\\\\\\\\\\\\\\\\\\\\\\\\\\\\\\\\\\\\\\\\\\\\\\\\\\\\\\\\\\\\\\\\\\\\\\\\\\\\\\\\\\\\\\\\\\\\\\\\\\\\\\\\\\\\\\\\\\\\\\\\\\\\\\\\\\\\\\\\\\\\\\\\\\\\\\\\\\\\\\\\\\\\\\\\\\\\\\\\\\\\\\\\\\\\\\\\\\\\\\\\\\\\\\\\\\\\\\\\\\\\\\\\\\\\\\\\\\\\\\\\\\\\\\\\\\\\\\\\\\\\\\\\\\\\\\\\\\\\\\\\\\\\\\\\\\\\\\\\\\\\\\\\\\\\\\\\\\\\\\\\\\\\\\\\\\\\\\\\\\\\\\\\\\\\\\\\\\\\\\\\\\\\\\\\\\\\\\\\\\\\\\\\\\\\\\\\\\\\\\\\\\\\\\\\\\\\\\\\\\\\\\\\\\\\\\\\\\\\\\\\\\\\\\\\\\\\\\\\\\\\\\\\\\\\\\\\\\\\\\\\\\\\\\\\\\\\\\\\\\\\\\\\\\\\\\\\\\\\\\\\\\\\\\\\\\\\\\\\\\\\\\\\\\\\\\\\\\\\\\\\\\\\\\\\\\\\\\\\\\\\\\\\\\\\\\\\\\\\\\\\\\\\\\\\\\\\\\\\\\\\\\\\\\\\\\\\\\\\\\\\\\\\\\\\\\\\\\\\\\\\\\\\\\\\\\\\\\\\\\\\\\\\\\\\\\\\\\\\\\\\\\\\\\\\\\\\\\\\\\\\\\\\\\\\\\\\\\\\\\\\\\\\\\\\\\\\\\\\\\\\\\\\\\\\\\\\\\\\\\\\\\\\\\\\\\\\\\\\\\\\\\\\\\\\\\\\\\\\\\\\\\\\\\\\\\\\\\\\\\\\\\\\\\\\\\\\\\\\\\\\\\\\\\\\\\\\\\\\\\\\\\\\\\\\\\\\\\\\\\\\\\\\\\\\\\\\\\\\\\\\\\\\\\\\\\\\\\\\\\\\\\\\\\\\\\\\\\\\\\\\\\\\\\\\\\\\\\\\\\\\\\\\\\\\\\\\\\\\\\\\\\\\\\\\\\\\\\\\\\\\\\\\\\\\\\\\\\\\\\\\\\\\\\\\\\\\\\\\\\\\\\\\\\\\\\\\\\\\\\\\\\\\\\\\\\\\\\\\\\\\\\\\\\\\\\\\\\\\\\\\\\\\\\\\\\\\\\\\\\\\\\\\\\\\\\\\\\\\\\\\\\\\\\\\\\\\\\\\\\\\\\\\\\\\\\\\\\\\\\\\\\\\\\\\\\\\\\\\\\\\\\\\\\\\\\\\\\\\\\\\\\\\\\\\\\\\\\\\\\\\\\\\\\\\\\\\\\\\\\\\\\\\\\\\\\\\\\\\\\\\\\\\\\\\\\\\\\\\\\\\\\\\\\\\\\\\\\\\\\\\\\\\\\\\\\\\\\\\\\\\\\\\\\\\\\\\\\\\\\\\\\\\\\\\\\\\\\\\\\\\\\\\\\\\\\\\\\\\\\\\\\\\\\\\\\/practice\\\\\\\\\\\\\\\\\\\\\\\\\\\\\\\\\\\\\\\\\\\\\\\\\\\\\\\\\\\\\\\\\\\\\\\\\\\\\\\\\\\\\\\\\\\\\\\\\\\\\\\\\\\\\\\\\\\\\\\\\\\\\\\\\\\\\\\\\\\\\\\\\\\\\\\\\\\\\\\\\\\\\\\\\\\\\\\\\\\\\\\\\\\\\\\\\\\\\\\\\\\\\\\\\\\\\\\\\\\\\\\\\\\\\\\\\\\\\\\\\\\\\\\\\\\\\\\\\\\\\\\\\\\\\\\\\\\\\\\\\\\\\\\\\\\\\\\\\\\\\\\\\\\\\\\\\\\\\\\\\\\\\\\\\\\\\\\\\\\\\\\\\\\\\\\\\\\\\\\\\\\\\\\\\\\\\\\\\\\\\\\\\\\\\\\\\\\\\\\\\\\\\\\\\\\\\\\\\\\\\\\\\\\\\\\\\\\\\\\\\\\\\\\\\\\\\\\\\\\\\\\\\\\\\\\\\\\\\\\\\\\\\\\\\\\\\\\\\\\\\\\\\\\\\\\\\\\\\\\\\\\\\\\\\\\\\\\\\\\\\\\\\\\\\\\\\\\\\\\\\\\\\\\\\\\\\\\\\\\\\\\\\\\\\\\\\\\\\\\\\\\\\\\\\\\\\\\\\\\\\\\\\\\\\\\\\\\\\\\\\\\\\\\\\\\\\\\\\\\\\\\\\\\\\\\\\\\\\\\\\\\\\\\\\\\\\\\\\\\\\\\\\\\\\\\\\\\\\\\\\\\\\\\\\\\\\\\\\\\\\\\\\\\\\\\\\\\\\\\\\\\\\\\\\\\\\\\\\\\\\\\\\\\\\\\\\\\\\\\\\\\\\\\\\\\\\\\\\\\\\\\\\\\\\\\\\\\\\\\\\\\\\\\\\\\\\\\\\\\\\\\\\\\\\\\\\\\\\\\\\\\\\\\\\\\\\\\\\\\\\\\\\\\\\\\\\\\\\\\\\\\\\\\\\\\\\\\\\\\\\\\\\\\\\\\\\\\\\\\\\\\\\\\\\\\\\\\\\\\\\\\\\\\\\\\\\\\\\\\\\\\\\\\\\\\\\\\\\\\\\\\\\\\\\\\\\\\\\\\\\\\\\\\\\\\\\\\\\\\\\\\\\\\\\\\\\\\\\\\\\\\\\\\\\\\\\\\\\\\\\\\\\\\\\\\\\\\\\\\\\\\\\\\\\\\\\\\\\\\\\\\\\\\\\\\\\\\\\\\\\\\\\\\\\\\\\\\\\\\\\\\\\\\\\\\\\\\\\\\\\\\\\\\\\\\\\\\\\\\\\\\\\\\\\\\\\\\\\\\\\\\\\\\\\\\\\\\\\\\\\\\\\\\\\\\\\\\\\\\\\\\\\\\\\\\\\\\\\\\\\\\\\\\\\\\\\\\\\\\\\\\\\\\\\\\\\\\\\\\\\\\\\\\\\\\\\\\\\\\\\\\\\\\\\\\\\\\\\\\\\\\\\\\\\\\\\\\\\\\\\\\\\\\\\\\\\\\\\\\\\\\\\\\\\\\\\\\\\\\\\\\\\\\\\\\\\\\\\\\\\\\\\\\\\\\\\\\\\\\\\\\\\\\\\\\\\\\\\\\\\\\\\\\\\\\\\\\\\\\\\\\\\\\\\\\\\\\\\\\\\\\\\\\\\\\\\\\\\\\\\\\\\\\\\\\\\\\\\\\\\\\\\\\\\\\\\\\\\\\\\\\\\\\\\\\\\\\\\\\\\\\\\\\\\\\\\\\\\\\\\\\\\\\\\\\\\\\\\\\\\\\\\\\\\\\\\\\\\\\\\\\\\\\\\\\\\\\\\\\\\\\\\\\\\\\\\\\\\\\\\\\\\\\\\\\\\\\\\\\\\\\\\\\\\\\\\\\\\\\\\\\\\\\\\\\\\\\\\\\\\\\\\\\\\\\\\\\\\\\\\\\\\\\\\\\\\\\\\\\\\\\\\\\\\\\\\\\\\\\\\\\\\\\\\\\\\\\\\\\\\\\\\\\\\\\\\\\\\\\\\\\\\\\\\\\\\\\\\\\\\\\\\\\\\\\\\\\\\\\\\\\\\\\\\\\\\\\\\\\\\\\\\\\\\\\\\\\\\\\\\\\\\\\\\\\\\\\\\\\\\\\\\\\\\\\\\\\\\\\\\\\\\\\\\\\\\\\\\\\\\\\\\\\\\\\\\\\\\\\\\\\\\\\\\\\\\\\\\\\\\\\\\\\\\\\\\\\\\\\\\\\\\\\\\\\\\\\\\\\\\\\\\\\\\\\\\\\\\\\\\\\\\\\\\\\\\\\\\\\\\\\\\\\\\\\\\\\\\\\\\\\\\\\\\\\\\\\\\\\\\\\\\\\\\\\\\\\\\\\\\\\\\\\\\\\\\\\\\\\\\\\\\\\\\\\\\\\\\\\\\\\\\\\\\\\\\\\\\\\\\\\\\\\\\\\\\\\\\\\\\\\\\\\\\\\\\\\\\\\\\\\\\\\\\\\\\\\\\\\\\\\\\\\\\\\\\\\\\\\\\\\\\\\\\\\\\\\\\\\\\\\\\\\\\\\\\\\\\\\\\\\\\\\\\\\\\\\\\\\\\\\\\\\\\\\\\\\\\\\\\\\\\\\\\\\\\\\\\\\\\\\\\\\\\\\\\\\\\\\\\\\\\\\\\\\\\\\\\\\\\\\\\\\\\\\\\\\\\\\\\\\\\\\\\\\\\\\\\\\\\\\\\\\\\\\\\\\\\\\\\\\\\\\\\\\\\\\\\\\\\\\\\\\\\\\\\\\\\\\\\\\\\\\\\\\\\\\\\\\\\\\\\\\\\\\\\\\\\\\\\\\\\\\\\\\\\\\\\\\\\\\\\\\\\\\\\\\\\\\\\\\\\\\\\\\\\\\\\\\\\\\\\\\\\\\\\\\\\\\\\\\\\\\\\\\\\\\\\\\\\\\\\\\\\\\\\\\\\\\\\\\\\\\\\\\\\\\\\\\\\\\\\\\\\\\\\\\\\\\\\\\\\\\\\\\\\\\\\\\\\\\\\\\\\\\\\\\\\\\\\\\\\\\\\\\\\\\\\\\\\\\\\\\\\\\\\\\\\\\\\\\\\\\\\\\\\\\\\\\\\\\\\\\\\\\\\\\\\\\\\\\\\\\\\\\\\\\\\\\\\\\\\\\\\\\\\\\\\\\\\\\\\\\\\\\\\\\\\\\\\\\\\\\\\\\\\\\\\\\\\\\\\\\\\\\\\\\\\\\\\\\\\\\\\\\\\\\\\\\\\\\\\\\\\\\\\\\\\\\\\\\\\\\\\\\\\\\\\\\\\\\\\\\\\\\\\\\\\\\\\\\\\\\\\\\\\\\\\\\\\\\\\\\\\\\\\\\\\\\\\\\\\\\\\\\\\\\\\\\\\\\\\\\\\\\\\\\\\\\\\\\\\\\\\\\\\\\\\\\\\\\\\\\\\\\\\\\\\\\\\\\\\\\\\\\\\\\\\\\\\\\\\\\\\\\\\\\\\\\\\\\\\\\\\\\\\\\\\\\\\\\\\\\\\\\\\\\\\\\\\\\\\\\\\\\\\\\\\\\\\\\\\\\\\\\\\\\\\\\\\\\\\\\\\\\\\\\\\\\\\\\\\\\\\\\\\\\\\\\\\\\\\\\\\\\\\\\\\\\\\\\\\\\\\\\\\\\\\\\\\\\\\\\\\\\\\\\\\\\\\\\\\\\\\\\\\\\\\\\\\\\\\\\\\\\\\\\\\\\\\\\\\\\\\\\\\\\\\\\\\\\\\\\\\\\\\\\\\\\\\\\\\\\\\\\\\\\\\\\\\\\\\\\\\\\\\\\\\\\\\\\\\\\\\\\\\\\\\\\\\\\\\\\\\\\\\\\\\\\\\\\\\\\\\\\\\\\\\\\\\\\\\\\\\\\\\\\\\\\\\\\\\\\\\\\\\\\\\\\\\\\\\\\\\\\\\\\\\\\\\\\\\\\\\\\\\\\\\\\\\\\\\\\\\\\\\\\\\\\\\\\\\\\\\\\\\\\\\\\\\\\\\\\\\\\\\\\\\\\\\\\\\\\\\\\\\\\\\\\\\\\\\\\\\\\\\\\\\\\\\\\\\\\\\\\\\\\\\\\\\\\\\\\\\\\\\\\\\\\\\\\\\\\\\\\\\\\\\\\\\\\\\\\\\\\\\\\\\\\\\\\\\\\\\\\\\\\\\\\\\\\\\\\\\\\\\\\\\\\\\\\\\\\\\\\\\\\\\\\\\\\\\\\\\\\\\\\\\\\\\\\\\\\\\\\\\\\\\\\\\\\\\\\\\\\\\\\\\\\\\\\\\\\\\\\\\\\\\\\\\\\\\\\\\\\\\\\\\\\\\\\\\\\\\\\\\\\\\\\\\\\\\\\\\\\\\\\\\\\\\\\\\\\\\\\\\\\\\\\\\\\\\\\\\\\\\\\\\\\\\\\\\\\\\\\\\\\\\\\\\\\\\\\\\\\\\\\\\\\\\\\\\\\\\\\\\\\\\\\\\\\\\\\\\\\\\\\\\\\\\\\\\\\\\\\\\\\\\\\\\\\\\\\\\\\\\\\\\\\\\\\\\\\\\\\\\\\\\\\\\\\\\\\\\\\\\\\\\\\\\\\\\\\\\\\\\\\\\\\\\\\\\\\\\\\\\\\\\\\\\\\\\\\\\\\\\\\\\\\\\\\\\\\\\\\\\\\\\\\\\\\\\\\\\\\\\\\\\\\\\\\\\\\\\\\\\\\\\\\\\\\\\\\\\\\\\\\\\\\\\\\\\\\\\\\\\\\\\\\\\\\\\\\\\\\\\\\\\\\\\\\\\\\\\\\\\\\\\\\\\\\\\\\\\\\\\\\\\\\\\\\\\\\\\\\\\\\\\\\\\\\\\\\\\\\\\\\\\\\\\\\\\\\\\\\\\\\\\\\\\\\\\\\\\\\\\\\\\\\\\\\\\\\\\\\\\\\\\\\\\\\\\\\\\\\\\\\\\\\\\\\\\\\\\\\\\\\\\\\\\\\\\\\\\\\\\\\\\\\\\\\\\\\\\\\\\\\\\\\\\\\\\\\\\\\\\\\\\\\\\\\\\\\\\\\\\\\\\\\\\\\\\\\\\\\\\\\\\\\\\\\\\\\\\\\\\\\\\\\\\\\\\\\\\\\\\\\\\\\\\\\\\\\\\\\\\\\\\\\\\\\\\\\\\\\\\\\\\\\\\\\\\\\\\\\\\\\\\\\\\\\\\\\\\\\\\\\\\\\\\\\\\\\\\\\\\\\\\\\\\\\\\\\\\\\\\\\\\\\\\\\\\\\\\\\\\\\\\\\\\\\\\\\\\\\\\\\\\\\\\\\\\\\\\\\\\\\\\\\\\\\\\\\\\\\\\\\\\\\\\\\\\\\\\\\\\\\\\\\\\\\\\\\\\\\\\\\\\\\\\\\\\\\\\\\\\\\\\\\\\\\\\\\\\\\\\\\\\\\\\\\\\\\\\\\\\\\\\\\\\\\\\\\\\\\\\\\\\\\\\\\\\\\\\\\\\\\\\\\\\\\\\\\\\\\\\\\\\\\\\\\\\\\\\\\\\\\\\\\\\\\\\\\\\\\\\\\\\\\\\\\\\\\\\\\\\\\\\\\\\\\\\\\\\\\\\\\\\\\\\\\\\\\\\\\\\\\\\\\\\\\\\\\\\\\\\\\\\\\\\\\\\\\\\\\\\\\\\\\\\\\\\\\\\\\\\\\\\\\\\\\\\\\\\\\\\\\\\\\\\\\\\\\\\\\\\\\\\\\\\\\\\\\\\\\\\\\\\\\\\\\\\\\\\\\\\\\\\\\\\\\\\\\\\\\\\\\\\\\\\\\\\\\\\\\\\\\\\\\\\\\\\\\\\\\\\\\\\\\\\\\\\\\\\\\\\\\\\\\\\\\\\\\\\\\\\\\\\\\\\\\\\\\\\\\\\\\\\\\\\\\\\\\\\\\\\\\\\\\\\\\\\\\\\\\\\\\\\\\\\\\\\\\\\\\\\\\\\\\\\\\\\\\\\\\\\\\\\\\\\\\\\\\\\\\\\\\\\\\\\\\\\\\\\\\\\\\\\\\\\\\\\\\\\\\\\\\\\\\\\\\\\\\\\\\\\\\\\\\\\\\\\\\\\\\\\\\\\\\\\\\\\\\\\\\\\\\\\\\\\\\\\\\\\\\\\\\\\\\\\\\\\\\\\\\\\\\\\\\\\\\\\\\\\\\\\\\\\\\\\\\\\\\\\\\\\\\\\\\\\\\\\\\\\\\\\\\\\\\\\\\\\\\\\\\\\\\\\\\\\\\\\\\\\\\\\\\\\\\\\\\\\\\\\\\\\\\\\\\\\\\\\\\\\\\\\\\\\\\\\\\\\\\\\\\\\\\\\\\\\\\\\\\\\\\\\\\\\\\\\\\\\\\\\\\\\\\\\\\\\\\\\\\\\\\\\\\\\\\\\\\\\\\\\\\\\\\\\\\\\\\\\\\\\\\\\\\\\\\\\\\\\\\\\\\\\\\\\\\\\\\\\\\\\\\\\\\\\\\\\\\\\\\\\\\\\\\\\\\\\\\\\\\\\\\\\\\\\\\\\\\\\\\\\\\\\\\\\\\\\\\\\\\\\\\\\\\\\\\\\\\\\\\\\\\\\\\\\\\\\\\\\\\\\\\\\\\\\\\\\\\\/hillcrest-staffordshire
page_000092.json,X25808,V006951_1,Dr. Gilani - Dental Surgery,1,SRV0165,Urgent dental appointments,1,Website,http://www.walsall.nhs.uk/dentists.asp
page_000092.json,X26220,V008687,Ortho Hemel Limited,1,SRV0087,Braces and other orthodontic treatment,1,Website,http:\\\\\\\\\\\\\\\\\\\\\\\\\\\\\\\\\\\\\\\\\\\\\\\\/\\\\\\\\\\\\\\\\\\\\\\\\\\\\\\\\\\\\\\\\\\\\\\\\/www.orthoplus.co.uk
page_000093.json,X26803,V004613,Wimbledon Orthodontic Practice,1,SRV0087,Braces and other orthodontic treatment,1,Website,https:\\\/\\\/thefabuloussmilecompany.co.uk\\\/wimbledon\\\/
page_000093.json,X2736,RX301,"Tees, Esk, Wear Valley NHS Trust (Durham)",1,SRV0339,"NHS psychological therapies services (IAPT), including cognitive behavioural therapy (CBT) ",1,Telephone,0191 333 3300
page_000093.json,X2736,RX301,"Tees, Esk, Wear Valley NHS Trust (Durham)",1,SRV0339,"NHS psychological therapies services (IAPT), including cognitive behavioural therapy (CBT) ",2,PhoneExt,
page_000093.json,X2736,RX301,"Tees, Esk, Wear Valley NHS Trust (Durham)",1,SRV0339,"NHS psychological therapies services (IAPT), including cognitive behavioural therapy (CBT) ",3,Email,
page_000093.json,X2736,RX301,"Tees, Esk, Wear Valley NHS Trust (Durham)",1,SRV0339,"NHS psychological therapies services (IAPT), including cognitive behavioural therapy (CBT) ",4,Website,https://gateway.mayden.co.uk/referral-v2/c53195d6-f6db-4e81-bda3-63dcc7b81449
page_000093.json,X27461,V005571,Damira Bury Knowle Dental Practice,1,SRV0087,Braces and other orthodontic treatment,1,Website,https:\\\\\\\\\\\\\\\\\\\\\\\\\\\\\\\\\\\\\\\\\\\\\\\\\\\\\\\\\\\\\\\\\\\\\\\\\\\\\\\\\\\\\\\\\\\\\\\\\\\\\\\\\\\\\\\\\\\\\\\\\\\\\\\\\\\\\\\\\\\\\\\\\\\\\\\\\\\\\\\\\\\\\\\\\\\\\\\\\\\\\\\\\\\\\\\\\\\\\\\\\\\\\\\\\\\\\\\\\\\\\\\\\\\\\\\\\\\\\\\\\\\\\\\\\\\\\\\\\\\\\\\\\\\\\\\\\\\\\\\\\\\\\\\\\\\\\\\\\\\\\\\\\\\\\\\\\\\\\\\\\\\\\\\\\\\\\\\\\\\\\\\\\\\\\\\\\\\\\\\\\\\\\\\\\\\\\\\\\\\\\\\\\\\\\\\\\\\\\\\\\\\\\\\\\\\\\\\\\\\\\\\\\\\\\\\\\\\\\\\\\\\\\\\\\\\\\\\\\\\\\\\\\\\\\\\\\\\\\\\\\\\\\\\\\\\\\\\\\\\\\\\\\\\\\\\\\\\\\\\\\\\\\\\\\\\\\\\\\\\\\\\\\\\\\\\\\\\\\\\\\\\\\\\\\\\\\\\\\\\\\\\\\\\\\\\\\\\\\\\\\\\\\\\\\\\\\\\\\\\\\\\\\\\\\\\\\\\\\\\\\\\\\\\\\\\\\\\\\\\\\\\\\\\\\\\\\\\\\\\\\\\\\\\\\\\\\\\\\\\\\\\\\\\\\\\\\\\\\\\\\\\\\\\\\\\\\\\\\\\\\\\\\\\\\\\\\\\\\\\\\\\\\\\\\\\\\\\\\\\\\\\\\\\\\\\\\\\\\\\\\\\\\\\\\\\\\\\\\\\\\\\\\\\\\\\\\\\\\\\\\\\\\\\\\\\\\\\\\\\\\\\\\\\\\\\\\\\\\\\\\\\\\\\\\\\\\\\\\\\\\\\\\\\\\\\\\\\\\\\\\\\\\\\\\\\\\\\\\\\\\\\\\\\\\\\\\\\\\\\\\\\\\\\\\\\\\\\\\\\\\\\\\\\\\\\\\\\\\\\\\\\\\\\\\\\\\\\\\\\\\\\\\\\\\\\\\\\\\\\\\\\\\\\\\\\\\\\\\\\\\\\\\\\\\\\\\\\\\\\\\\\\\\\\\\\\\\\\\\\\\\\\\\\\\\\\\\\\\\\\\\\\\\\\\\\\\\\\\\\\\\\\\\\\\\\\\\\\\\\\\\\\\\\\\\\\\\\\\\\\\\\\\\\\\\\\\\\\\\\\\\\\\\\\\\\\\\\\\\\\\\\\\\\\\\\\\\\\\\\\\\\\\\\\\\\\\\\\\\\\\\\\\\\\\\\\\\\\\\\\\\\\\\\\\\\\\\\\\\\\\\\\\\\\\\\\\\\\\\\\\\\\\\\\\\\\\\\\\\\\\\\\\\\\\\\\\\\\\\\\\\\\\\\\\\\\\\\\\\\\\\\\\\\\\\\\\\\\\\\\\\\\\\\\\\\\\\\\\\\\\\\\\\\\\\\\\\\\\\\\\\\\\\\\\\\\\\\\\\\\\\\\\\\\\\\\\\\\\\\\\\\\\\\\\\\\\\\\\\\\\\\\\\\\\\\\\\\\\\\\\\\\\\\\\\\\\\\\\\\\\\\\\\\\\\\\\\\\\\\\\\\\\\\\\\\\\\\\\\\\\\\\\\\\\\\\\\\\\\\\\\\\\\\\\\\\\\\\\\\\\\\\\\\\\\\\\\\\\\\\\\\\\\\\\\\\\\\\\\\\\\\\\\\\\\\\\\\\\\\\\\\\\\\\\\\\\\\\\\\\\\\\\\\\\\\\\\\\\\\\\\\\\\\\\\\\\\\\\\\\\\\\\\\\\\\\\\\\\\\\\\\\\\\\\\\\\\\\\\\\\\\\\\\\\\\\\\\\\\\\\\\\\\\\\\\\\\\\\\\\\\\\\\\\\\\\\\\\\\\\\\\\\\\\\\\\\\\\\\\\\\\\\\\\\\\\\\\\\\\\\\\\\\\\\\\\\\\\\\\\\\\\\\\\\\\\\\\\\\\\\\\\\\\\\\\\\\\\\\\\\\\\\\\\\\\\\\\\\\\\\\\\\\\\\\\\\\\\\\\\\\\\\\\\\\\\\\\\\\\\\\\\\\\\\\\\\\\\\\\\\\\\\\\\\\\\\\\\\\\\\\\\\\\\\\\\\\\\\\\\\\\\\\\\\\\\\\\\\\\\\\\\\\\\\\\\\\\\\\\\\\\\\\\\\\\\\\\\\\\\\\\\\\\\\\\\\\\\\\\\\\\\\\\\\\\\\\\\\\\\\\\\\\\\\\\\\\\\\\\\\\\\\\\\\\\\\\\\\\\\\\\\\\\\\\\\\\\\\\\\\\\\\\\\\\\\\\\\\\\\\\\\\\\\\\\\\\\\\\\\\\\\\\\\\\\\\\\\\\\\\\\\\\\\\\\\\\\\\\\\\\\\\\\\\\\\\\\\\\\\\\\\\\\\\\\\\\\\\\\\\\\\\\\\\\\\\\\\\\\\\\\\\\\\\\\\\\\\\\\\\\\\\\\\\\\\\\\\\\\\\\\\\\\\\\\\\\\\\\\\\\\\\\\\\\\\\\\\\\\\\\\\\\\\\\\\\\\\\\\\\\\\\\\\\\\\\\\\\\\\\\\\\\\\\\\\\\\\\\\\\\\\\\\\\\\\\\\\\\\\\\\\\\\\\\\\\\\\\\\\\\\\\\\\\\\\\\\\\\\\\\\\\\\\\\\\\\\\\\\\\\\\\\\\\\\\\\\\\\\\\\\\\\\\\\\\\\\\\\\\\\\\\\\\\\\\\\\\\\\\\\\\\\\\\\\\\\\\\\\\\\\\\\\\\\\\\\\\\\\\\\\\\\\\\\\\\\\\\\\\\\\\\\\\\\\\\\\\\\\\\\\\\\\\\\\\\\\\\\\\\\\\\\\\\\\\\\\\\\\\\\\\\\\\\\\\\\\\\\\\\\\\\\\\\\\\\\\\\\\\\\\\\\\\\\\\\\\\\\\\\\\\\\\\\\\\\\\\\\\\\\\\\\\\\\\\\\\\\\\\\\\\\\\\\\\\\\\\\\\\\\\\\\\\\\\\\\\\\\\\\\\\\\\\\\\\\\\\\\\\\\\\\\\\\\\\\\\\\\\\\\\\\\\\\\\\\\\\\\\\\\\\\\\\\\\\\\\\\\\\\\\\\\\\\\\\\\\\\\\\\\\\\\\\\\\\\\\\\\\\\\\\\\\\\\\\\\\\\\\\\\\\\\\\\\\\\\\\\\\\\\\\\\\\\\\\\\\\\\\\\\\\\\\\\\\\\\\\\\\\\\\\\\\\\\\\\\\\\\\\\\\\\\\\\\\\\\\\\\\\\\\\\\\\\\\\\\\\\\\\\\\\\\\\\\\\\\\\\\\\\\\\\\\\\\\\\\\\\\\\\\\\\\\\\\\\\\\\\\\\\\\\\\\\\\\\\\\\\\\\\\\\\\\\\\\\\\\\\\\\\\\\\\\\\\\\\\\\\\\\\\\\\\\\\\\\\\\\\\\\\\\\\\\\\\\\\\\\\\\\\\\\\\\\\\\\\\\\\\\\\\\\\\\\\\\\\\\\\\\\\\\\\\\\\\\\\\\\\\\\\\\\\\\\\\\\\\\\\\\\\\\\\\\\\\\\\\\\\\\\\\\\\\\\\\\\\\\\\\\\\\\\\\\\\\\\\\\\\\\\\\\\\\\\\\\\\\\\\\\\\\\\\\\\\\\\\\\\\\\\\\\\\\\\\\\\\\\\\\\\\\\\\\\\\\\\\\\\\\\\\\\\\\\\\\\\\\\\\\\\\\\\\\\\\\\\\\\\\\\\\\\\\\\\\\\\\\\\\\\\\\\\\\\\\\\\\\\\\\\\\\\\\\\\\\\\\\\\\\\\\\\\\\\\\\\\\\\\\\\\\\\\\\\\\\\\\\\\\\\\\\\\\\\\\\\\\\\\\\\\\\\\\\\\\\\\\\\\\\\\\\\\\\\\\\\\\\\\\\\\\\\\\\\\\\\\\\\\\\\\\\\\\\\\\\\\\\\\\\\\\\\\\\\\\\\\\\\\\\\\\\\\\\\\\\\\\\\\\\\\\\\\\\\\\\\\\\\\\\\\\\\\\\\\\\\\\\\\\\\\\\\\\\\\\\\\\\\\\\\\\\\\\\\\\\\\\\\\\\\\\\\\\\\\\\\\\\\\\\\\\\\\\\\\\\\\\\\\\\\\\\\\\\\\\\\\\\\\\\\\\\\\\\\\\\\\\\\\\\\\\\\\\\\\\\\\\\\\\\\\\\\\\\\\\\\\\\\\\\\\\\\\\\\\\\\\\\\\\\\\\\\\\\\\\\\\\\\\\\\\\\\\\\\\\\\\\\\\\\\\\\\\\\\\\\\\\\\\\\\\\\\\\\\\\\\\\\\\\\\\\\\\\\\\\\\\\\\\\\\\\\\\\\\\\\\\\\\\\\\\\\\\\\\\\\\\\\\\\\\\\\\\\\\\\\\\\\\\\\\\\\\\\\\\\\\\\\\\\\\\\\\\\\\\\\\\\\\\\\\\\\\\\\\\\\\\\\\\\\\\\\\\\\\\\\\\\\\\\\\\\\\\\\\\\\\\\\\\\\\\\\\\\\\\\\\\\\\\\\\\\\\\\\\\\\\\\\\\\\\\\\\\\\\\\\\\\\\\\\\\\\\\\\\\\\\\\\\\\\\\\\\\\\\\\\\\\\\\\\\\\\\\\\\\\\\\\\\\\\\\\\\\\\\\\\\\\\\\\\\\\\\\\\\\\\\\\\\\\\\\\\\\\\\\\\\\\\\\\\\\\\\\\\\\\\\\\\\\\\\\\\\\\\\\\\\\\\\\\\\\\\\\\\\\\\\\\\\\\\\\\\\\\\\\\\\\\\\\\\\\\\\\\\\\\\\\\\\\\\\\\\\\\\\\\\\\\\\\\\\\\\\\\\\\\\\\\\\\\\\\\\\\\\\\\\\\\\\\\\\\\\\\\\\\\\\\\\\\\\\\\\\\\\\\\\\\\\\\\\\\\\\\\\\\\\\\\\\\\\\\\\\\\\\\\\\\\\\\\\\\\\\\\\\\\\\\\\\\\\\\\\\\\\\\\\\\\\\\\\\\\\\\\\\\\\\\\\\\\\\\\\\\\\\\\\\\\\\\\\\\\\\\\\\\\\\\\\\\\\\\\\\\\\\\\\\\\\\\\\\\\\\\\\\\\\\\\\\\\\\\\\\\\\\\\\\\\\\\\\\\\\\\\\\\\\\\\\\\\\\\\\\\\\\\\\\\\\\\\\\\\\\\\\\\\\\\\\\\\\\\\\\\\\\\\\\\\\\\\\\\\\\\\\\\\\\\\\\\\\\\\\\\\\\\\\\\\\\\\\\\\\\\\\\\\\\\\\\\\\\\\\\\\\\\\\\\\\\\\\\\\\\\\\\\\\\\\\\\\\\\\\\\\\\\\\\\\\\\\\\\\\\\\\\\\\\\\\\\\\\\\\\\\\\\\\\\\\\\\\\\\\\\\\\\\\\\\\\\\\\\\\\\\\\\\\\\\\\\\\\\\\\\\\\\\\\\\\\\\\\\\\\\\\\\\\\\\\\\\\\\\\\\\\\\\\\\\\\\\\\\\\\\\\\\\\\\\\\\\\\\\\\\\\\\\\\\\\\\\\\\\\\\\\\\\\\\\\\\\\\\\\\\\\\\\\\\\\\\\\\\\\\\\\\\\\\\\\\\\\\\\\\\\\\\\\\\\\\\\\\\\\\\\\\\\\\\\\\\\\\\\\\\\\\\\\\\\\\\\\\\\\\\\\\\\\\\\\\\\\\\\\\\\\\\\\\\\\\\\\\\\\\\\\\\\\\\\\\\\\\\\\\\\\\\\\\\\\\\\\\\\\\\\\\\\\\\\\\\\\\\\\\\\\\\\\\\\\\\\\\\\\\\\\\\\\\\\\\\\\\\\\\\\\\\\\\\\\\\\\\\\\\\\\\\\\\\\\\\\\\\\\\\\\\\\\\\\\\\\\\\\\\\\\\\\\\\\\\\\\\\\\\\\\\\\\\\\\\\\\\\\\\\\\\\\\\\\\\\\\\\\\\\\\\\\\\\\\\\\\\\\\\\\\\\\\\\\\\\\\\\\\\\\\\\\\\\\\\\\\\\\\\\\\\\\\\\\\\\\\\\\\\\\\\\\\\\\\\\\\\\\\\\\\\\\\\\\\\\\\\\\\\\\\\\\\\\\\\\\\\\\\\\\\\\\\\\\\\\\\\\\\\\\\\\\\\\\\\\\\\\\\\\\\\\\\\\\\\\\\\\\\\\\\\\\\\\\\\\\\\\\\\\\\\\\\\\\\\\\\\\\\\\\\\\\\\\\\\\\\\\\\\\\\\\\\\\\\\\\\\\\\\\\\\\\\\\\\\\\\\\\\\\\\\\\\\\\\\\\\\\\\\\\\\\\\\\\\\\\\\\\\\\\\\\\\\\\\\\\\\\\\\\\\\\\\\\\\\\\\\\\\\\\\\\\\\\\\\\\\\\\\\\\\\\\\\\\\\\\\\\\\\\\\\\\\\\\\\\\\\\\\\\\\\\\\\\\\\\\\\\\\\\\\\\\\\\\\\\\\\\\\\\\\\\\\\\\\\\\\\\\\\\/\\\\\\\\\\\\\\\\\\\\\\\\\\\\\\\\\\\\\\\\\\\\\\\\\\\\\\\\\\\\\\\\\\\\\\\\\\\\\\\\\\\\\\\\\\\\\\\\\\\\\\\\\\\\\\\\\\\\\\\\\\\\\\\\\\\\\\\\\\\\\\\\\\\\\\\\\\\\\\\\\\\\\\\\\\\\\\\\\\\\\\\\\\\\\\\\\\\\\\\\\\\\\\\\\\\\\\\\\\\\\\\\\\\\\\\\\\\\\\\\\\\\\\\\\\\\\\\\\\\\\\\\\\\\\\\\\\\\\\\\\\\\\\\\\\\\\\\\\\\\\\\\\\\\\\\\\\\\\\\\\\\\\\\\\\\\\\\\\\\\\\\\\\\\\\\\\\\\\\\\\\\\\\\\\\\\\\\\\\\\\\\\\\\\\\\\\\\\\\\\\\\\\\\\\\\\\\\\\\\\\\\\\\\\\\\\\\\\\\\\\\\\\\\\\\\\\\\\\\\\\\\\\\\\\\\\\\\\\\\\\\\\\\\\\\\\\\\\\\\\\\\\\\\\\\\\\\\\\\\\\\\\\\\\\\\\\\\\\\\\\\\\\\\\\\\\\\\\\\\\\\\\\\\\\\\\\\\\\\\\\\\\\\\\\\\\\\\\\\\\\\\\\\\\\\\\\\\\\\\\\\\\\\\\\\\\\\\\\\\\\\\\\\\\\\\\\\\\\\\\\\\\\\\\\\\\\\\\\\\\\\\\\\\\\\\\\\\\\\\\\\\\\\\\\\\\\\\\\\\\\\\\\\\\\\\\\\\\\\\\\\\\\\\\\\\\\\\\\\\\\\\\\\\\\\\\\\\\\\\\\\\\\\\\\\\\\\\\\\\\\\\\\\\\\\\\\\\\\\\\\\\\\\\\\\\\\\\\\\\\\\\\\\\\\\\\\\\\\\\\\\\\\\\\\\\\\\\\\\\\\\\\\\\\\\\\\\\\\\\\\\\\\\\\\\\\\\\\\\\\\\\\\\\\\\\\\\\\\\\\\\\\\\\\\\\\\\\\\\\\\\\\\\\\\\\\\\\\\\\\\\\\\\\\\\\\\\\\\\\\\\\\\\\\\\\\\\\\\\\\\\\\\\\\\\\\\\\\\\\\\\\\\\\\\\\\\\\\\\\\\\\\\\\\\\\\\\\\\\\\\\\\\\\\\\\\\\\\\\\\\\\\\\\\\\\\\\\\\\\\\\\\\\\\\\\\\\\\\\\\\\\\\\\\\\\\\\\\\\\\\\\\\\\\\\\\\\\\\\\\\\\\\\\\\\\\\\\\\\\\\\\\\\\\\\\\\\\\\\\\\\\\\\\\\\\\\\\\\\\\\\\\\\\\\\\\\\\\\\\\\\\\\\\\\\\\\\\\\\\\\\\\\\\\\\\\\\\\\\\\\\\\\\\\\\\\\\\\\\\\\\\\\\\\\\\\\\\\\\\\\\\\\\\\\\\\\\\\\\\\\\\\\\\\\\\\\\\\\\\\\\\\\\\\\\\\\\\\\\\\\\\\\\\\\\\\\\\\\\\\\\\\\\\\\\\\\\\\\\\\\\\\\\\\\\\\\\\\\\\\\\\\\\\\\\\\\\\\\\\\\\\\\\\\\\\\\\\\\\\\\\\\\\\\\\\\\\\\\\\\\\\\\\\\\\\\\\\\\\\\\\\\\\\\\\\\\\\\\\\\\\\\\\\\\\\\\\\\\\\\\\\\\\\\\\\\\\\\\\\\\\\\\\\\\\\\\\\\\\\\\\\\\\\\\\\\\\\\\\\\\\\\\\\\\\\\\\\\\\\\\\\\\\\\\\\\\\\\\\\\\\\\\\\\\\\\\\\\\\\\\\\\\\\\\\\\\\\\\\\\\\\\\\\\\\\\\\\\\\\\\\\\\\\\\\\\\\\\\\\\\\\\\\\\\\\\\\\\\\\\\\\\\\\\\\\\\\\\\\\\\\\\\\\\\\\\\\\\\\\\\\\\\\\\\\\\\\\\\\\\\\\\\\\\\\\\\\\\\\\\\\\\\\\\\\\\\\\\\\\\\\\\\\\\\\\\\\\\\\\\\\\\\\\\\\\\\\\\\\\\\\\\\\\\\\\\\\\\\\\\\\\\\\\\\\\\\\\\\\\\\\\\\\\\\\\\\\\\\\\\\\\\\\\\\\\\\\\\\\\\\\\\\\\\\\\\\\\\\\\\\\\\\\\\\\\\\\\\\\\\\\\\\\\\\\\\\\\\\\\\\\\\\\\\\\\\\\\\\\\\\\\\\\\\\\\\\\\\\\\\\\\\\\\\\\\\\\\\\\\\\\\\\\\\\\\\\\\\\\\\\\\\\\\\\\\\\\\\\\\\\\\\\\\\\\\\\\\\\\\\\\\\\\\\\\\\\\\\\\\\\\\\\\\\\\\\\\\\\\\\\\\\\\\\\\\\\\\\\\\\\\\\\\\\\\\\\\\\\\\\\\\\\\\\\\\\\\\\\\\\\\\\\\\\\\\\\\\\\\\\\\\\\\\\\\\\\\\\\\\\\\\\\\\\\\\\\\\\\\\\\\\\\\\\\\\\\\\\\\\\\\\\\\\\\\\\\\\\\\\\\\\\\\\\\\\\\\\\\\\\\\\\\\\\\\\\\\\\\\\\\\\\\\\\\\\\\\\\\\\\\\\\\\\\\\\\\\\\\\\\\\\\\\\\\\\\\\\\\\\\\\\\\\\\\\\\\\\\\\\\\\\\\\\\\\\\\\\\\\\\\\\\\\\\\\\\\\\\\\\\\\\\\\\\\\\\\\\\\\\\\\\\\\\\\\\\\\\\\\\\\\\\\\\\\\\\\\\\\\\\\\\\\\\\\\\\\\\\\\\\\\\\\\\\\\\\\\\\\\\\\\\\\\\\\\\\\\\\\\\\\\\\\\\\\\\\\\\\\\\\\\\\\\\\\\\\\\\\\\\\\\\\\\\\\\\\\\\\\\\\\\\\\\\\\\\\\\\\\\\\\\\\\\\\\\\\\\\\\\\\\\\\\\\\\\\\\\\\\\\\\\\\\\\\\\\\\\\\\\\\\\\\\\\\\\\\\\\\\\\\\\\\\\\\\\\\\\\\\\\\\\\\\\\\\\\\\\\\\\\\\\\\\\\\\\\\\\\\\\\\\\\\\\\\\\\\\\\\\\\\\\\\\\\\\\\\\\\\\\\\\\\\\\\\\\\\\\\\\\\\\\\\\\\\\\\\\\\\\\\\\\\\\\\\\\\\\\\\\\\\\\\\\\\\\\\\\\\\\\\\\\\\\\\\\\\\\\\\\\\\\\\\\\\\\\\\\\\\\\\\\\\\\\\\\\\\\\\\\\\\\\\\\\\\\\\\\\\\\\\\\\\\\\\\\\\\\\\\\\\\\\\\\\\\\\\\\\\\\\\\\\\\\\\\\\\\\\\\\\\\\\\\\\\\\\\\\\\\\\\\\\\\\\\\\\\\\\\\\\\\\\\\\\\\\\\\\\\\\\\\\\\\\\\\\\\\\\\\\\\\\\\\\\\\\\\\\\\\\\\\\\\\\\\\\\\\\\\\\\\\\\\\\\\\\\\\\\\\\\\\\\\\\\\\\\\\\\\\\\\\\\\\\\\\\\\\\\\\\\\\\\\\\\\\\\\\\\\\\\\\\\\\\\\\\\\\\\\\\\\\\\\\\\\\\\\\\\\\\\\\\\\\\\\\\\\\\\\\\\\\\\\\\\\\\\\\\\\\\\\\\\\\\\\\\\\\\\\\\\\\\\\\\\\\\\\\\\\\\\\\\\\\\\\\\\\\\\\\\\\\\\\\\\\\\\\\\\\\\\\\\\\\\\\\\\\\\\\\\\\\\\\\\\\\\\\\\\\\\\\\\\\\\\\\\\\\\\\\\\\\\\\\\\\\\\\\\\\\\\\\\\\\\\\\\\\\\\\\\\\\\\\\\\\\\\\\\\\\\\\\\\\\\\\\\\\\\\\\\\\\\\\\\\\\\\\\\\\\\\\\\\\\\\\\\\\\\\\\\\\\\\\\\\\\\\\\\\\\\\\\\\\\\\\\\\\\\\\\\\\\\\\\\\\\\\\\\\\\\\\\\\\\\\\\\\\\\\\\\\\\\\\\\\\\\\\\\\\\\\\\\\\\\\\\\\\\\\\\\\\\\\\\\\\\\\\\\\\\\\\\\\\\\\\\\\\\\\\\\\\\\\\\\\\\\\\\\\\\\\\\\\\\\\\\\\\\\\\\\\\\\\\\\\\\\\\\\\\\\\\\\\\\\\\\\\\\\\\\\\\\\\\\\\\\\\\\\\\\\\\\\\\\\\\\\\\\\\\\\\\\\\\\\\\\\\\\\\\\\\\\\\\\\\\\\\\\\\\\\\\\\\\\\\\\\\\\\\\\\\\\\\\\\\\\\\\\\\\\\\\\\\\\\\\\\\\\\\\\\\\\\\\\\\\\\\\\\\\\\\\\\\\\\\\\\\\\\\\\\\\\\\\\\\\\\\\\\\\\\\\\\\\\\\\\\\\\\\\\\\\\\\\\\\\\\\\\\\\\\\\\\\\\\\\\\\\\\\\\\\\\\\\\\\\\\\\\\\\\\\\\\\\\\\\\\\\\\\\\\\\\\\\\\\\\\\\\\\\\\\\\\\\\\\\\\\\\\\\\\\\\\\\\\\\\\\\\\\\\\\\\\\\\\\\\\\\\\\\\\\\\\\\\\\\\\\\\\\\\\\\\\\\\\\\\\\\\\\\\\\\\\\\\\\\\\\\\\\\\\\\\\\\\\\\\\\\\\\\\\\\\\\\\\\\\\\\\\\\\\\\\\\\\\\\\\\\\\\\\\\\\\\\\\\\\\\\\\\\\\\\\\\\\\\\\\\\\\\\\\\\\\\\\\\\\\\\\\\\\\\\\\\\\\\\\\\\\\\\\\\\\\\\\\\\\\\\\\\\\\\\\\\\\\\\\\\\\\\\\\\\\\\\\\\\\\\\\\\\\\\\\\\\\\\\\\\\\\\\\\\\\\\\\\\\\\\\\\\\\\\\\\\\\\\\\\\\\\\\\\\\\\\\\\\\\\\\\\\\\\\\\\\\\\\\\\\\\\\\\\\\\\\\\\\\\\\\\\\\\\\\\\\\\\\\\\\\\\\\\\\\\\\\\\\\\\\\\\\\\\\\\\\\\\\\\\\\\\\\\\\\\\\\\\\\\\\\\\\\\\\\\\\\\\\\\\\\\\\\\\\\\\\\\\\\\\\\\\\\\\\\\\\\\\\\\\\\\\\\\\\\\\\\\\\\\\\\\\\\\\\\\\\\\\\\\\\\\\\\\\\\\\\\\\\\\\\\\\\\\\\\\\\\\\\\\\\\\\\\\\\\\\\\\\\\\\\\\\\\\\\\\\\\\\\\\\\\\\\\\\\\\\\\\\\\\\\\\\\\\\\\\\\\\\\\\\\\\\\\\\\\\\\\\\\\\\\\\\\\\\\\\\\\\\\\\\\\\\\\\\\\\\\\\\\\\\\\\\\\\\\\\\\\\\\\\\\\\\\\\\\\\\\\\\\\\\\\\\\\\\\\\\\\\\\\\\\\\\\\\\\\\\\\\\\\\\\\\\\\\\\\\\\\\\\\\\\\\\\\\\\\\\\\\\\\\\\\\\\\\\\\\\\\\\\\\\\\\\\\\\\\\\\\\\\\\\\\\\\\\\\\\\\\\\\\\\\\\\\\\\\\\\\\\\\\\\\\\\\\\\\\\\\\\\\\\\\\\\\\\\\\\\\\\\\\\\\\\\\\\\\\\\\\\\\\\\\\\\\\\\\\\\\\\\\\\\\\\\\\\\\\\\\\\\\\\\\\\\\\\\\\\\\\\\\\\\\\\\\\\\\\\\\\\\\\\\\\\\\\\\\\\\\\\\\\\\\\\\\\\\\\\\\\\\\\\\\\\\\\\\\\\\\\\\\\\\\\\\\\\\\\\\\\\\\\\\\\\\\\\\\\\\\\\\\\\\\\\\\\\\\\\\\\\\\\\\\\\\\\\\\\\\\\\\\\\\\\\\\\\\\\\\\\\\\\\\\\\\\\\\\\\\\\\\\\\\\\\\\\\\\\\\\\\\\\\\\\\\\\\\\\\\\\\\\\\\\\\\\\\\\\\\\\\\\\\\\\\\\\\\\\\\\\\\\\\\\\\\\\\\\\\\\\\\\\\\\\\\\\\\\\\\\\\\\\\\\\\\\\\\\\\\\\\\\\\\\\\\\\\\\\\\\\\\\\\\\\\\\\\\\\\\\\\\\\\\\\\\\\\\\\\\\\\\\\\\\\\\\\\\\\\\\\\\\\\\\\\\\\\\\\\\\\\\\\\\\\\\\\\\\\\\\\\\\\\\\\\\\\\\\\\\\\\\\\\\\\\\\\\\\\\\\\\\\\\\\\\\\\\\\\\\\\\\\\\\\\\\\\\\\\\\\\\\\\\\\\\\\\\\\\\\\\\\\\\\\\\\\\\\\\\\\\\\\\\\\\\\\\\\\\\\\\\\\\\\\\\\\\\\\\\\\\\\\\\\\\\\\\\\\\\\\\\\\\\\\\\\\\\\\\\\\\\\\\\\\\\\\\\\\\\\\\\\\\\\\\\\\\\\\\\\\\\\\\\\\\\\\\\\\\\\\\\\\\\\\\\\\\\\\\\\\\\\\\\\\\\\\\\\\\\\\\\\\\\\\\\\\\\\\\\\\\\\\\\\\\\\\\\\\\\\\\\/damiradental.co.uk\\\\\\\\\\\\\\\\\\\\\\\\\\\\\\\\\\\\\\\\\\\\\\\\\\\\\\\\\\\\\\\\\\\\\\\\\\\\\\\\\\\\\\\\\\\\\\\\\\\\\\\\\\\\\\\\\\\\\\\\\\\\\\\\\\\\\\\\\\\\\\\\\\\\\\\\\\\\\\\\\\\\\\\\\\\\\\\\\\\\\\\\\\\\\\\\\\\\\\\\\\\\\\\\\\\\\\\\\\\\\\\\\\\\\\\\\\\\\\\\\\\\\\\\\\\\\\\\\\\\\\\\\\\\\\\\\\\\\\\\\\\\\\\\\\\\\\\\\\\\\\\\\\\\\\\\\\\\\\\\\\\\\\\\\\\\\\\\\\\\\\\\\\\\\\\\\\\\\\\\\\\\\\\\\\\\\\\\\\\\\\\\\\\\\\\\\\\\\\\\\\\\\\\\\\\\\\\\\\\\\\\\\\\\\\\\\\\\\\\\\\\\\\\\\\\\\\\\\\\\\\\\\\\\\\\\\\\\\\\\\\\\\\\\\\\\\\\\\\\\\\\\\\\\\\\\\\\\\\\\\\\\\\\\\\\\\\\\\\\\\\\\\\\\\\\\\\\\\\\\\\\\\\\\\\\\\\\\\\\\\\\\\\\\\\\\\\\\\\\\\\\\\\\\\\\\\\\\\\\\\\\\\\\\\\\\\\\\\\\\\\\\\\\\\\\\\\\\\\\\\\\\\\\\\\\\\\\\\\\\\\\\\\\\\\\\\\\\\\\\\\\\\\\\\\\\\\\\\\\\\\\\\\\\\\\\\\\\\\\\\\\\\\\\\\\\\\\\\\\\\\\\\\\\\\\\\\\\\\\\\\\\\\\\\\\\\\\\\\\\\\\\\\\\\\\\\\\\\\\\\\\\\\\\\\\\\\\\\\\\\\\\\\\\\\\\\\\\\\\\\\\\\\\\\\\\\\\\\\\\\\\\\\\\\\\\\\\\\\\\\\\\\\\\\\\\\\\\\\\\\\\\\\\\\\\\\\\\\\\\\\\\\\\\\\\\\\\\\\\\\\\\\\\\\\\\\\\\\\\\\\\\\\\\\\\\\\\\\\\\\\\\\\\\\\\\\\\\\\\\\\\\\\\\\\\\\\\\\\\\\\\\\\\\\\\\\\\\\\\\\\\\\\\\\\\\\\\\\\\\\\\\\\\\\\\\\\\\\\\\\\\\\\\\\\\\\\\\\\\\\\\\\\\\\\\\\\\\\\\\\\\\\\\\\\\\\\\\\\\\\\\\\\\\\\\\\\\\\\\\\\\\\\\\\\\\\\\\\\\\\\\\\\\\\\\\\\\\\\\\\\\\\\\\\\\\\\\\\\\\\\\\\\\\\\\\\\\\\\\\\\\\\\\\\\\\\\\\\\\\\\\\\\\\\\\\\\\\\\\\\\\\\\\\\\\\\\\\\\\\\\\\\\\\\\\\\\\\\\\\\\\\\\\\\\\\\\\\\\\\\\\\\\\\\\\\\\\\\\\\\\\\\\\\\\\\\\\\\\\\\\\\\\\\\\\\\\\\\\\\\\\\\\\\\\\\\\\\\\\\\\\\\\\\\\\\\\\\\\\\\\\\\\\\\\\\\\\\\\\\\\\\\\\\\\\\\\\\\\\\\\\\\\\\\\\\\\\\\\\\\\\\\\\\\\\\\\\\\\\\\\\\\\\\\\\\\\\\\\\\\\\\\\\\\\\\\\\\\\\\\\\\\\\\\\\\\\\\\\\\\\\\\\\\\\\\\\\\\\\\\\\\\\\\\\\\\\\\\\\\\\\\\\\\\\\\\\\\\\\\\\\\\\\\\\\\\\\\\\\\\\\\\\\\\\\\\\\\\\\\\\\\\\\\\\\\\\\\\\\\\\\\\\\\\\\\\\\\\\\\\\\\\\\\\\\\\\\\\\\\\\\\\\\\\\\\\\\\\\\\\\\\\\\\\\\\\\\\\\\\\\\\\\\\\\\\\\\\\\\\\\\\\\\\\\\\\\\\\\\\\\\\\\\\\\\\\\\\\\\\\\\\\\\\\\\\\\\\\\\\\\\\\\\\\\\\\\\\\\\\\\\\\\\\\\\\\\\\\\\\\\\\\\\\\\\\\\\\\\\\\\\\\\\\\\\\\\\\\\\\\\\\\\\\\\\\\\\\\\\\\\\\\\\\\\\\\\\\\\\\\\\\\\\\\\\\\\\\\\\\\\\\\\\\\\\\\\\\\\\\\\\\\\\\\\\\\\\\\\\\\\\\\\\\\\\\\\\\\\\\\\\\\\\\\\\\\\\\\\\\\\\\\\\\\\\\\\\\\\\\\\\\\\\\\\\\\\\\\\\\\\\\\\\\\\\\\\\\\\\\\\\\\\\\\\\\\\\\\\\\\\\\\\\\\\\\\\\\\\\\\\\\\\\\\\\\\\\\\\\\\\\\\\\\\\\\\\\\\\\\\\\\\\\\\\\\\\\\\\\\\\\\\\\\\\\\\\\\\\\\\\\\\\\\\\\\\\\\\\\\\\\\\\\\\\\\\\\\\\\\\\\\\\\\\\\\\\\\\\\\\\\\\\\\\\\\\\\\\\\\\\\\\\\\\\\\\\\\\\\\\\\\\\\\\\\\\\\\\\\\\\\\\\\\\\\\\\\\\\\\\\\\\\\\\\\\\\\\\\\\\\\\\\\\\\\\\\\\\\\\\\\\\\\\\\\\\\\\\\\\\\\\\\\\\\\\\\\\\\\\\\\\\\\\\\\\\\\\\\\\\\\\\\\\\\\\\\\\\\\\\\\\\\\\\\\\\\\\\\\\\\\\\\\\\\\\\\\\\\\\\\\\\\\\\\\\\\\\\\\\\\\\\\\\\\\\\\\\\\\\\\\\\\\\\\\\\\\\\\\\\\\\\\\\\\\\\\\\\\\\\\\\\\\\\\\\\\\\\\\\\\\\\\\\\\\\\\\\\\\\\\\\\\\\\\\\\\\\\\\\\\\\\\\\\\\\\\\\\\\\\\\\\\\\\\\\\\\\\\\\\\\\\\\\\\\\\\\\\\\\\\\\\\\\\\\\\\\\\\\\\\\\\\\\\\\\\\\\\\\\\\\\\\\\\\\\\\\\\\\\\\\\\\\\\\\\\\\\\\\\\\\\\\\\\\\\\\\\\\\\\\\\\\\\\\\\\\\\\\\\\\\\\\\\\\\\\\\\\\\\\\\\\\\\\\\\\\\\\\\\\\\\\\\\\\\\\\\\\\\\\\\\\\\\\\\\\\\\\\\\\\\\\\\\\\\\\\\\\\\\\\\\\\\\\\\\\\\\\\\\\\\\\\\\\\\\\\\\\\\\\\\\\\\\\\\\\\\\\\\\\\\\\\\\\\\\\\\\\\\\\\\\\\\\\\\\\\\\\\\\\\\\\\\\\\\\\\\\\\\\\\\\\\\\\\\\\\\\\\\\\\\\\\\\\\\\\\\\\\\\\\\\\\\\\\\\\\\\\\\\\\\\\\\\\\\\\\\\\\\\\\\\\\\\\\\\\\\\\\\\\\\\\\\\\\\\\\\\\\\\\\\\\\\\\\\\\\\\\\\\\\\\\\\\\\\\\\\\\\\\\\\\\\\\\\\\\\\\\\\\\\\\\\\\\\\\\\\\\\\\\\\\\\\\\\\\\\\\\\\\\\\\\\\\\\\\\\\\\\\\\\\\\\\\\\\\\\\\\\\\\\\\\\\\\\\\\\\\\\\\\\\\\\\\\\\\\\\\\\\\\\\\\\\\\\\\\\\\\\\\\\\\\\\\\\\\\\\\\\\\\\\\\\\\\\\\\\\\\\\\\\\\\\\\\\\\\\\\\\\\\\\\\\\\\\\\\\\\\\\\\\\\\\\\\\\\\\\\\\\\\\\\\\\\\\\\\\\\\\\\\\\\\\\\\\\\\\\\\\\\\\\\\\\\\\\\\\\\\\\\\\\\\\\\\\\\\\\\\\\\\\\\\\\\\\\\\\\\\\\\\\\\\\\\\\\\\\\\\\\\\\\\\\\\\\\\\\\\\\\\\\\\\\\\\\\\\\\\\\\\\\\\\\\\\\\\\\\\\\\\\\\\\\\\\\\\\\\\\\\\\\\\\\\\\\\\\\\\\\\\\\\\\\\\\\\\\\\\\\\\\\\\\\\\\\\\\\\\\\\\\\\\\\\\\\\\\\\\\\\\\\\\\\\\\\\\\\\\\\\\\\\\\\\\\\\\\\\\\\\\\\\\\\\\\\\\\\\\\\\\\\\\\\\\\\\\\\\\\\\\\\\\\\\\\\\\\\\\\\\\\\\\\\\\\\\\\\\\\\\\\\\\\\\\\\\\\\\\\\\\\\\\\\\\\\\\\\\\\\\\\\\\\\\\\\\\\\\\\\\\\\\\\\\\\\\\\\\\\\\\\\\\\\\\\\\\\\\\\\\\\\\\\\\\\\\\\\\\\\\\\\\\\\\\\\\\\\\\\\\\\\\\\\\\\\\\\\\\\\\\\\\\\\\\\\\\\\\\\\\\\\\\\\\\\\\\\\\\\\\\\\\\\\\\\\\\\\\\\\\\\\\\\\\\\\\\\\\\\\\\\\\\\\\\\\\\\\\\\\\\\\\\\\\\\\\\\\\\\\\\\\\\\\\\\\\\\\\\\\\\\\\\\\\\\\\\\\\\\\\\\\\\\\\\\\\\\\\\\\\\\\\\\\\\\\\\\\\\\\\\\\\\\\\\\\\\\\\\\\\\\\\\\\\\\\\\\\\\\\\\\\\\\\\\\\\\\\\\\\\\\\\\\\\\\\\\\\\\\\\\\\\\\\\\\\\\\\\\\\\\\\\\\\\\\\\\\\\\\\\\\\\\\\\\\\\\\\\\\\\\\\\\\\\\\\\\\\\\\\\\\\\\\\\\\\\\\\\\\\\\\\\\\\\\\\\\\\\\\\\\\\\\\\\\\\\\\\\\\\\\\\\\\\\\\\\\\\\\\\\\\\\\\\\\\\\\\\\\\\\\\\\\\\\\\\\\\\\\\\\\\\\\\\\\\\\\\\\\\\\\\\\\\\\\\\\\\\\\\\\\\\\\\\\\\\\\\\\\\\\\\\\\\\\\\\\\\\\\\\\\\\\\\\\\\\\\\\\\\\\\\\\\\\\\\\\\\\\\\\\\\\\\\\\\\\\\\\\\\\\\\\\\\\\\\\\\\\\\\\\\\\\\\\\\\\\\\\\\\\\\\\\\\\\\\\\\\\\\\\\\\\\\\\\\\\\\\\\\\\\\\\\\\\\\\\\\\\\\\\\\\\\\\\\\\\\\\\\\\\\\\\\\\\\\\\\\\\\\\\\\\\\\\\\\\\\\\\\\\\\\\\\\\\\\\\\\\\\\\\\\\\\\\\\\\\\\\\\\\\\\\\\\\\\\\\\\\\\\\\\\\\\\\\\\\\\\\\\\\\\\\\\\\\\\\\\\\\\\\\\\\\\\\\\\\\\\\\\\\\\\\\\\\\\\\\\\\\\\\\\\\\\\\\\\\\\\\\\\\\\\\\\\\\\\\\\\\\\\\\\\\\\\\\\\\\\\\\\\\\\\\\\\\\\\\\\\\\\\\\\\\\\\\\\\\\\\\\\\\\\\\\\\\\\\\\\\\\\\\\\\\\\\\\\\\\\\\\\\\\\\\\\\\\\\\\\\\\\\\\\\\\\\\\\\\\\\\\\\\\\\\\\\\\\\\\\\\\\\\\\\\\\\\\\\\\\\\\\\\\\\\\\\\\\\\\\\\\\\\\\\\\\\\\\\\\\\\\\\\\\\\\\\\\\\\\\\\\\\\\\\\\\\\\\\\\\\\\\\\\\\\\\\\\\\\\\\\\\\\\\\\\\\\\\\\\\\\\\\\\\\\\\\\\\\\\\\\\\\\\\\\\\\\\\\\\\\\\\\\\\\\\\\\\\\\\\\\\\\\\\\\\\\\\\\\\\\\\\\\\\\\\\\\\\\\\\\\\\\\\\\\\\\\\\\\\\\\\\\\\\\\\\\\\\\\\\\\\\\\\\\\\\\\\\\\\\\\\\\\\\\\\\\\\\\\\\\\\\\\\\\\\\\\\\\\\\\\\\\\\\\\\\\\\\\\\\\\\\\\\\\\\\\\\\\\\\\\\\\\\\\\\\\\\\\\\\\\\\\\\\\\\\\\\\\\\\\\\\\\\\\\\\\\\\\\\\\\\\\\\\\\\\\\\\\\\\\\\\\\\\\\\\\\\\\\\\\\\\\\\\\\\\\\\\\\\\\\\\\\\\\\\\\\\\\\\\\\\\\\\\\\\\\\\\\\\\\\\\\\\\\\\\\\\\\\\\\\\\\\\\\\\\\\\\\\\\\\\\\\\\\\\\\\\\\\\\\\\\\\\\\\\\\\\\\\\\\\\\\\\\\\\\\\\\\\\\\\\\\\\\\\\\\\\\\\\\\\\\\\\\\\\\\\\\\\\\\\\\\\\\\\\\\\\\\\\\\\\\\\\\\\\\\\\\\\\\\\\\\\\\\\\\\\\\\\\\\\\\\\\\\\\\\\\\\\\\\\\\\\\\\\\\\\\\\\\\\\\\\\\\\\\\\\\\\\\\\\\\\\\\\\\\\\\\\\\\\\\\\\\\\\\\\\\\\\\\\\\\\\\\\\\\\\\\\\\\\\\\\\\\\\\\\\\\\\\\\\\\\\\\\\\\\\\\\\\\\\\\\\\\\\\\\\\\\\\\\\\\\\\\\\\\\/practice\\\\\\\\\\\\\\\\\\\\\\\\\\\\\\\\\\\\\\\\\\\\\\\\\\\\\\\\\\\\\\\\\\\\\\\\\\\\\\\\\\\\\\\\\\\\\\\\\\\\\\\\\\\\\\\\\\\\\\\\\\\\\\\\\\\\\\\\\\\\\\\\\\\\\\\\\\\\\\\\\\\\\\\\\\\\\\\\\\\\\\\\\\\\\\\\\\\\\\\\\\\\\\\\\\\\\\\\\\\\\\\\\\\\\\\\\\\\\\\\\\\\\\\\\\\\\\\\\\\\\\\\\\\\\\\\\\\\\\\\\\\\\\\\\\\\\\\\\\\\\\\\\\\\\\\\\\\\\\\\\\\\\\\\\\\\\\\\\\\\\\\\\\\\\\\\\\\\\\\\\\\\\\\\\\\\\\\\\\\\\\\\\\\\\\\\\\\\\\\\\\\\\\\\\\\\\\\\\\\\\\\\\\\\\\\\\\\\\\\\\\\\\\\\\\\\\\\\\\\\\\\\\\\\\\\\\\\\\\\\\\\\\\\\\\\\\\\\\\\\\\\\\\\\\\\\\\\\\\\\\\\\\\\\\\\\\\\\\\\\\\\\\\\\\\\\\\\\\\\\\\\\\\\\\\\\\\\\\\\\\\\\\\\\\\\\\\\\\\\\\\\\\\\\\\\\\\\\\\\\\\\\\\\\\\\\\\\\\\\\\\\\\\\\\\\\\\\\\\\\\\\\\\\\\\\\\\\\\\\\\\\\\\\\\\\\\\\\\\\\\\\\\\\\\\\\\\\\\\\\\\\\\\\\\\\\\\\\\\\\\\\\\\\\\\\\\\\\\\\\\\\\\\\\\\\\\\\\\\\\\\\\\\\\\\\\\\\\\\\\\\\\\\\\\\\\\\\\\\\\\\\\\\\\\\\\\\\\\\\\\\\\\\\\\\\\\\\\\\\\\\\\\\\\\\\\\\\\\\\\\\\\\\\\\\\\\\\\\\\\\\\\\\\\\\\\\\\\\\\\\\\\\\\\\\\\\\\\\\\\\\\\\\\\\\\\\\\\\\\\\\\\\\\\\\\\\\\\\\\\\\\\\\\\\\\\\\\\\\\\\\\\\\\\\\\\\\\\\\\\\\\\\\\\\\\\\\\\\\\\\\\\\\\\\\\\\\\\\\\\\\\\\\\\\\\\\\\\\\\\\\\\\\\\\\\\\\\\\\\\\\\\\\\\\\\\\\\\\\\\\\\\\\\\\\\\\\\\\\\\\\\\\\\\\\\\\\\\\\\\\\\\\\\\\\\\\\\\\\\\\\\\\\\\\\\\\\\\\\\\\\\\\\\\\\\\\\\\\\\\\\\\\\\\\\\\\\\\\\\\\\\\\\\\\\\\\\\\\\\\\\\\\\\\\\\\\\\\\\\\\\\\\\\\\\\\\\\\\\\\\\\\\\\\\\\\\\\\\\\\\\\\\\\\\\\\\\\\\\\\\\\\\\\\\\\\\\\\\\\\\\\\\\\\\\\\\\\\\\\\\\\\\\\\\\\\\\\\\\\\\\\\\\\\\\\\\\\\\\\\\\\\\\\\\\\\\\\\\\\\\\\\\\\\\\\\\\\\\\\\\\\\\\\\\\\\\\\\\\\\\\\\\\\\\\\\\\\\\\\\\\\\\\\\\\\\\\\\\\\\\\\\\\\\\\\\\\\\\\\\\\\\\\\\\\\\\\\\\\\\\\\\\\\\\\\\\\\\\\\\\\\\\\\\\\\\\\\\\\\\\\\\\\\\\\\\\\\\\\\\\\\\\\\\\\\\\\\\\\\\\\\\\\\\\\\\\\\\\\\\\\\\\\\\\\\\\\\\\\\\\\\\\\\\\\\\\\\\\\\\\\\\\\\\\\\\\\\\\\\\\\\\\\\\\\\\\\\\\\\\\\\\\\\\\\\\\\\\\\\\\\\\\\\\\\\\\\\\\\\\\\\\\\\\\\\\\\\\\\\\\\\\\\\\\\\\\\\\\\\\\\\\\\\\\\\\\\\\\\\\\\\\\\\\\\\\\\\\\\\\\\\\\\\\\\\\\\\\\\\\\\\\\\\\\\\\\\\\\\\\\\\\\\\\\\\\\\\\\\\\\\\\\\\\\\\\\\\\\\\\\\\\\\\\\\\\\\\\\\\\\\\\\\\\\\\\\\\\\\\\\\\\\\\\\\\\\\\\\\\\\\\\\\\\\\\\\\\\\\\\\\\\\\\\\\\\\\\\\\\\\\\\\\\\\\\\\\\\\\\\\\\\\\\\\\\\\\\\\\\\\\\\\\\\\\\\\\\\\\\\\\\\\\\\\\\\\\\\\\\\\\\\\\\\\\\\\\\\\\\\\\\\\\\\\\\\\\\\\\\\\\\\\\\\\\\\\\\\\\\\\\\\\\\\\\\\\\\\\\\\\\\\\\\\\\\\\\\\\\\\\\\\\\\\\\\\\\\\\\\\\\\\\\\\\\\\\\\\\\\\\\\\\\\\\\\\\\\\\\\\\\\\\\\\\\\\\\\\\\\\\\\\\\\\\\\\\\\\\\\\\\\\\\\\\\\\\\\\\\\\\\\\\\\\\\\\\\\\\\\\\\\\\\\\\\\\\\\\\\\\\\\\\\\\\\\\\\\\\\\\\\\\\\\\\\\\\\\\\\\\\\\\\\\\\\\\\\\\\\\\\\\\\\\\\\\\\\\\\\\\\\\\\\\\\\\\\\\\\\\\\\\\\\\\\\\\\\\\\\\\\\\\\\\\\\\\\\\\\\\\\\\\\\\\\\\\\\\\\\\\\\\\\\\\\\\\\\\\\\\\\\\\\\\\\\\\\\\\\\\\\\\\\\\\\\\\\\\\\\\\\\\\\\\\\\\\\\\\\\\\\\\\\\\\\\\\\\\\\\\\\\\\\\\\\\\\\\\\\\\\\\\\\\\\\\\\\\\\\\\\\\\\\\\\\\\\\\\\\\\\\\\\\\\\\\\\\\\\\\\\\\\\\\\\\\\\\\\\\\\\\\\\\\\\\\\\\\\\\\\\\\\\\\\\\\\\\\\\\\\\\\\\\\\\\\\\\\\\\\\\\\\\\\\\\\\\\\\\\\\\\\\\\\\\\\\\\\\\\\\\\\\\\\\\\\\\\\\\\\\\\\\\\\\\\\\\\\\\\\\\\\\\\\\\\\\\\\\\\\\\\\\\\\\\\\\\\\\\\\\\\\\\\\\\\\\\\\\\\\\\\\\\\\\\\\\\\\\\\\\\\\\\\\\\\\\\\\\\\\\\\\\\\\\\\\\\\\\\\\\\\\\\\\\\\\\\\\\\\\\\\\\\\\\\\\\\\\\\\\\\\\\\\\\\\\\\\\\\\\\\\\\\\\\\\\\\\\\\\\\\\\\\\\\\\\\\\\\\\\\\\\\\\\\\\\\\\\\\\\\\\\\\\\\\\\\\\\\\\\\\\\\\\\\\\\\\\\\\\\\\\\\\\\\\\\\\\\\\\\\\\\\\\\\\\\\\\\\\\\\\\\\\\\\\\\\\\\\\\\\\\\\\\\\\\\\\\\\\\\\\\\\\\\\\\\\\\\\\\\\\\\\\\\\\\\\\\\\\\\\\\\\\\\\\\\\\\\\\\\\\\\\\\\\\\\\\\\\\\\\\\\\\\\\\\\\\\\\\\\\\\\\\\\\\\\\\\\\\\\\\\\\\\\\\\\\\\\\\\\\\\\\\\\\\\\\\\\\\\\\\\\\\\\\\\\\\\\\\\\\\\\\\\\\\\\\\\\\\\\\\\\\\\\\\\\\\\\\\\\\\\\\\\\\\\\\\\\\\\\\\\\\\\\\\\\\\\\\\\\\\\\\\\\\\\\\\\\\\\\\\\\\\\\\\\\\\\\\\\\\\\\\\\\\\\\\\\\\\\\\\\\\\\\\\\\\\\\\\\\\\\\\\\\\\\\\\\\\\\\\\\\\\\\\\\\\\\\\\\\\\\\\\\\\\\\\\\\\\\\\\\\\\\\\\\\\\\\\\\\\\\\\\\\\\\\\\\\\\\\\\\\\\\\\\\\\\\\\\\\\\\\\\\\\\\\\\\\\\\\\\\\\\\\\\\\\\\\\\\\\\\\\\\\\\\\\\\\\\\\\\\\\\\\\\\\\\\\\\\\\\\\\\\\\\\\\\\\\\\\\\\\\\\\\\\\\\\\\\\\\\\\\\\\\\\\\\\\\\\\\\\\\\\\\\\\\\\\\\\\\\\\\\\\\\\\\\\\\\\\\\\\\\\\\\\\\\\\\\\\\\\\\\\\\\\\\\\\\\\\\\\\\\\\\\\\\\\\\\\\\\\\\\\\\\\\\\\\\\\\\\\\\\\\\\\\\\\\\\\\\\\\\\\\\\\\\\\\\\\\\\\\\\\\\\\\\\\\\\\\\\\\\\\\\\\\\\\\\\\\\\\\\\\\\\\\\\\\\\\\\\\\\\\\\\\\\\\\\\\\\\\\\\\\\\\\\\\\\\\\\\\\\\\\\\\\\\\\\\\\\\\\\\\\\\\\\\\\\\\\\\\\\\\\\\\\\\\\\\\\\\\\\\\\\\\\\\\\\\\\\\\\\\\\\\\\\\\\\\\\\\\\\\\\\\\\\\\\\\\\\\\\\\\\\\\\\\\\\\\\\\\\\\\\\\\\\\\\\\\\\\\\\\\\\\\\\\\\\\\\\\\\\\\\\\\\\\\\\\\\\\\\\\\\\\\\\\\\\\\\\\\\\\\\\\\\\\\\\\\\\\\\\\\\\\\\\\\\\\\\\\\\\\\\\\\\\\\\\\\\\\\\\\\\\\\\\\\\\\\\\\\\\\\\\\\\\\\\\\\\\\\\\\\\\\\\\\\\\\\\\\\\\\\\\\\\\\\\\\\\\\\\\\\\\\\\\\\\\\\\\\\\\\\\\\\\\\\\\\\\\\\\\\\\\\\\\\\\\\\\\\\\\\\\\\\\\\\\\\\\\\\\\\\\\\\\\\\\\\\\\\\\\\\\\\\\\\\\\\\\\\\\\\\\\\\\\\\\\\\\\\\\\\\\\\\\\\\\\\\\\\\\\\\\\\\\\\\\\\\\\\\\\\\\\\\\\\\\\\\\\\\\\\\\\\\\\\\\\\\\\\\\\\\\\\\\\\\\\\\\\\\\\\\\\\\\\\\\\\\\\\\\\\\\\\\\\\\\\\\\\\\\\\\\\\\\\\\\\\\\\\\\\\\\\\\\\\\\\\\\\\\\\\\\\\\\\\\\\\\\\\\\\\\\\\\\\\\\\\\\\\\\\\\\\\\\\\\\\\\\\\\\\\\\\\\\\\\\\\\\\\\\\\\\\\\\\\\\\\\\\\\\\\\\\\\\\\\\\\\\\\\\\\\\\\\\\\\\\\\\\\\\\\\\\\\\\\\\\\\\\\\\\\\\\\\\\\\\\\\\\\\\\\\\\\\\\\\\\\\\\\\\\\\\\\\\\\\\\\\\\\\\\\\\\\\\\\\\\\\\\\\\\\\\\\\\\\\\\\\\\\\\\\\\\\\\\\\\\\\\\\\\\\\\\\\\\\\\\\\\\\\\\\\\\\\\\\\\\\\\\\\\\\\\\\\\\\\\\\\\\\\\\\\\\\\\\\\\\\\\\\\\\\\\\\\\\\\\\\\\\\\\\\\\\\\\\\\\\\\\\\\\\\\\\\\\\\\\\\\\\\\\\\\\\\\\\\\\\\\\\\\\\\\\\\\\\\\\\\\\\\\\\\\\\\\\\\\\\\\\\\\\\\\\\\\\\\\\\\\\\\\\\\\\\\\\\\\\\\\\\\\\\\\\\\\\\\\\\\\\\\\\\\\\\\\\\\\\\\\\\\\\\\\\\\\\\\\\\\\\\\\\\\\\\\\\\\\\\\\\\\\\\\\\\\\\\\\\\\\\\\\\\\\\\\\\\\\\\\\\\\\\\\\\\\\\\\\\\\\\\\\\\\\\\\\\\\\\\\\\\\\\\\\\\\\\\\\\\\\\\\\\\\\\\\\\\\\\\\\\\\\\\\\\\\\\\\\\\\\\\\\\\\\\\\\\\\\\\\\\\\\\\\\\\\\\\\\\\\\\\\\\\\\\\\\\\\\\\\\\\\\\\\\\\\\\\\\\\\\\\\\\\\\\\\\\\\\\\\\\\\\\\\\\\\\\\\\\\\\\\\\\\\\\\\\\\\\\\\\\\\\\\\\\\\\\\\\\\\\\\\\\\\\\\\\\\\\\\\\\\\\\\\\\\\\\\\\\\\\\\\\\\\\\\\\\\\\\\\\\\\\\\\\\\\\\\\\\\\\\\\\\\\\\\\\\\\\\\\\\\\\\\\\\\\\\\\\\\\\\\\\\\\\\\\\\\\\\\\\\\\\\\\\\\\\\\\\\\\\\\\\\\\\\\\\\\\\\\\\\\\\\\\\\\\\\\\\\\\\\\\\\\\\\\\\\\\\\\\\\\\\\\\\\\\\\\\\\\\\\\\\\\\\\\\\\\\\\\\\\\\\\\\\\\\\\\\\\\\\\\\\\\\\\\\\\\\\\\\\\\\\\\\\\\\\\\\\\\\\\\\\\\\\\\\\\\\\\\\\\\\\\\\\\\\\\\\\\\\\\\\\\\\\\\\\\\\\\\\\\\\\\\\\\\\\\\\\\\\\\\\\\\\\\\\\\\\\\\\\\\\\\\\\\\\\\\\\\\\\\\\\\\\\\\\\\\\\\\\\\\\\\\\/bury-knowle-oxfordshire
page_000093.json,X27475,V004197,Broken Acre Dental,1,SRV0087,Braces and other orthodontic treatment,1,Website,http:\\\\\\\\\\\\\\\\\\\\\\\\\\\\\\\\\\\\\\\\\\\\\\\\\\\\\\\\\\\\\\\\\\\\\\\\\\\\\\\\\\\\\\\\\\\\\\\\\\\\\\\\\\\\\\\\\\\\\\\\\\\\\\\\\\\\\\\\\\\\\\\\\\\\\\\\\\\\\\\\\\\\\\\\\\\\\\\\\\\\\\\\\\\\\\\\\\\\\\\\\\\\\\\\\\\\\\\\\\\\\\\\\\\\\\\\\\\\\\\\\\\\\\\\\\\\\\\\\\\\\\\\\\\\\\\\\\\\\\\\\\\\\\\\\\\\\\\\\\\\\\\\\\\\\\\\\\\\\\\\\\\\\\\\\\\\\\\\\\\\\\\\\\\\\\\\\\\\\\\\\\\\\\\\\\\\\\\\\\\\\\\\\\\\\\\\\\\\\\\\\\\\\\\\\\\\\\\\\\\\\\\\\\\\\\\\\\\\\\\\\\\\\\\\\\\\\\\\\\\\\\\\\\\\\\\\\\\\\\\\\\\\\\\\\\\\\\\\\\\\\\\\\\\\\\\\\\\\\\\\\\\\\\\\\\\\\\\\\\\\\\\\\\\\\\\\\\\\\\\\\\\\\\\\\\\\\\\\\\\\\\\\\\\\\\\\\\\\\\\\\\\\\\\\\\\\\\\\\\\\\\\\\\\\\\\\\\\\\\\\\\\\\\\\\\\\\\\\\\\\\\\\\\\\\\\\\\\\\\\\\\\\\\\\\\\\\\\\\\\\\\\\\\\\\\\\\\\\\\\\\\\\\\\\\\\\\\\\\\\\\\\\\\\\\\\\\\\\\\\\\\\\\\\\\\\\\\\\\\\\\\\\\\\\\\\\\\\\\\\\\\\\\\\\\\\\\\\\\\\\\\\\\\\\\\\\\\\\\\\\\\\\\\\\\\\\\\\\\\\\\\\\\\\\\\\\\\\\\\\\\\\\\\\\\\\\\\\\\\\\\\\\\\\\\\\\\\\\\\\\\\\\\\\\\\\\\\\\\\\\\\\\\\\\\\\\\\\\\\\\\\\\\\\\\\\\\\\\\\\\\\\\\\\\\\\\\\\\\\\\\\\\\\\\\\\\\\\\\\\\\\\\\\\\\\\\\\\\\\\\\\\\\\\\\\\\\\\\\\\\\\\\\\\\\\\\\\\\\\\\\\\\\\\\\\\\\\\\\\\\\\\\\\\\\\\\\\\\\\\\\\\\\\\\\\\\\\\\\\\\\\\\\\\\\\\\\\\\\\\\\\\\\\\\\\\\\\\\\\\\\\\\\\\\\\\\\\\\\\\\\\\\\\\\\\\\\\\\\\\\\\\\\\\\\\\\\\\\\\\\\\\\\\\\\\\\\\\\\\\\\\\\\\\\\\\\\\\\\\\\\\\\\\\\\\\\\\\\\\\\\\\\\\\\\\\\\\\\\\\\\\\\\\\\\\\\\\\\\\\\\\\\\\\\\\\\\\\\\\\\\\\\\\\\\\\\\\\\\\\\\\\\\\\\\\\\\\\\\\\\\\\\\\\\\\\\\\\\\\\\\\\\\\\\\\\\\\\\\\\\\\\\\\\\\\\\\\\\\\\\\\\\\\\\\\\\\\\\\\\\\\\\\\\\\\\\\\\\\\\\\\\\\\\\\\\\\\\\\\\\\\\\\\\\\\\\\\\\/\\\\\\\\\\\\\\\\\\\\\\\\\\\\\\\\\\\\\\\\\\\\\\\\\\\\\\\\\\\\\\\\\\\\\\\\\\\\\\\\\\\\\\\\\\\\\\\\\\\\\\\\\\\\\\\\\\\\\\\\\\\\\\\\\\\\\\\\\\\\\\\\\\\\\\\\\\\\\\\\\\\\\\\\\\\\\\\\\\\\\\\\\\\\\\\\\\\\\\\\\\\\\\\\\\\\\\\\\\\\\\\\\\\\\\\\\\\\\\\\\\\\\\\\\\\\\\\\\\\\\\\\\\\\\\\\\\\\\\\\\\\\\\\\\\\\\\\\\\\\\\\\\\\\\\\\\\\\\\\\\\\\\\\\\\\\\\\\\\\\\\\\\\\\\\\\\\\\\\\\\\\\\\\\\\\\\\\\\\\\\\\\\\\\\\\\\\\\\\\\\\\\\\\\\\\\\\\\\\\\\\\\\\\\\\\\\\\\\\\\\\\\\\\\\\\\\\\\\\\\\\\\\\\\\\\\\\\\\\\\\\\\\\\\\\\\\\\\\\\\\\\\\\\\\\\\\\\\\\\\\\\\\\\\\\\\\\\\\\\\\\\\\\\\\\\\\\\\\\\\\\\\\\\\\\\\\\\\\\\\\\\\\\\\\\\\\\\\\\\\\\\\\\\\\\\\\\\\\\\\\\\\\\\\\\\\\\\\\\\\\\\\\\\\\\\\\\\\\\\\\\\\\\\\\\\\\\\\\\\\\\\\\\\\\\\\\\\\\\\\\\\\\\\\\\\\\\\\\\\\\\\\\\\\\\\\\\\\\\\\\\\\\\\\\\\\\\\\\\\\\\\\\\\\\\\\\\\\\\\\\\\\\\\\\\\\\\\\\\\\\\\\\\\\\\\\\\\\\\\\\\\\\\\\\\\\\\\\\\\\\\\\\\\\\\\\\\\\\\\\\\\\\\\\\\\\\\\\\\\\\\\\\\\\\\\\\\\\\\\\\\\\\\\\\\\\\\\\\\\\\\\\\\\\\\\\\\\\\\\\\\\\\\\\\\\\\\\\\\\\\\\\\\\\\\\\\\\\\\\\\\\\\\\\\\\\\\\\\\\\\\\\\\\\\\\\\\\\\\\\\\\\\\\\\\\\\\\\\\\\\\\\\\\\\\\\\\\\\\\\\\\\\\\\\\\\\\\\\\\\\\\\\\\\\\\\\\\\\\\\\\\\\\\\\\\\\\\\\\\\\\\\\\\\\\\\\\\\\\\\\\\\\\\\\\\\\\\\\\\\\\\\\\\\\\\\\\\\\\\\\\\\\\\\\\\\\\\\\\\\\\\\\\\\\\\\\\\\\\\\\\\\\\\\\\\\\\\\\\\\\\\\\\\\\\\\\\\\\\\\\\\\\\\\\\\\\\\\\\\\\\\\\\\\\\\\\\\\\\\\\\\\\\\\\\\\\\\\\\\\\\\\\\\\\\\\\\\\\\\\\\\\\\\\\\\\\\\\\\\\\\\\\\\\\\\\\\\\\\\\\\\\\\\\\\\\\\\\\\\\\\\\\\\\\\\\\\\\\\\\\\\\\\\\\\\\\\\\\\\\\\\\\\\\\\\\\\\\\\\\\\\\\\\\\\\\\\\\\\\\\\\\\\\\\\\\\\\\\\\\\\\\\\\\\\\\\\\\\\\\\\\\\\\\\\\\\\\\/www.brokenacredental.co.uk\\\\\\\\\\\\\\\\\\\\\\\\\\\\\\\\\\\\\\\\\\\\\\\\\\\\\\\\\\\\\\\\\\\\\\\\\\\\\\\\\\\\\\\\\\\\\\\\\\\\\\\\\\\\\\\\\\\\\\\\\\\\\\\\\\\\\\\\\\\\\\\\\\\\\\\\\\\\\\\\\\\\\\\\\\\\\\\\\\\\\\\\\\\\\\\\\\\\\\\\\\\\\\\\\\\\\\\\\\\\\\\\\\\\\\\\\\\\\\\\\\\\\\\\\\\\\\\\\\\\\\\\\\\\\\\\\\\\\\\\\\\\\\\\\\\\\\\\\\\\\\\\\\\\\\\\\\\\\\\\\\\\\\\\\\\\\\\\\\\\\\\\\\\\\\\\\\\\\\\\\\\\\\\\\\\\\\\\\\\\\\\\\\\\\\\\\\\\\\\\\\\\\\\\\\\\\\\\\\\\\\\\\\\\\\\\\\\\\\\\\\\\\\\\\\\\\\\\\\\\\\\\\\\\\\\\\\\\\\\\\\\\\\\\\\\\\\\\\\\\\\\\\\\\\\\\\\\\\\\\\\\\\\\\\\\\\\\\\\\\\\\\\\\\\\\\\\\\\\\\\\\\\\\\\\\\\\\\\\\\\\\\\\\\\\\\\\\\\\\\\\\\\\\\\\\\\\\\\\\\\\\\\\\\\\\\\\\\\\\\\\\\\\\\\\\\\\\\\\\\\\\\\\\\\\\\\\\\\\\\\\\\\\\\\\\\\\\\\\\\\\\\\\\\\\\\\\\\\\\\\\\\\\\\\\\\\\\\\\\\\\\\\\\\\\\\\\\\\\\\\\\\\\\\\\\\\\\\\\\\\\\\\\\\\\\\\\\\\\\\\\\\\\\\\\\\\\\\\\\\\\\\\\\\\\\\\\\\\\\\\\\\\\\\\\\\\\\\\\\\\\\\\\\\\\\\\\\\\\\\\\\\\\\\\\\\\\\\\\\\\\\\\\\\\\\\\\\\\\\\\\\\\\\\\\\\\\\\\\\\\\\\\\\\\\\\\\\\\\\\\\\\\\\\\\\\\\\\\\\\\\\\\\\\\\\\\\\\\\\\\\\\\\\\\\\\\\\\\\\\\\\\\\\\\\\\\\\\\\\\\\\\\\\\\\\\\\\\\\\\\\\\\\\\\\\\\\\\\\\\\\\\\\\\\\\\\\\\\\\\\\\\\\\\\\\\\\\\\\\\\\\\\\\\\\\\\\\\\\\\\\\\\\\\\\\\\\\\\\\\\\\\\\\\\\\\\\\\\\\\\\\\\\\\\\\\\\\\\\\\\\\\\\\\\\\\\\\\\\\\\\\\\\\\\\\\\\\\\\\\\\\\\\\\\\\\\\\\\\\\\\\\\\\\\\\\\\\\\\\\\\\\\\\\\\\\\\\\\\\\\\\\\\\\\\\\\\\\\\\\\\\\\\\\\\\\\\\\\\\\\\\\\\\\\\\\\\\\\\\\\\\\\\\\\\\\\\\\\\\\\\\\\\\\\\\\\\\\\\\\\\\\\\\\\\\\\\\\\\\\\\\\\\\\\\\\\\\\\\\\\\\\\\\\\\\\\\\\\\\\\\\\\\\\\\\\\\\\\\\\\\\\\\\\\\\\\\\\\\\\\\\\\\\\\\\\\\\\\\\\\\\\\\\\\\\\\\\\/treatments-services\\\\\\\\\\\\\\\\\\\\\\\\\\\\\\\\\\\\\\\\\\\\\\\\\\\\\\\\\\\\\\\\\\\\\\\\\\\\\\\\\\\\\\\\\\\\\\\\\\\\\\\\\\\\\\\\\\\\\\\\\\\\\\\\\\\\\\\\\\\\\\\\\\\\\\\\\\\\\\\\\\\\\\\\\\\\\\\\\\\\\\\\\\\\\\\\\\\\\\\\\\\\\\\\\\\\\\\\\\\\\\\\\\\\\\\\\\\\\\\\\\\\\\\\\\\\\\\\\\\\\\\\\\\\\\\\\\\\\\\\\\\\\\\\\\\\\\\\\\\\\\\\\\\\\\\\\\\\\\\\\\\\\\\\\\\\\\\\\\\\\\\\\\\\\\\\\\\\\\\\\\\\\\\\\\\\\\\\\\\\\\\\\\\\\\\\\\\\\\\\\\\\\\\\\\\\\\\\\\\\\\\\\\\\\\\\\\\\\\\\\\\\\\\\\\\\\\\\\\\\\\\\\\\\\\\\\\\\\\\\\\\\\\\\\\\\\\\\\\\\\\\\\\\\\\\\\\\\\\\\\\\\\\\\\\\\\\\\\\\\\\\\\\\\\\\\\\\\\\\\\\\\\\\\\\\\\\\\\\\\\\\\\\\\\\\\\\\\\\\\\\\\\\\\\\\\\\\\\\\\\\\\\\\\\\\\\\\\\\\\\\\\\\\\\\\\\\\\\\\\\\\\\\\\\\\\\\\\\\\\\\\\\\\\\\\\\\\\\\\\\\\\\\\\\\\\\\\\\\\\\\\\\\\\\\\\\\\\\\\\\\\\\\\\\\\\\\\\\\\\\\\\\\\\\\\\\\\\\\\\\\\\\\\\\\\\\\\\\\\\\\\\\\\\\\\\\\\\\\\\\\\\\\\\\\\\\\\\\\\\\\\\\\\\\\\\\\\\\\\\\\\\\\\\\\\\\\\\\\\\\\\\\\\\\\\\\\\\\\\\\\\\\\\\\\\\\\\\\\\\\\\\\\\\\\\\\\\\\\\\\\\\\\\\\\\\\\\\\\\\\\\\\\\\\\\\\\\\\\\\\\\\\\\\\\\\\\\\\\\\\\\\\\\\\\\\\\\\\\\\\\\\\\\\\\\\\\\\\\\\\\\\\\\\\\\\\\\\\\\\\\\\\\\\\\\\\\\\\\\\\\\\\\\\\\\\\\\\\\\\\\\\\\\\\\\\\\\\\\\\\\\\\\\\\\\\\\\\\\\\\\\\\\\\\\\\\\\\\\\\\\\\\\\\\\\\\\\\\\\\\\\\\\\\\\\\\\\\\\\\\\\\\\\\\\\\\\\\\\\\\\\\\\\\\\\\\\\\\\\\\\\\\\\\\\\\\\\\\\\\\\\\\\\\\\\\\\\\\\\\\\\\\\\\\\\\\\\\\\\\\\\\\\\\\\\\\\\\\\\\\\\\\\\\\\\\\\\\\\\\\\\\\\\\\\\\\\\\\\\\\\\\\\\\\\\\\\\\\\\\\\\\\\\\\\\\\\\\\\\\\\\\\\\\\\\\\\\\\\\\\\\\\\\\\\\\\\\\\\\\\\\\\\\\\\\\\\\\\\\\\\\\\\\\\\\\\\\\\\\\\\\\\\\\\\\\\\\\\\\\\\\\\\\\\\\\\\\\\\\\\\\\\\\\\\\\\\\\/orthodontics\\\\\\\\\\\\\\\\\\\\\\\\\\\\\\\\\\\\\\\\\\\\\\\\\\\\\\\\\\\\\\\\\\\\\\\\\\\\\\\\\\\\\\\\\\\\\\\\\\\\\\\\\\\\\\\\\\\\\\\\\\\\\\\\\\\\\\\\\\\\\\\\\\\\\\\\\\\\\\\\\\\\\\\\\\\\\\\\\\\\\\\\\\\\\\\\\\\\\\\\\\\\\\\\\\\\\\\\\\\\\\\\\\\\\\\\\\\\\\\\\\\\\\\\\\\\\\\\\\\\\\\\\\\\\\\\\\\\\\\\\\\\\\\\\\\\\\\\\\\\\\\\\\\\\\\\\\\\\\\\\\\\\\\\\\\\\\\\\\\\\\\\\\\\\\\\\\\\\\\\\\\\\\\\\\\\\\\\\\\\\\\\\\\\\\\\\\\\\\\\\\\\\\\\\\\\\\\\\\\\\\\\\\\\\\\\\\\\\\\\\\\\\\\\\\\\\\\\\\\\\\\\\\\\\\\\\\\\\\\\\\\\\\\\\\\\\\\\\\\\\\\\\\\\\\\\\\\\\\\\\\\\\\\\\\\\\\\\\\\\\\\\\\\\\\\\\\\\\\\\\\\\\\\\\\\\\\\\\\\\\\\\\\\\\\\\\\\\\\\\\\\\\\\\\\\\\\\\\\\\\\\\\\\\\\\\\\\\\\\\\\\\\\\\\\\\\\\\\\\\\\\\\\\\\\\\\\\\\\\\\\\\\\\\\\\\\\\\\\\\\\\\\\\\\\\\\\\\\\\\\\\\\\\\\\\\\\\\\\\\\\\\\\\\\\\\\\\\\\\\\\\\\\\\\\\\\\\\\\\\\\\\\\\\\\\\\\\\\\\\\\\\\\\\\\\\\\\\\\\\\\\\\\\\\\\\\\\\\\\\\\\\\\\\\\\\\\\\\\\\\\\\\\\\\\\\\\\\\\\\\\\\\\\\\\\\\\\\\\\\\\\\\\\\\\\\\\\\\\\\\\\\\\\\\\\\\\\\\\\\\\\\\\\\\\\\\\\\\\\\\\\\\\\\\\\\\\\\\\\\\\\\\\\\\\\\\\\\\\\\\\\\\\\\\\\\\\\\\\\\\\\\\\\\\\\\\\\\\\\\\\\\\\\\\\\\\\\\\\\\\\\\\\\\\\\\\\\\\\\\\\\\\\\\\\\\\\\\\\\\\\\\\\\\\\\\\\\\\\\\\\\\\\\\\\\\\\\\\\\\\\\\\\\\\\\\\\\\\\\\\\\\\\\\\\\\\\\\\\\\\\\\\\\\\\\\\\\\\\\\\\\\\\\\\\\\\\\\\\\\\\\\\\\\\\\\\\\\\\\\\\\\\\\\\\\\\\\\\\\\\\\\\\\\\\\\\\\\\\\\\\\\\\\\\\\\\\\\\\\\\\\\\\\\\\\\\\\\\\\\\\\\\\\\\\\\\\\\\\\\\\\\\\\\\\\\\\\\\\\\\\\\\\\\\\\\\\\\\\\\\\\\\\\\\\\\\\\\\\\\\\\\\\\\\\\\\\\\\\\\\\\\\\\\\\\\\\\\\\\\\\\\\\\\\\\\\\\\\\\\\\\\\\\\\\\\\\\\\\\\\\\\\\\\\\\\\\\\\\\\\\\\\\\\\\\\\\\\\\\\\\\\\\\\\\\\\\\\/
page_000093.json,X27622,V011607,Market Street Dental,1,SRV0087,Braces and other orthodontic treatment,1,Website,https:\\\\\\\\\\\\\\\\\\\\\\\\\\\\\\\\\\\\\\\\\\\\\\\\\\\\\\\\\\\\\\\\\\\\\\\\\\\\\\\\\\\\\\\\\\\\\\\\\\\\\\\\\\\\\\\\\\\\\\\\\\\\\\\\\\\\\\\\\\\\\\\\\\\\\\\\\\\\\\\\\\\\\\\\\\\\\\\\\\\\\\\\\\\\\\\\\\\\\\\\\\\\\\\\\\\\\\\\\\\\\\\\\\\\\\\\\\\\\\\\\\\\\\\\\\\\\\\\\\\\\\\\\\\\\\\\\\\\\\\\\\\\\\\\\\\\\\\\\\\\\\\\\\\\\\\\\\\\\\\\\\\\\\\\\\\\\\\\\\\\\\\\\\\\\\\\\\\\\\\\\\\\\\\\\\\\\\\\\\\\\\\\\\\\\\\\\\\\\\\\\\\\\\\\\\\\\\\\\\\\\\\\\\\\\\\\\\\\\\\\\\\\\\\\\\\\\\\\\\\\\\\\\\\\\\\\\\\\\\\\\\\\\\\\\\\\\\\\\\\\\\\\\\\\\\\\\\\\\\\\\\\\\\\\\\\\\\\\\\\\\\\\\\\\\\\\\\\\\\\\\\\\\\\\\\\\\\\\\\\\\\\\\\\\\\\\\\\\\\\\\\\\\\\\\\\\\\\\\\\\\\\\\\\\\\\\\\\\\\\\\\\\\\\\\\\\\\\\\\\\\\\\\\\\\\\\\\\\\\\\\\\\\\\\\\\\\\\\\\\\\\\\\\\\\\\\\\\\\\\\\\\\\\\\\\\\\\\\\\\\\\\\\\\\\\\\\\\\\\\\\\\\\\\\/\\\\\\\\\\\\\\\\\\\\\\\\\\\\\\\\\\\\\\\\\\\\\\\\\\\\\\\\\\\\\\\\\\\\\\\\\\\\\\\\\\\\\\\\\\\\\\\\\\\\\\\\\\\\\\\\\\\\\\\\\\\\\\\\\\\\\\\\\\\\\\\\\\\\\\\\\\\\\\\\\\\\\\\\\\\\\\\\\\\\\\\\\\\\\\\\\\\\\\\\\\\\\\\\\\\\\\\\\\\\\\\\\\\\\\\\\\\\\\\\\\\\\\\\\\\\\\\\\\\\\\\\\\\\\\\\\\\\\\\\\\\\\\\\\\\\\\\\\\\\\\\\\\\\\\\\\\\\\\\\\\\\\\\\\\\\\\\\\\\\\\\\\\\\\\\\\\\\\\\\\\\\\\\\\\\\\\\\\\\\\\\\\\\\\\\\\\\\\\\\\\\\\\\\\\\\\\\\\\\\\\\\\\\\\\\\\\\\\\\\\\\\\\\\\\\\\\\\\\\\\\\\\\\\\\\\\\\\\\\\\\\\\\\\\\\\\\\\\\\\\\\\\\\\\\\\\\\\\\\\\\\\\\\\\\\\\\\\\\\\\\\\\\\\\\\\\\\\\\\\\\\\\\\\\\\\\\\\\\\\\\\\\\\\\\\\\\\\\\\\\\\\\\\\\\\\\\\\\\\\\\\\\\\\\\\\\\\\\\\\\\\\\\\\\\\\\\\\\\\\\\\\\\\\\\\\\\\\\\\\\\\\\\\\\\\\\\\\\\\\\\\\\\\\\\\\\\\\\\\\\\\\\\\\\\\\\\\\\\\\\\\\\\\\\\\\\\\\\\\\\\\\\\\\/www.invisalign.co.uk\\\\\\\\\\\\\\\\\\\\\\\\\\\\\\\\\\\\\\\\\\\\\\\\\\\\\\\\\\\\\\\\\\\\\\\\\\\\\\\\\\\\\\\\\\\\\\\\\\\\\\\\\\\\\\\\\\\\\\\\\\\\\\\\\\\\\\\\\\\\\\\\\\\\\\\\\\\\\\\\\\\\\\\\\\\\\\\\\\\\\\\\\\\\\\\\\\\\\\\\\\\\\\\\\\\\\\\\\\\\\\\\\\\\\\\\\\\\\\\\\\\\\\\\\\\\\\\\\\\\\\\\\\\\\\\\\\\\\\\\\\\\\\\\\\\\\\\\\\\\\\\\\\\\\\\\\\\\\\\\\\\\\\\\\\\\\\\\\\\\\\\\\\\\\\\\\\\\\\\\\\\\\\\\\\\\\\\\\\\\\\\\\\\\\\\\\\\\\\\\\\\\\\\\\\\\\\\\\\\\\\\\\\\\\\\\\\\\\\\\\\\\\\\\\\\\\\\\\\\\\\\\\\\\\\\\\\\\\\\\\\\\\\\\\\\\\\\\\\\\\\\\\\\\\\\\\\\\\\\\\\\\\\\\\\\\\\\\\\\\\\\\\\\\\\\\\\\\\\\\\\\\\\\\\\\\\\\\\\\\\\\\\\\\\\\\\\\\\\\\\\\\\\\\\\\\\\\\\\\\\\\\\\\\\\\\\\\\\\\\\\\\\\\\\\\\\\\\\\\\\\\\\\\\\\\\\\\\\\\\\\\\\\\\\\\\\\\\\\\\\\\\\\\\\\\\\\\\\\\\\\\\\\\\\\\\\\\\\\\\\\\\\\\\\\\\\\\\\\\\\\\\\\\\/en\\\\\\\\\\\\\\\\\\\\\\\\\\\\\\\\\\\\\\\\\\\\\\\\\\\\\\\\\\\\\\\\\\\\\\\\\\\\\\\\\\\\\\\\\\\\\\\\\\\\\\\\\\\\\\\\\\\\\\\\\\\\\\\\\\\\\\\\\\\\\\\\\\\\\\\\\\\\\\\\\\\\\\\\\\\\\\\\\\\\\\\\\\\\\\\\\\\\\\\\\\\\\\\\\\\\\\\\\\\\\\\\\\\\\\\\\\\\\\\\\\\\\\\\\\\\\\\\\\\\\\\\\\\\\\\\\\\\\\\\\\\\\\\\\\\\\\\\\\\\\\\\\\\\\\\\\\\\\\\\\\\\\\\\\\\\\\\\\\\\\\\\\\\\\\\\\\\\\\\\\\\\\\\\\\\\\\\\\\\\\\\\\\\\\\\\\\\\\\\\\\\\\\\\\\\\\\\\\\\\\\\\\\\\\\\\\\\\\\\\\\\\\\\\\\\\\\\\\\\\\\\\\\\\\\\\\\\\\\\\\\\\\\\\\\\\\\\\\\\\\\\\\\\\\\\\\\\\\\\\\\\\\\\\\\\\\\\\\\\\\\\\\\\\\\\\\\\\\\\\\\\\\\\\\\\\\\\\\\\\\\\\\\\\\\\\\\\\\\\\\\\\\\\\\\\\\\\\\\\\\\\\\\\\\\\\\\\\\\\\\\\\\\\\\\\\\\\\\\\\\\\\\\\\\\\\\\\\\\\\\\\\\\\\\\\\\\\\\\\\\\\\\\\\\\\\\\\\\\\\\\\\\\\\\\\\\\\\\\\\\\\\\\\\\\\\\\\\\\\\\\\\\\\\/what-is-invisalign\\\\\\\\\\\\\\\\\\\\\\\\\\\\\\\\\\\\\\\\\\\\\\\\\\\\\\\\\\\\\\\\\\\\\\\\\\\\\\\\\\\\\\\\\\\\\\\\\\\\\\\\\\\\\\\\\\\\\\\\\\\\\\\\\\\\\\\\\\\\\\\\\\\\\\\\\\\\\\\\\\\\\\\\\\\\\\\\\\\\\\\\\\\\\\\\\\\\\\\\\\\\\\\\\\\\\\\\\\\\\\\\\\\\\\\\\\\\\\\\\\\\\\\\\\\\\\\\\\\\\\\\\\\\\\\\\\\\\\\\\\\\\\\\\\\\\\\\\\\\\\\\\\\\\\\\\\\\\\\\\\\\\\\\\\\\\\\\\\\\\\\\\\\\\\\\\\\\\\\\\\\\\\\\\\\\\\\\\\\\\\\\\\\\\\\\\\\\\\\\\\\\\\\\\\\\\\\\\\\\\\\\\\\\\\\\\\\\\\\\\\\\\\\\\\\\\\\\\\\\\\\\\\\\\\\\\\\\\\\\\\\\\\\\\\\\\\\\\\\\\\\\\\\\\\\\\\\\\\\\\\\\\\\\\\\\\\\\\\\\\\\\\\\\\\\\\\\\\\\\\\\\\\\\\\\\\\\\\\\\\\\\\\\\\\\\\\\\\\\\\\\\\\\\\\\\\\\\\\\\\\\\\\\\\\\\\\\\\\\\\\\\\\\\\\\\\\\\\\\\\\\\\\\\\\\\\\\\\\\\\\\\\\\\\\\\\\\\\\\\\\\\\\\\\\\\\\\\\\\\\\\\\\\\\\\\\\\\\\\\\\\\\\\\\\\\\\\\\\\\\\\\\\\\/Pages\\\\\\\\\\\\\\\\\\\\\\\\\\\\\\\\\\\\\\\\\\\\\\\\\\\\\\\\\\\\\\\\\\\\\\\\\\\\\\\\\\\\\\\\\\\\\\\\\\\\\\\\\\\\\\\\\\\\\\\\\\\\\\\\\\\\\\\\\\\\\\\\\\\\\\\\\\\\\\\\\\\\\\\\\\\\\\\\\\\\\\\\\\\\\\\\\\\\\\\\\\\\\\\\\\\\\\\\\\\\\\\\\\\\\\\\\\\\\\\\\\\\\\\\\\\\\\\\\\\\\\\\\\\\\\\\\\\\\\\\\\\\\\\\\\\\\\\\\\\\\\\\\\\\\\\\\\\\\\\\\\\\\\\\\\\\\\\\\\\\\\\\\\\\\\\\\\\\\\\\\\\\\\\\\\\\\\\\\\\\\\\\\\\\\\\\\\\\\\\\\\\\\\\\\\\\\\\\\\\\\\\\\\\\\\\\\\\\\\\\\\\\\\\\\\\\\\\\\\\\\\\\\\\\\\\\\\\\\\\\\\\\\\\\\\\\\\\\\\\\\\\\\\\\\\\\\\\\\\\\\\\\\\\\\\\\\\\\\\\\\\\\\\\\\\\\\\\\\\\\\\\\\\\\\\\\\\\\\\\\\\\\\\\\\\\\\\\\\\\\\\\\\\\\\\\\\\\\\\\\\\\\\\\\\\\\\\\\\\\\\\\\\\\\\\\\\\\\\\\\\\\\\\\\\\\\\\\\\\\\\\\\\\\\\\\\\\\\\\\\\\\\\\\\\\\\\\\\\\\\\\\\\\\\\\\\\\\\\\\\\\\\\\\\\\\\\\\\\\\\\\\\\\\\/What-Is.aspx
page_000093.json,X29245,RTQ90,Let's Talk,1,SRV0339,"NHS psychological therapies services (IAPT), including cognitive behavioural therapy (CBT) ",1,Telephone,0800 073 2200
page_000093.json,X29245,RTQ90,Let's Talk,1,SRV0339,"NHS psychological therapies services (IAPT), including cognitive behavioural therapy (CBT) ",2,PhoneExt,
page_000093.json,X29245,RTQ90,Let's Talk,1,SRV0339,"NHS psychological therapies services (IAPT), including cognitive behavioural therapy (CBT) ",3,Email,letstalk@ghc.nhs.uk
page_000093.json,X29245,RTQ90,Let's Talk,1,SRV0339,"NHS psychological therapies services (IAPT), including cognitive behavioural therapy (CBT) ",4,Website,https://www.ghc.nhs.uk/our-teams-and-services/letstalk/
page_000093.json,X2944,RX4K2,Monkwearmouth Hospital,1,SRV0339,"NHS psychological therapies services (IAPT), including cognitive behavioural therapy (CBT) ",1,Telephone,0191 566 5450
page_000093.json,X2944,RX4K2,Monkwearmouth Hospital,1,SRV0339,"NHS psychological therapies services (IAPT), including cognitive behavioural therapy (CBT) ",2,PhoneExt,
page_000093.json,X2944,RX4K2,Monkwearmouth Hospital,1,SRV0339,"NHS psychological therapies services (IAPT), including cognitive behavioural therapy (CBT) ",3,Email,sunderlandtalkingtherapiesadmin@cntw.nhs.uk
page_000093.json,X2944,RX4K2,Monkwearmouth Hospital,1,SRV0339,"NHS psychological therapies services (IAPT), including cognitive behavioural therapy (CBT) ",4,Website,https://sunderlandtalkingtherapies.co.uk/
page_000093.json,X29684,V007304,Damira Wellum House Dental Practice,1,SRV0087,Braces and other orthodontic treatment,1,Website,https:\\\\\\\\\\\\\\\\\\\\\\\\\\\\\\\\\\\\\\\\\\\\\\\\\\\\\\\\\\\\\\\\\\\\\\\\\\\\\\\\\\\\\\\\\\\\\\\\\\\\\\\\\\\\\\\\\\\\\\\\\\\\\\\\\\\\\\\\\\\\\\\\\\\\\\\\\\\\\\\\\\\\\\\\\\\\\\\\\\\\\\\\\\\\\\\\\\\\\\\\\\\\\\\\\\\\\\\\\\\\\\\\\\\\\\\\\\\\\\\\\\\\\\\\\\\\\\\\\\\\\\\\\\\\\\\\\\\\\\\\\\\\\\\\\\\\\\\\\\\\\\\\\\\\\\\\\\\\\\\\\\\\\\\\\\\\\\\\\\\\\\\\\\\\\\\\\\\\\\\\\\\\\\\\\\\\\\\\\\\\\\\\\\\\\\\\\\\\\\\\\\\\\\\\\\\\\\\\\\\\\\\\\\\\\\\\\\\\\\\\\\\\\\\\\\\\\\\\\\\\\\\\\\\\\\\\\\\\\\\\\\\\\\\\\\\\\\\\\\\\\\\\\\\\\\\\\\\\\\\\\\\\\\\\\\\\\\\\\\\\\\\\\\\\\\\\\\\\\\\\\\\\\\\\\\\\\\\\\\\\\\\\\\\\\\\\\\\\\\\\\\\\\\\\\\\\\\\\\\\\\\\\\\\\\\\\\\\\\\\\\\\\\\\\\\\\\\\\\\\\\\\\\\\\\\\\\\\\\\\\\\\\\\\\\\\\\\\\\\\\\\\\\\\\\\\\\\\\\\\\\\\\\\\\\\\\\\\\\\\\\\\\\\\\\\\\\\\\\\\\\\\\\\\\\\\\\\\\\\\\\\\\\\\\\\\\\\\\\\\\\\\\\\\\\\\\\\\\\\\\\\\\\\\\\\\\\\\\\\\\\\\\\\\\\\\\\\\\\\\\\\\\\\\\\\\\\\\\\\\\\\\\\\\\\\\\\\\\\\\\\\\\\\\\\\\\\\\\\\\\\\\\\\\\\\\\\\\\\\\\\\\\\\\\\\\\\\\\\\\\\\\\\\\\\\\\\\\\\\\\\\\\\\\\\\\\\\\\\\\\\\\\\\\\\\\\\\\\\\\\\\\\\\\\\\\\\\\\\\\\\\\\\\\\\\\\\\\\\\\\\\\\\\\\\\\\\\\\\\\\\\\\\\\\\\\\\\\\\\\\\\\\\\\\\\\\\\\\\\\\\\\\\\\\\\\\\\\\\\\\\\\\\\\\\\\\\\\\\\\\\\\\\\\\\\\\\\\\\\\\\\\\\\\\\\\\\\\\\\\\\\\\\\\\\\\\\\\\\\\\\\\\\\\\\\\\\\\\\\\\\\\\\\\\\\\\\\\\\\\\\\\\\\\\\\\\\\\\\\\\\\\\\\\\\\\\\\\\\\\\\\\\\\\\\\\\\\\\\\\\\\\\\\\\\\\\\\\\\\\\\\\\\\\\\\\\\\\\\\\\\\\\\\\\\\\\\\\\\\\\\\\\\\\\\\\\\\\\\\\\\\\\\\\\\\\\\\\\\\\\\\\\\\\\\\\\\\\\\\\\\\\\\\\\\\\\\\\\\\\\\\\\\\\\\\\\\\\\\\\\\\\\\\\\\\\\\\\\\\\\\\\\\\\\\\\\\\\\\\\\\\\\\\\\\\\\\\\\\\\\\\\\\\\\\\\\\\\\\\\\\\\\\\\\\\\\\\\\\\\\\\\\\\\\\\\\\\\\\\\\\\\\\\\\\\\\\\\\\\\\\\\\\\\\\\\\\\\\\\\\\\\\\\\\\\\\\\\\\\\\\\\\\\\\\\\\\\\\\\\\\\\\\\\\\\\\\\\\\\\\\\\\\\\\\\\\\\\\\\\\\\\\\\\\\\\\\\\\\\\\\\\\\\\\\\\\\\\\\\\\\\\\\\\\\\\\\\\\\\\\\\\\\\\\\\\\\\\\\\\\\\\\\\\\\\\\\\\\\\\\\\\\\\\\\\\\\\\\\\\\\\\\\\\\\\\\\\\\\\\\\\\\\\\\\\\\\\\\\\\\\\\\\\\\\\\\\\\\\\\\\\\\\\\\\\\\\\\\\\\\\\\\\\\\\\\\\\\\\\\\\\\\\\\\\\\\\\\\\\\\\\\\\\\\\\\\\\\\\\\\\\\\\\\\\\\\\\\\\\\\\\\\\\\\\\\\\\\\\\\\\\\\\\\\\\\\\\\\\\\\\\\\\\\\\\\\\\\\\\\\\\\\\\\\\\\\\\\\\\\\\\\\\\\\\\\\\\\\\\\\\\\\\\\\\\\\\\\\\\\\\\\\\\\\\\\\\\\\\\\\\\\\\\\\\\\\\\\\\\\\\\\\\\\\\\\\\\\\\\\\\\\\\\\\\\\\\\\\\\\\\\\\\\\\\\\\\\\\\\\\\\\\\\\\\\\\\\\\\\\\\\\\\\\\\\\\\\\\\\\\\\\\\\\\\\\\\\\\\\\\\\\\\\\\\\\\\\\\\\\\\\\\\\\\\\\\\\\\\\\\\\\\\\\\\\\\\\\\\\\\\\\\\\\\\\\\\\\\\\\\\\\\\\\\\\\\\\\\\\\\\\\\\\\\\\\\\\\\\\\\\\\\\\\\\\\\\\\\\\\\\\\\\\\\\\\\\\\\\\\\\\\\\\\\\\\\\\\\\\\\\\\\\\\\\\\\\\\\\\\\\\\\\\\\\\\\\\\\\\\\\\\\\\\\\\\\\\\\\\\\\\\\\\\\\\\\\\\\\\\\\\\\\\\\\\\\\\\\\\\\\\\\\\\\\\\\\\\\\\\\\\\\\\\\\\\\\\\\\\\\\\\\\\\\\\\\\\\\\\\\\\\\\\\\\\\\\\\\\\\\\\\\\\\\\\\\\\\\\\\\\\\\\\\\\\\\\\\\\\\\\\\\\\\\\\\\\\\\\\\\\\\\\\\\\\\\\\\\\\\\\\\\\\\\\\\\\\\\\\\\\\\\\\\\\\\\\\\\\\\\\\\\\\\\\\\\\\\\\\\\\\\\\\\\\\\\\\\\\\\\\\\\\\\\\\\\\\\\\\\\\\\\\\\\\\\\\\\\\\\\\\\\\\\\\\\\\\\\\\\\\\\\\\\\\\\\\\\\\\\\\\\\\\\\\\\\\\\\\\\\\\\\\\\\\\\\\\\\\\\\\\\\\\\\\\\\\\\\\\\\\\\\\\\\\\\\\\\\\\\\\\\\\\\\\\\\\\\\\\\\\\\\\\\\\\\\\\\\\\\\\\\\\\\\\\\\\\\\\\\\\\\\\\\\\\\\\\\\\\\\\\\\\\\\\\\\\\\\\\\\\\\\\\\\\\\\\\\\\\\\\\\\\\\\\\\\\\\\\\\\\\\\\\\\\\\\\\\\\\\\\\\\\\\\\\\\\\\\\\\\\\\\\\\\\\\\\\\\\\\\\\\\\\\\\\\\\\\\\\\\\\\\\\\\\\\\\\\\\\\\\\\\\\\\\\\\\\\\\\\\\\\\\\\\\\\\\\\\\\\\\\\\\\\\\\\\\\\\\\\\\\\\\\\\\\\\\\\\\\\\\\\\\\\\\\\\\\\\\\\\\\\\\\\\\\\\\\\\\\\\\\\\\\\\\\\\\\\\\\\\\\\\\\\\\\\\\\\\\\\\\\\\\\\\\\\\\\\\\\\\\\\\\\\\\\\\\\\\\\\\\\\\\\\\\\\\\\\\\\\\\\\\\\\\\\\\\\\\\\\\\\\\\\\\\\\\\\\\\\\\\\\\\\\\\\\\\\\\\\\\\\\\\\\\\\\\\\\\\\\\\\\\\\\\\\\\\\\\\\\\\\\\\\\\\\\\\\\\\\\\\\\\\\\\\\\\\\\\\\\\\\\\\\\\\\\\\\\\\\\\\\\\\\\\\\\\\\\\\\\\\\\\\\\\\\\\\\\\\\\\\\\\\\\\\\\\\\\\\\\\\\\\\\\\\\\\\\\\\\\\\\\\\\\\\\\\\\\\\\\\\\\\\\\\\\\\\\\\\\\\\\\\\\\\\\\\\\\\\\\\\\\\\\\\\\\\\\\\\\\\\\\\\\\\\\\\\\\\\\\\\\\\\\\\\\\\\\\\\\\\\\\\\\\\\\\\\\\\\\\\\\\\\\\\\\\\\\\\\\\\\\\\\\\\\\\\\\\\\\\\\\\\\\\\\\\\\\\\\\\\\\\\\\\\\\\\\\\\\\\\\\\\\\\\\\\\\\\\\\\\\\\\\\\\\\\\\\\\\\\\\\\\\\\\\\\\\\\\\\\\\\\\\\\\\\\\\\\\\\\\\\\\\\\\\\\\\\\\\\\\\\\\\\\\\\\\\\\\\\\\\\\\\\\\\\\\\\\\\\\\\\\\\\\\\\\\\\\\\\\\\\\\\\\\\\\\\\\\\\\\\\\\\\\\\\\\\\\\\\\\\\\\\\\\\\\\\\\\\\\\\\\\\\\\\\\\\\\\\\\\\\\\\\\\\\\\\\\\\\\\\\\\\\\\\\\\\\\\\\\\\\\\\\\\\\\\\\\\\\\\\\\\\\\\\\\\\\\\\\\\\\\\\\\\\\\\\\\\\\\\\\\\\\\\\\\\\\\\\\\\\\\\\\\\\\\\\\\\\\\\\\\\\\\\\\\\\\\\\\\\\\\\\\\\\\\\\\\\\\\\\\\\\\\\\\\\\\\\\\\\\\\\\\\\\\\\\\\\\\\\\\\\\\\\\\\\\\\\\\\\\\\\\\\\\\\\\\\\\\\\\\\\\\\\\\\\\\\\\\\\\\\\\\\\\\\\\\\\\\\\\\\\\\\\\\\\\\\\\\\\\\\\\\\\\\\\\\\\\\\\\\\\\\\\\\\\\\\\\\\\\\\\\\\\\\\\\\\\\\\\\\\\\\\\\\\\\\\\\\\\\\\\\\\\\\\\\\\\\\\\\\\\\\\\\\\\\\\\\\\\\\\\\\\\\\\\\\\\\\\\\\\\\\\\\\\\\\\\\\\\\\\\\\\\\\\\\\\\\\\\\\\\\\\\\\\\\\\\\\\\\\\\\\\\\\\\\\\\\\\\\\\\\\\\\\\\\\\\\\\\\\\\\\\\\\\\\\\\\\\\\\\\\\\\\\\\\\\\\\\\\\\\\\\\\\\\\\\\\\\\\\\\\\\\\\\\\\\\\\\\\\\\\\\\\\\\\\\\\\\\\\\\\\\\\\\\\\\\\\\\\\\\\\\\\\\\\\\\\\\\\\\\\\\\\\\\\\\\\\\\\\\\\\\\\\\\\\\\\\\\\\\\\\\\\\\\\\\\\\\\\\\\\\\\\\\\\\\\\\\\\\\\\\\\\\\\\\\\\\\\\\\\\\\\\\\\\\\\\\\\\\\\\\\\\\\\\\\\\\\\\\\\\\\\\\\\\\\\\\\\\\\\\\\\\\\\\\\\\\\\\\\\\\\\\\\\\\\\\\\\\\\\\\\\\\\\\\\\\\\\\\\\\\\\\\\\\\\\\\\\\\\\\\\\\\\\\\\\\\\\\\\\\\\\\\\\\\\\\\\\\\\\\\\\\\\\\\\\\\\\\\\\\\\\\\\\\\\\\\\\\\\\\\\\\\\\\\\\\\\\\\\\\\\\\\\\\\\\\\\\\\\\\\\\\\\\\\\\\\\\\\\\\\\\\\\\\\\\\\\\\\\\\\\\\\\\\\\\\\\\\\\\\\\\\\\\\\\\\\\\\\\\\\\\\\\\\\\\\\\\\\\\\\\\\\\\\\\\\\\\\\\\\\\\\\\\\\\\\\\\\\\\\\\\\\\\\\\\\\\\\\\\\\\\\\\\\\\\\\\\\\\\\\\\\\\\\\\\\\\\\\\\\\\\\\\\\\\\\\\\\\\\\\\\\\\\\\\\\\\\\\\\\\\\\\\\\\\\\\\\\\\\\\\\\\\\\\\\\\\\\\\\\\\\\\\\\\\\\\\\\\\\\\\\\\\\\\\\\\\\\\\\\\\\\\\\\\\\\\\\\\\\\\\\\\\\\\\\\\\\\\\\\\\\\\\\\\\\\\\\\\\\\\\\\\\\\\\\\\\\\\\\\\\\\\\\\\\\\\\\\\\\\\\\\\\\\\\\\\\\\\\\\\\\\\\\\\\\\\\\\\\\\\\\\\\\\\\\\\\\\\\\\\\\\\\\\\\\\\\\\\\\\\\\\\\\\\\\\\\\\\\\\\\\\\\\\\\\\\\\\\\\\\\\\\\\\\\\\\\\\\\\\\\\\\\\\\\\\\\\\\\\\\\\\\\\\\\\\\\\\\\\\\\\\\\\\\\\\\\\\\\\\\\\\\\\\\\\\\\\\\\\\\\\\\\\\\\\\\\\\\\\\\\\\\\\\\\\\\\\\\\\\\\\\\\\\\\\\\\\\\\\\\\\\\\\\\\\\\\\\\\\\\\\\\\\\\\\\\\\\\\\\\\\\\\\\\\\\\\\\\\\\\\\\\\\\\\\\\\\\\\\\\\\\\\\\\\\\\\\\\\\\\\\\\\\\\\\\\\\\\\\\\\\\\\\\\\\\\\\\\\\\\\\\\\\\\\\\\\\\\\\\\\\\\\\\\\\\\\\\\\\\\\\\\\\\\\\\\\\\\\\\\\\\\\\\\\\\\\\\\\\\\\\\\\\\\\\\\\\\\\\\\\\\\\\\\\\\\\\\\\\/\\\\\\\\\\\\\\\\\\\\\\\\\\\\\\\\\\\\\\\\\\\\\\\\\\\\\\\\\\\\\\\\\\\\\\\\\\\\\\\\\\\\\\\\\\\\\\\\\\\\\\\\\\\\\\\\\\\\\\\\\\\\\\\\\\\\\\\\\\\\\\\\\\\\\\\\\\\\\\\\\\\\\\\\\\\\\\\\\\\\\\\\\\\\\\\\\\\\\\\\\\\\\\\\\\\\\\\\\\\\\\\\\\\\\\\\\\\\\\\\\\\\\\\\\\\\\\\\\\\\\\\\\\\\\\\\\\\\\\\\\\\\\\\\\\\\\\\\\\\\\\\\\\\\\\\\\\\\\\\\\\\\\\\\\\\\\\\\\\\\\\\\\\\\\\\\\\\\\\\\\\\\\\\\\\\\\\\\\\\\\\\\\\\\\\\\\\\\\\\\\\\\\\\\\\\\\\\\\\\\\\\\\\\\\\\\\\\\\\\\\\\\\\\\\\\\\\\\\\\\\\\\\\\\\\\\\\\\\\\\\\\\\\\\\\\\\\\\\\\\\\\\\\\\\\\\\\\\\\\\\\\\\\\\\\\\\\\\\\\\\\\\\\\\\\\\\\\\\\\\\\\\\\\\\\\\\\\\\\\\\\\\\\\\\\\\\\\\\\\\\\\\\\\\\\\\\\\\\\\\\\\\\\\\\\\\\\\\\\\\\\\\\\\\\\\\\\\\\\\\\\\\\\\\\\\\\\\\\\\\\\\\\\\\\\\\\\\\\\\\\\\\\\\\\\\\\\\\\\\\\\\\\\\\\\\\\\\\\\\\\\\\\\\\\\\\\\\\\\\\\\\\\\\\\\\\\\\\\\\\\\\\\\\\\\\\\\\\\\\\\\\\\\\\\\\\\\\\\\\\\\\\\\\\\\\\\\\\\\\\\\\\\\\\\\\\\\\\\\\\\\\\\\\\\\\\\\\\\\\\\\\\\\\\\\\\\\\\\\\\\\\\\\\\\\\\\\\\\\\\\\\\\\\\\\\\\\\\\\\\\\\\\\\\\\\\\\\\\\\\\\\\\\\\\\\\\\\\\\\\\\\\\\\\\\\\\\\\\\\\\\\\\\\\\\\\\\\\\\\\\\\\\\\\\\\\\\\\\\\\\\\\\\\\\\\\\\\\\\\\\\\\\\\\\\\\\\\\\\\\\\\\\\\\\\\\\\\\\\\\\\\\\\\\\\\\\\\\\\\\\\\\\\\\\\\\\\\\\\\\\\\\\\\\\\\\\\\\\\\\\\\\\\\\\\\\\\\\\\\\\\\\\\\\\\\\\\\\\\\\\\\\\\\\\\\\\\\\\\\\\\\\\\\\\\\\\\\\\\\\\\\\\\\\\\\\\\\\\\\\\\\\\\\\\\\\\\\\\\\\\\\\\\\\\\\\\\\\\\\\\\\\\\\\\\\\\\\\\\\\\\\\\\\\\\\\\\\\\\\\\\\\\\\\\\\\\\\\\\\\\\\\\\\\\\\\\\\\\\\\\\\\\\\\\\\\\\\\\\\\\\\\\\\\\\\\\\\\\\\\\\\\\\\\\\\\\\\\\\\\\\\\\\\\\\\\\\\\\\\\\\\\\\\\\\\\\\\\\\\\\\\\\\\\\\\\\\\\\\\\\\\\\\\\\\\\\\\\\\\\\\\\\\\\\\\\\\\\\\\\\\\\\\\\\\\\\\\\\\\\\\\\\\\\\\\\\\\\\\\\\\\\\\\\\\\\\\\\\\\\\\\\\\\\\\\\\\\\\\\\\\\\\\\\\\\\\\\\\\\\\\\\\\\\\\\\\\\\\\\\\\\\\\\\\\\\\\\\\\\\\\\\\\\\\\\\\\\\\\\\\\\\\\\\\\\\\\\\\\\\\\\\\\\\\\\\\\\\\\\\\\\\\\\\\\\\\\\\\\\\\\\\\\\\\\\\\\\\\\\\\\\\\\\\\\\\\\\\\\\\\\\\\\\\\\\\\\\\\\\\\\\\\\\\\\\\\\\\\\\\\\\\\\\\\\\\\\\\\\\\\\\\\\\\\\\\\\\\\\\\\\\\\\\\\\\\\\\\\\\\\\\\\\\\\\\\\\\\\\\\\\\\\\\\\\\\\\\\\\\\\\\\\\\\\\\\\\\\\\\\\\\\\\\\\\\\\\\\\\\\\\\\\\\\\\\\\\\\\\\\\\\\\\\\\\\\\\\\\\\\\\\\\\\\\\\\\\\\\\\\\\\\\\\\\\\\\\\\\\\\\\\\\\\\\\\\\\\\\\\\\\\\\\\\\\\\\\\\\\\\\\\\\\\\\\\\\\\\\\\\\\\\\\\\\\\\\\\\\\\\\\\\\\\\\\\\\\\\\\\\\\\\\\\\\\\\\\\\\\\\\\\\\\\\\\\\\\\\\\\\\\\\\\\\\\\\\\\\\\\\\\\\\\\\\\\\\\\\\\\\\\\\\\\\\\\\\\\\\\\\\\\\\\\\\\\\\\\\\\\\\\\\\\\\\\\\\\\\\\\\\\\\\\\\\\\\\\\\\\\\\\\\\\\\\\\\\\\\\\\\\\\\\\\\\\\\\\\\\\\\\\\\\\\\\\\\\\\\\\\\\\\\\\\\\\\\\\\\\\\\\\\\\\\\\\\\\\\\\\\\\\\\\\\\\\\\\\\\\\\\\\\\\\\\\\\\\\\\\\\\\\\\\\\\\\\\\\\\\\\\\\\\\\\\\\\\\\\\\\\\\\\\\\\\\\\\\\\\\\\\\\\\\\\\\\\\\\\\\\\\\\\\\\\\\\\\\\\\\\\\\\\\\\\\\\\\\\\\\\\\\\\\\\\\\\\\\\\\\\\\\\\\\\\\\\\\\\\\\\\\\\\\\\\\\\\\\\\\\\\\\\\\\\\\\\\\\\\\\\\\\\\\\\\\\\\\\\\\\\\\\\\\\\\\\\\\\\\\\\\\\\\\\\\\\\\\\\\\\\\\\\\\\\\\\\\\\\\\\\\\\\\\\\\\\\\\\\\\\\\\\\\\\\\\\\\\\\\\\\\\\\\\\\\\\\\\\\\\\\\\\\\\\\\\\\\\\\\\\\\\\\\\\\\\\\\\\\\\\\\\\\\\\\\\\\\\\\\\\\\\\\\\\\\\\\\\\\\\\\\\\\\\\\\\\\\\\\\\\\\\\\\\\\\\\\\\\\\\\\\\\\\\\\\\\\\\\\\\\\\\\\\\\\\\\\\\\\\\\\\\\\\\\\\\\\\\\\\\\\\\\\\\\\\\\\\\\\\\\\\\\\\\\\\\\\\\\\\\\\\\\\\\\\\\\\\\\\\\\\\\\\\\\\\\\\\\\\\\\\\\\\\\\\\\\\\\\\\\\\\\\\\\\\\\\\\\\\\\\\\\\\\\\\\\\\\\\\\\\\\\\\\\\\\\\\\\\\\\\\\\\\\\\\\\\\\\\\\\\\\\\\\\\\\\\\\\\\\\\\\\\\\\\\\\\\\\\\\\\\\\\\\\\\\\\\\\\\\\\\\\\\\\\\\\\\\\\\\\\\\\\\\\\\\\\\\\\\\\\\\\\\\\\\\\\\\\\\\\\\\\\\\\\\\\\\\\\\\\\\\\\\\\\\\\\\\\\\\\\\\\\\\\\\\\\\\\\\\\\\\\\\\\\\\\\\\\\\\\\\\\\\\\\\\\\\\\\\\\\\\\\\\\\\\\\\\\\\\\\\\\\\\\\\\\\\\\\\\\\\\\\\\\\\\\\\\\\\\\\\\\\\\\\\\\\\\\\\\\\\\\\\\\\\\\\\\\\\\\\\\\\\\\\\\\\\\\\\\\\\\\\\\\\\\\\\\\\\\\\\\\\\\\\\\\\\\\\\\\\\\\\\\\\\\\\\\\\\\\\\\\\\\\\\\\\\\\\\\\\\\\\\\\\\\\\\\\\\\\\\\\\\\\\\\\\\\\\\\\\\\\\\\\\\\\\\\\\\\\\\\\\\\\\\\\\\\\\\\\\\\\\\\\\\\\\\\\\\\\\\\\\\\\\\\\\\\\\\\\\\\\\\\\\\\\\\\\\\\\\\\\\\\\\\\\\\\\\\\\\\\\\\\\\\\\\\\\\\\\\\\\\\\\\\\\\\\\\\\\\\\\\\\\\\\\\\\\\\\\\\\\\\\\\\\\\\\\\\\\\\\\\\\\\\\\\\\\\\\\\\\\\\\\\\\\\\\\\\\\\\\\\\\\\\\\\\\\\\\\\\\\\\\\\\\\\\\\\\\\\\\\\\\\\\\\\\\\\\\\\\\\\\\\\\\\\\\\\\\\\\\\\\\\\\\\\\\\\\\\\\\\\\\\\\\\\\\\\\\\\\\\\\\\\\\\\\\\\\\\\\\\\\\\\\\\\\\\\\\\\\\\\\\\\\\\\\\\\\\\\\\\\\\\\\\\\\\\\\\\\\\\\\\\\\\\\\\\\\\\\\\\\\\\\\\\\\\\\\\\\\\\\\\\\\\\\\\\\\\\\\\\\\\\\\\\\\\\\\\\\\\\\\\\\\\\\\\\\\\\\\\\\\\\\\\\\\\\\\\\\\\\\\\\\\\\\\\\\\\\\\\\\\\\\\\\\\\\\\\\\\\\\\\\\\\\\\\\\\\\\\\\\\\\\\\\\\\\\\\\\\\\\\\\\\\\\\\\\\\\\\\\\\\\\\\\\\\\\\\\\\\\\\\\\\\\\\\\\\\\\\\\\\\\\\\\\\\\\\\\\\\\\\\\\\\\\\\\\\\\\\\\\\\\\\\\\\\\\\\\\\\\\\\\\\\\\\\\\\\\\\\\\\\\\\\\\\\\\\\\\\\\\\\\\\\\\\\\\\\\\\\\\\\\\\\\\\\\\\\\\\\\\\\\\\\\\\\\\\\\\\\\\\\\\\\\\\\\\\\\\\\\\\\\\\\\\\\\\\\\\\\\\\\\\\\\\\\\\\\\\\\\\\\\\\\\\\\\\\\\\\\\\\\\\\\\\\\\\\\\\\\\\\\\\\\\\\\\\\\\\\\\\\\\\\\\\\\\\\\\\\\\\\\\\\\\\\\\\\\\\\\\\\\\\\\\\\\\\\\\\\\\\\\\\\\\\\\\\\\\\\\\\\\\\\\\\\\\\\\\\\\\\\\\\\\\\\\\\\\\\\\\\\\\\\\\\\\\\\\\\\\\\\\\\\\\\\\\\\\\\\\\\\\\\\\\\\\\\\\\\\\\\\\\\\\\\\\\\\\\\\\\\\\\\\\\\\\\\\\\\\\\\\\\\\\\\\\\\\\\\\\\\\\\\\\\\\\\\\\\\\\\\\\\\\\\\\\\\\\\\\\\\\\\\\\\\\\\\\\\\\\\\\\\\\\\\\\\\\\\\\\\\\\\\\\\\\\\\\\\\\\\\\\\\\\\\\\\\\\\\\\\\\\\\\\\\\\\\\\\\\\\\\\\\\\\\\\\\\\\\\\\\\\\\\\\\\\\\\\\\\\\\\\\\\\\\\\\\\\\\\\\\\\\\\\\\\\\\\\\\\\\\\\\\\\\\\\\\\\\\\\\\\\\\\\\\\\\\\\\\\\\\\\\\\\\\\\\\\\\\\\\\\\\\\\\\\\\\\\\\\\\\\\\\\\\\\\\\\\\\\\\\\\\\\\\\\\\\\\\\\\\\\\\\\\\\\\\\\\\\\\\\\\\\\\\\\\\\\\\\\\\\\\\\\\\\\\\\\\\\\\\\\\\\\\\\\\\\\\\\\\\\\\\\\\\\\\\\\\\\\\\\\\\\\\\\\\\\\\\\\\\\\\\\\\\\\\\\\\\\\\\\\\\\\\\\\\\\\\\\\\\\\\\\\\\\\\\\\\\\\\\\\\\\\\\\\\\\\\\\\\\\\\\\\\\\\\\\\\\\\\\\\\\\\\\\\\\\\\\\\\\\\\\\\\\\\\\\\\\\\\\\\\\\\\\\\\\\\\\\\\\\\\\\\\\\\\\\\\\\\\\\\\\\\\\\\\\\\\\\\\\\\\\\\\\\\\\\\\\\\\\\\\\\\\\\\\\\\\\\\\\\\\\\\\\\\\\\\\\\\\\\\\\\\\\\\\\\\\\\\\\\\\\\\\\\\\\\\\\\\\\\\\\\\\\\\\\\\\\\\\\\\\\\\\\\\\\\\\\\\\\\\\\\\\\\\\\\\\\\\\\\\\\\\\\\\\\\\\\\\\\\\\\\\\\\\\\\\\\\\\\\\\\\\\\\\\\\\\\\\\\\\\\\\\\\\\\\\\\\\\\\\\\\\\\\\\\\\\\\\\\\\\\\\\\\\\\\\\\\\\\\\\\\\\\\\\\\\\\\\\\\\\\\\\\\\\\\\\\\\\\\\\\\\\\\\\\\\\\\\\\\\\\\\\\\\\\\\\\\\\\\\\\\\\\\\\\\\\\\\\\\\\\\\\\\\\\\\\\\\\\\\\\\\\\\\\\\\\\\\\\\\\\\\\\\\\\\\\\\\\\\\\\\\\\\\\\\\\\\\\\\\\\\\\\\\\\\\\\\\\\\\\\\\\\\\\\\\\\\\\\\\\\\\\\\\\\\\\\\\\\\\\\\\\\\\\\\\\\\\\\\\\\\\\\\\\\\\\\\\\\\\\\\\\\\\\\\\\\\\\\\\\\\\\\\\\\\\\\\\\\\\\\\\\\\\\\\\\\\\\\\\\\\\\\\\\\\\\\\\\\\\\\/damiradental.co.uk\\\\\\\\\\\\\\\\\\\\\\\\\\\\\\\\\\\\\\\\\\\\\\\\\\\\\\\\\\\\\\\\\\\\\\\\\\\\\\\\\\\\\\\\\\\\\\\\\\\\\\\\\\\\\\\\\\\\\\\\\\\\\\\\\\\\\\\\\\\\\\\\\\\\\\\\\\\\\\\\\\\\\\\\\\\\\\\\\\\\\\\\\\\\\\\\\\\\\\\\\\\\\\\\\\\\\\\\\\\\\\\\\\\\\\\\\\\\\\\\\\\\\\\\\\\\\\\\\\\\\\\\\\\\\\\\\\\\\\\\\\\\\\\\\\\\\\\\\\\\\\\\\\\\\\\\\\\\\\\\\\\\\\\\\\\\\\\\\\\\\\\\\\\\\\\\\\\\\\\\\\\\\\\\\\\\\\\\\\\\\\\\\\\\\\\\\\\\\\\\\\\\\\\\\\\\\\\\\\\\\\\\\\\\\\\\\\\\\\\\\\\\\\\\\\\\\\\\\\\\\\\\\\\\\\\\\\\\\\\\\\\\\\\\\\\\\\\\\\\\\\\\\\\\\\\\\\\\\\\\\\\\\\\\\\\\\\\\\\\\\\\\\\\\\\\\\\\\\\\\\\\\\\\\\\\\\\\\\\\\\\\\\\\\\\\\\\\\\\\\\\\\\\\\\\\\\\\\\\\\\\\\\\\\\\\\\\\\\\\\\\\\\\\\\\\\\\\\\\\\\\\\\\\\\\\\\\\\\\\\\\\\\\\\\\\\\\\\\\\\\\\\\\\\\\\\\\\\\\\\\\\\\\\\\\\\\\\\\\\\\\\\\\\\\\\\\\\\\\\\\\\\\\\\\\\\\\\\\\\\\\\\\\\\\\\\\\\\\\\\\\\\\\\\\\\\\\\\\\\\\\\\\\\\\\\\\\\\\\\\\\\\\\\\\\\\\\\\\\\\\\\\\\\\\\\\\\\\\\\\\\\\\\\\\\\\\\\\\\\\\\\\\\\\\\\\\\\\\\\\\\\\\\\\\\\\\\\\\\\\\\\\\\\\\\\\\\\\\\\\\\\\\\\\\\\\\\\\\\\\\\\\\\\\\\\\\\\\\\\\\\\\\\\\\\\\\\\\\\\\\\\\\\\\\\\\\\\\\\\\\\\\\\\\\\\\\\\\\\\\\\\\\\\\\\\\\\\\\\\\\\\\\\\\\\\\\\\\\\\\\\\\\\\\\\\\\\\\\\\\\\\\\\\\\\\\\\\\\\\\\\\\\\\\\\\\\\\\\\\\\\\\\\\\\\\\\\\\\\\\\\\\\\\\\\\\\\\\\\\\\\\\\\\\\\\\\\\\\\\\\\\\\\\\\\\\\\\\\\\\\\\\\\\\\\\\\\\\\\\\\\\\\\\\\\\\\\\\\\\\\\\\\\\\\\\\\\\\\\\\\\\\\\\\\\\\\\\\\\\\\\\\\\\\\\\\\\\\\\\\\\\\\\\\\\\\\\\\\\\\\\\\\\\\\\\\\\\\\\\\\\\\\\\\\\\\\\\\\\\\\\\\\\\\\\\\\\\\\\\\\\\\\\\\\\\\\\\\\\\\\\\\\\\\\\\\\\\\\\\\\\\\\\\\\\\\\\\\\\\\\\\\\\\\\\\\\\\\\\\\\\\\\\\\\\\\\\\\\\\\\\\\\\\\\\\\\\\\\\\\\\\\\\\\\\\\\\\\\\\\\\\\\\\\\\\\\\\\\\\\\\\\\\\\\\\\\\\\\\\\\\\\\\\\\\\\\\\\\\\\\\\\\\\\\\\\\\\\\\\\\\\\\\\\\\\\\\\\\\\\\\\\\\\\\\\\\\\\\\\\\\\\\\\\\\\\\\\\\\\\\\\\\\\\\\\\\\\\\\\\\\\\\\\\\\\\\\\\\\\\\\\\\\\\\\\\\\\\\\\\\\\\\\\\\\\\\\\\\\\\\\\\\\\\\\\\\\\\\\\\\\\\\\\\\\\\\\\\\\\\\\\\\\\\\\\\\\\\\\\\\\\\\\\\\\\\\\\\\\\\\\\\\\\\\\\\\\\\\\\\\\\\\\\\\\\\\\\\\\\\\\\\\\\\\\\\\\\\\\\\\\\\\\\\\\\\\\\\\\\\\\\\\\\\\\\\\\\\\\\\\\\\\\\\\\\\\\\\\\\\\\\\\\\\\\\\\\\\\\\\\\\\\\\\\\\\\\\\\\\\\\\\\\\\\\\\\\\\\\\\\\\\\\\\\\\\\\\\\\\\\\\\\\\\\\\\\\\\\\\\\\\\\\\\\\\\\\\\\\\\\\\\\\\\\\\\\\\\\\\\\\\\\\\\\\\\\\\\\\\\\\\\\\\\\\\\\\\\\\\\\\\\\\\\\\\\\\\\\\\\\\\\\\\\\\\\\\\\\\\\\\\\\\\\\\\\\\\\\\\\\\\\\\\\\\\\\\\\\\\\\\\\\\\\\\\\\\\\\\\\\\\\\\\\\\\\\\\\\\\\\\\\\\\\\\\\\\\\\\\\\\\\\\\\\\\\\\\\\\\\\\\\\\\\\\\\\\\\\\\\\\\\\\\\\\\\\\\\\\\\\\\\\\\\\\\\\\\\\\\\\\\\\\\\\\\\\\\\\\\\\\\\\\\\\\\\\\\\\\\\\\\\\\\\\\\\\\\\\\\\\\\\\\\\\\\\\\\\\\\\\\\\\\\\\\\\\\\\\\\\\\\\\\\\\\\\\\\\\\\\\\\\\\\\\\\\\\\\\\\\\\\\\\\\\\\\\\\\\\\\\\\\\\\\\\\\\\\\\\\\\\\\\\\\\\\\\\\\\\\\\\\\\\\\\\\\\\\\\\\\\\\\\\\\\\\\\\\\\\\\\\\\\\\\\\\\\\\\\\\\\\\\\\\\\\\\\\\\\\\\\\\\\\\\\\\\\\\\\\\\\\\\\\\\\\\\\\\\\\\\\\\\\\\\\\\\\\\\\\\\\\\\\\\\\\\\\\\\\\\\\\\\\\\\\\\\\\\\\\\\\\\\\\\\\\\\\\\\\\\\\\\\\\\\\\\\\\\\\\\\\\\\\\\\\\\\\\\\\\\\\\\\\\\\\\\\\\\\\\\\\\\\\\\\\\\\\\\\\\\\\\\\\\\\\\\\\\\\\\\\\\\\\\\\\\\\\\\\\\\\\\\\\\\\\\\\\\\\\\\\\\\\\\\\\\\\\\\\\\\\\\\\\\\\\\\\\\\\\\\\\\\\\\\\\\\\\\\\\\\\\\\\\\\\\\\\\\\\\\\\\\\\\\\\\\\\\\\\\\\\\\\\\\\\\\\\\\\\\\\\\\\\\\\\\\\\\\\\\\\\\\\\\\\\\\\\\\\\\\\\\\\\\\\\\\\\\\\\\\\\\\\\\\\\\\\\\\\\\\\\\\\\\\\\\\\\\\\\\\\\\\\\\\\\\\\\\\\\\\\\\\\\\\\\\\\\\\\\\\\\\\\\\\\\\\\\\\\\\\\\\\\\\\\\\\\\\\\\\\\\\\\\\\\\\\\\\\\\\\\\\\\\\\\\\\\\\\\\\\\\\\\\\\\\\\\\\\\\\\\\\\\\\\\\\\\\\\\\\\\\\\\\\\\\\\\\\\\\\\\\\\\\\\\\\\\\\\\\\\\\\\\\\\\\\\\\\\\\\\\\\\\\\\\\\\\\\\\\\\\\\\\\\\\\\\\\\\\\\\\\\\\\\\\\\\\\\\\\\\\\\\\\\\\\\\\\\\\\\\\\\\\\\\\\\\\\\\\\\\\\\\\\\\\\\\\\\\\\\\\\\\\\\\\\\\\\\\\\\\\\\\\\\\\\\\\\\\\\\\\\\\\\\\\\\\\\\\\\\\\\\\\\\\\\\\\\\\\\\\\\\\\\\\\\\\\\\\\\\\\\\\\\\\\\\\\\\\\\\\\\\\\\\\\\\\\\\\\\\\\\\\\\\\\\\\\\\\\\\\\\\\\\\\\\\\\\\\\\\\\\\\\\\\\\\\\\\\\\\\\\\\\\\\\\\\\\\\\\\\\\\\\\\\\\\\\\\\\\\\\\\\\\\\\\\\\\\\\\\\\\\\\\\\\\\\\\\\\\\\\\\\\\\\\\\\\\\\\\\\\\\\\\\\\\\\\\\\\\\\\\\\\\\\\\\\\\\\\\\\\\\\\\\\\\\\\\\\\\\\\\\\\\\\\\\\\\\\\\\\\\\\\\\\\\\\\\\\\\\\\\\\\\\\\\\\\\\\\\\\\\\\\\\\\\\\\\\\\\\\\\\\\\\\\\\\\\\\\\\\\\\\\\\\\\\\\\\\\\\\\\\\\\\\\\\\\\\\\\\\\\\\\\\\\\\\\\\\\\\\\\\\\\\\\\\\\\\\\\\\\\\\\\\\\\\\\\\\\\\\\\\\\\\\\\\\\\\\\\\\\\\\\\\\\\\\\\\\\\\\\\\\\\\\\\\\\\\\\\\\\\\\\\\\\\\\\\\\\\\\\\\\\\\\\\\\\\\\\\\\\\\\\\\\\\\\\\\\\\\\\\\\\\\\\\\\\\\\\\\\\\\\\\\\\\\\\\\\\\\\\\\\\\\\\\\\\\\\\\\\\\\\\\\\\\\\\\\\\\\\\\\\\\\\\\\\\\\\\\\\\\\\\\\\\\\\\\\\\\\\\\\\\\\\\\\\\\\\\\\\\\\\\\\\\\\\\\\\\\\\\\\\\\\\\\\\\\\\\\\\\\\\\\\\\\\\\\\\\\\\\\\\\\\\\\\\\\\\\\\\\\\\\\\\\\\\\\\\\\\\\\\\\\\\\\\\\\\\\\\\\\\\\\\\\\\\\\\\\\\\\\\\\\\\\\\\\\\\\\\\\\\\\\\\\\\\\\\\\\\\\\\\\\\\\\\\\\\\\\\\\\\\\\\\\\\\\\\\\\\\\\\\\\\\\\\\\\\\\\\\\\\\\\\\\\\\\\\\\\\\\\\\\\\\\\\\\\\\\\\\\\\\\\\\\\\\\\\\\\\\\\\\\\\\\\\\\\\\\\\\\\\\\\\\\\\\\\\\\\\\\\\\\\\\\\\\\\\\\\\\\\\\\\\\\\\\\\\\\\\\\\\\\\\\\\\\\\\\\\\\\\\\\\\\\\\\\\\\\\\\\\\\\\\\\\\\\\\\\\\\\\\\\\\\\\\\\\\\\\\\\\\\\\\\\\\\\\\\\\\\\\\\\\\\\\\\\\\\\\\\\\\\\\\\\\\\\\\\\\\\\\\\\\\\\\\\\\\\\\\\\\\\\\\\\\\\\\\\\\\\\\\\\\\\\\\\\\\\\\\\\\\\\\\\\\\\\\\\\\\\\\\\\\\\\\\\\\\\\\\\\\\\\\\\\\\\\\\\\\\\\\\\\\\\\\\\\\\\\\\\\\\\\\\\\\\\\\\\\\\\\\\\\\\\\\\\\\\\\\\\\\\\\\\\\\\\\\\\\\\\\\\\\\\\\\\\\\\\\\\\\\\\\\\\\\\\\\\\\\\\\\\\\\\\\\\\\\\\\\\\\\\\\\\\\\\\\\\\\\\\\\\\\\\\\\\\\\\\\\\\\\\\\\\\\\\\\\\\\\\\\\\\\\\\\\\\\\\\\\\\\\\\\\\\\\\\\\\\\\\\\\\\\\\\\\\\\\\\\\\\\\\\\\\\\\\\\\\\\\\\\\\\\\\\\\\\\\\\\\\\\\\\\\\\\\\\\\\\\\\\\\\\\\\\\\\\\\\\\\\\\\\\\\\\\\\\\\\\\\\\\\\\\\\\\\\\\\\\\\\\\\\\\\\\\\\\\\\\\\\\\\\\\\\\\\\\\\\\\\\\\\\\\\\\\\\\\\\\\\\\\\\\\\\\\\\\\\\\\\\\\\\\\\\\\\\\\\\\\\\\\\\\\\\\\\\\\\\\\\\\\\\\\\\\\\\\\\\\\\\\\\\\\\\\\\\\\\\\\\\\\\\\\\\\\\\\\\\\\\\\\\\\\\\\\\\\\\\\\\\\\\\\\\\\\\\\\\\\\\\\\\\\\\\\\\\\\\\\\\\\\\\\\\\\\\\\\\\\\\\\\\\\\\\\\\\\\\\\\\\\\\\\\\\\\\\\\\\\\\\\\\\\\\\\\\\\\\\\\\\\\\\\\\\\\\\\\\\\\\\\\\\\\\\\\\\\\\\\\\\\\\\\\\\\\\\\\\\\\\\\\\\\\\\\\\\\\\\\\\\\\\\\\\\\\\\\\\\\\\\\\\\\\\\\\\\\\\\\\\\\\\\\\\\\\\\\\\\\\\\\\\\\\\\\\\\\\\\\\\\\\\\\\\\\\\\\\\\\\\\\\\\\\\\\\\\\\\\\\\\\\\\\\\\\\\\\\\\\\\\\\\\\\\\\\\\\\\\\\\\\\\\\\\\\\\\\\\\\\\\\\\\\\\\\\\\\\\\\\\\\\\\\\\\\\\\\\\\\\\\\\\\\\\\\\\\\\\\\\\\\\\\\\\\\\\\\\\\\\\\\\\\\\\\\\\\\\\\\\\\\\\\\\\\\\\\\\\\\\\\\\\\\\\\\\\\\\\\\\\\\\\\\\\\\\\\\\\\\\\\\\\\\\\\\\\\\\\\\\\\\\\\\\\\\\\\\\\\\\\\\\\\\\\\\\\\\\\\\\\\\\\\\\\\\\\\\\\\\\\\\\\\\\\/practice\\\\\\\\\\\\\\\\\\\\\\\\\\\\\\\\\\\\\\\\\\\\\\\\\\\\\\\\\\\\\\\\\\\\\\\\\\\\\\\\\\\\\\\\\\\\\\\\\\\\\\\\\\\\\\\\\\\\\\\\\\\\\\\\\\\\\\\\\\\\\\\\\\\\\\\\\\\\\\\\\\\\\\\\\\\\\\\\\\\\\\\\\\\\\\\\\\\\\\\\\\\\\\\\\\\\\\\\\\\\\\\\\\\\\\\\\\\\\\\\\\\\\\\\\\\\\\\\\\\\\\\\\\\\\\\\\\\\\\\\\\\\\\\\\\\\\\\\\\\\\\\\\\\\\\\\\\\\\\\\\\\\\\\\\\\\\\\\\\\\\\\\\\\\\\\\\\\\\\\\\\\\\\\\\\\\\\\\\\\\\\\\\\\\\\\\\\\\\\\\\\\\\\\\\\\\\\\\\\\\\\\\\\\\\\\\\\\\\\\\\\\\\\\\\\\\\\\\\\\\\\\\\\\\\\\\\\\\\\\\\\\\\\\\\\\\\\\\\\\\\\\\\\\\\\\\\\\\\\\\\\\\\\\\\\\\\\\\\\\\\\\\\\\\\\\\\\\\\\\\\\\\\\\\\\\\\\\\\\\\\\\\\\\\\\\\\\\\\\\\\\\\\\\\\\\\\\\\\\\\\\\\\\\\\\\\\\\\\\\\\\\\\\\\\\\\\\\\\\\\\\\\\\\\\\\\\\\\\\\\\\\\\\\\\\\\\\\\\\\\\\\\\\\\\\\\\\\\\\\\\\\\\\\\\\\\\\\\\\\\\\\\\\\\\\\\\\\\\\\\\\\\\\\\\\\\\\\\\\\\\\\\\\\\\\\\\\\\\\\\\\\\\\\\\\\\\\\\\\\\\\\\\\\\\\\\\\\\\\\\\\\\\\\\\\\\\\\\\\\\\\\\\\\\\\\\\\\\\\\\\\\\\\\\\\\\\\\\\\\\\\\\\\\\\\\\\\\\\\\\\\\\\\\\\\\\\\\\\\\\\\\\\\\\\\\\\\\\\\\\\\\\\\\\\\\\\\\\\\\\\\\\\\\\\\\\\\\\\\\\\\\\\\\\\\\\\\\\\\\\\\\\\\\\\\\\\\\\\\\\\\\\\\\\\\\\\\\\\\\\\\\\\\\\\\\\\\\\\\\\\\\\\\\\\\\\\\\\\\\\\\\\\\\\\\\\\\\\\\\\\\\\\\\\\\\\\\\\\\\\\\\\\\\\\\\\\\\\\\\\\\\\\\\\\\\\\\\\\\\\\\\\\\\\\\\\\\\\\\\\\\\\\\\\\\\\\\\\\\\\\\\\\\\\\\\\\\\\\\\\\\\\\\\\\\\\\\\\\\\\\\\\\\\\\\\\\\\\\\\\\\\\\\\\\\\\\\\\\\\\\\\\\\\\\\\\\\\\\\\\\\\\\\\\\\\\\\\\\\\\\\\\\\\\\\\\\\\\\\\\\\\\\\\\\\\\\\\\\\\\\\\\\\\\\\\\\\\\\\\\\\\\\\\\\\\\\\\\\\\\\\\\\\\\\\\\\\\\\\\\\\\\\\\\\\\\\\\\\\\\\\\\\\\\\\\\\\\\\\\\\\\\\\\\\\\\\\\\\\\\\\\\\\\\\\\\\\\\\\\\\\\\\\\\\\\\\\\\\\\\\\\\\\\\\\\\\\\\\\\\\\\\\\\\\\\\\\\\\\\\\\\\\\\\\\\\\\\\\\\\\\\\\\\\\\\\\\\\\\\\\\\\\\\\\\\\\\\\\\\\\\\\\\\\\\\\\\\\\\\\\\\\\\\\\\\\\\\\\\\\\\\\\\\\\\\\\\\\\\\\\\\\\\\\\\\\\\\\\\\\\\\\\\\\\\\\\\\\\\\\\\\\\\\\\\\\\\\\\\\\\\\\\\\\\\\\\\\\\\\\\\\\\\\\\\\\\\\\\\\\\\\\\\\\\\\\\\\\\\\\\\\\\\\\\\\\\\\\\\\\\\\\\\\\\\\\\\\\\\\\\\\\\\\\\\\\\\\\\\\\\\\\\\\\\\\\\\\\\\\\\\\\\\\\\\\\\\\\\\\\\\\\\\\\\\\\\\\\\\\\\\\\\\\\\\\\\\\\\\\\\\\\\\\\\\\\\\\\\\\\\\\\\\\\\\\\\\\\\\\\\\\\\\\\\\\\\\\\\\\\\\\\\\\\\\\\\\\\\\\\\\\\\\\\\\\\\\\\\\\\\\\\\\\\\\\\\\\\\\\\\\\\\\\\\\\\\\\\\\\\\\\\\\\\\\\\\\\\\\\\\\\\\\\\\\\\\\\\\\\\\\\\\\\\\\\\\\\\\\\\\\\\\\\\\\\\\\\\\\\\\\\\\\\\\\\\\\\\\\\\\\\\\\\\\\\\\\\\\\\\\\\\\\\\\\\\\\\\\\\\\\\\\\\\\\\\\\\\\\\\\\\\\\\\\\\\\\\\\\\\\\\\\\\\\\\\\\\\\\\\\\\\\\\\\\\\\\\\\\\\\\\\\\\\\\\\\\\\\\\\\\\\\\\\\\\\\\\\\\\\\\\\\\\\\\\\\\\\\\\\\\\\\\\\\\\\\\\\\\\\\\\\\\\\\\\\\\\\\\\\\\\\\\\\\\\\\\\\\\\\\\\\\\\\\\\\\\\\\\\\\\\\\\\\\\\\\\\\\\\\\\\\\\\\\\\\\\\\\\\\\\\\\\\\\\\\\\\\\\\\\\\\\\\\\\\\\\\\\\\\\\\\\\\\\\\\\\\\\\\\\\\\\\\\\\\\\\\\\\\\\\\\\\\\\\\\\\\\\\\\\\\\\\\\\\\\\\\\\\\\\\\\\\\\\\\\\\\\\\\\\\\\\\\\\\\\\\\\\\\\\\\\\\\\\\\\\\\\\\\\\\\\\\\\\\\\\\\\\\\\\\\\\\\\\\\\\\\\\\\\\\\\\\\\\\\\\\\\\\\\\\\\\\\\\\\\\\\\\\\\\\\\\\\\\\\\\\\\\\\\\\\\\\\\\\\\\\\\\\\\\\\\\\\\\\\\\\\\\\\\\\\\\\\\\\\\\\\\\\\\\\\\\\\\\\\\\\\\\\\\\\\\\\\\\\\\\\\\\\\\\\\\\\\\\\\\\\\\\\\\\\\\\\\\\\\\\\\\\\\\\\\\\\\\\\\\\\\\\\\\\\\\\\\\\\\\\\\\\\\\\\\\\\\\\\\\\\\\\\\\\\\\\\\\\\\\\\\\\\\\\\\\\\\\\\\\\\\\\\\\\\\\\\\\\\\\\\\\\\\\\\\\\\\\\\\\\\\\\\\\\\\\\\\\\\\\\\\\\\\\\\\\\\\\\\\\\\\\\\\\\\\\\\\\\\\\\\\\\\\\\\\\\\\\\\\\\\\\\\\\\\\\\\\\\\\\\\\\\\\\\\\\\\\\\\\\\\\\\\\\\\\\\\\\\\\\\\\\\\\\\\\\\\\\\\\\\\\\\\\\\\\\\\\\\\\\\\\\\\\\\\\\\\\\\\\\\\\\\\\\\\\\\\\\\\\\\\\\\\\\\\\\\\\\\\\\\\\\\\\\\\\\\\\\\\\\\\\\\\\\\\\\\\\\\\\\\\\\\\\\\\\\\\\\\\\\\\\\\\\\\\\\\\\\\\\\\\\\\\\\\\\\\\\\\\\\\\\\\\\\\\\\\\\\\\\\\\\\\\\\\\\\\\\\\\\\\\\\\\\\\\\\\\\\\\\\\\\\\\\\\\\\\\\\\\\\\\\\\\\\\\\\\\\\\\\\\\\\\\\\\\\\\\\\\\\\\\\\\\\\\\\\\\\\\\\\\\\\\\\\\\\\\\\\\\\\\\\\\\\\\\\\\\\\\\\\\\\\\\\\\\\\\\\\\\\\\\\\\\\\\\\\\\\\\\\\\\\\\\\\\\\\\\\\\\\\\\\\\\\\\\\\\\\\\\\\\\\\\\\\\\\\\\\\\\\\\\\\\\\\\\\\\\\\\\\\\\\\\\\\\\\\\\\\\\\\\\\\\\\\\\\\\\\\\\\\\\\\\\\\\\\\\\\\\\\\\\\\\\\\\\\\\\\\\\\\\\\\\\\\\\\\\\\\\\\\\\\\\\\\\\\\\\\\\\\\\\\\\\\\\\\\\\\\\\\\\\\\\\\\\\\\\\\\\\\\\\\\\\\\\\\\\\\\\\\\\\\\\\\\\\\\\\\\\\\\\\\\\\\\\\\\\\\\\\\\\\\\\\\\\\\\\\\\\\\\\\\\\\\\\\\\\\\\\\\\\\\\\\\\\\\\\\\\\\\\\\\\\\\\\\\\\\\\\\\\\\\\\\\\\\\\\\\\\\\\\\\\\\\\\\\\\\\\\\\\\\\\\\\\\\\\\\\\\\\\\\\\\\\\\\\\\\\\\\\\\\\\\\\\\\\\\\\\\\\\\\\\\\\\\\\\\\\\\\\\\\\\\\\\\\\\\\\\\\\\\\\\\\\\\\\\\\\\\\\\\\\\\\\\\\\\\\\\\\\\\\\\\\\\\\\\\\\\\\\\\\\\\\\\\\\\\\\\\\\\\\\\\\\\\\\\\\\\\\\\\\\\\\\\\\\\\\\\\\\\\\\\\\\\\\\\\\\\\\\\\\\\\\\\\\\\\\\\\\\\\\\\\\\\\\\\\\\\\\\\\\\\\\\\\\\\\\\\\\\\\\\\\\\\\\\\\\\\\\\\\\\\\\\\\\\\\\\\\\\\\\\\\\\\\\\\\\\\\\\\\\\\\\\\\\\\\\\\\\\\\\\\\\\\\\\\\\\\\\\\\\\\\\\\\\\\\\\\\\\\\\\\\\\\\\\\\\\\\\\\\\\\\\\\\\\\\\\\\\\\\\\\\\\\\\\\\\\\\\\\\\\\\\\\\\\\\\\\\\\\\\\\\\\\\\\\\\\\\\\\\\\\\\\\\\\\\\\\\\\\\\\\\\\\\\\\\\\\\\\\\\\\\\\\\\\\\\\\\\\\\\\\\\\\\\\\\\\\\\\\\\\\\\\\\\\\\\\\\\\\\\\\\\\\\\\\\\\\\\\\\\\\\\\\\\\\\\\\\\\\\\\\\\\\\\\\\\\\\\\\\\\\\\\\\\\\\\\\\\\\\\\\\\\\\\\\\\\\\\\\\\\\\\\\\\\\\\\\\\\\\\\\\\\\\\\\\\\\\\\\\\\\\\\\\\\\\\\\\\\\\\\\\\\\\\\\\\\\\\\\\\\\\\\\\\\\\\\\\\\\\\\\\\\\\\\\\\\\\\\\\\\\\\\\\\\\\\\\\\\\\\\\\\\\\\\\\\\\\\\\\\\\\\\\\\\\\\\\\\\\\\\\\\\\\\\\\\\\\\\\\\\\\\\\\\\\\\\\\\\\\\\\\\\\\\\\\\\\\\\\\\\\\\\\\\\\\\\\\\\\\\\\\\\\\\\\\\\\\\\\\\\\\\\\\\\\\\\\\\\\\\\\\\\\\\\\\\\\\\\\\\\\\\\\\\\\\\\\\\\\\\\\\\\\\\\\\\\\\\\\\\\\\\\\\\\\\\\\\\\\\\\\\\\\\\\\\\\\\\\\\\\\\\\\\\\\\\\\\\\\\\\\\\\\\\\\\\\\\\\\\\\\\\\\\\\\\\\\\\\\\\\\\\\\\\\\\\\\\\\\\\\\\\\\\\\\\\\\\\\\\\\\\\\\\\\\\\\\\\\\\\\\\\\\\\\\\\\\\\\\\\\\\\\\\\\\\\\\\\\\\\\\\\\\\\\\\\\\\\\\\\\\\\\\\\\\\\\\\\\\\\\\\\\\\\\\\\\\\\\\\\\\\\\\\\\\\\\\\\\\\\\\\\\\\\\\\\\\\\\\\\\\\\\\\\\\\\\\\\\\\\\\\\\\\\\\\\\\\\\\\\\\\\\\\\\\\\\\\\\\\\\\\\\\\\\\\\\\\\\\\\\\\\\\\\\\\\\\\\\\\\\\\\\\\\\\\\\\\\\\\\\\\\\\\\\\\\\\\\\\\\\\\\\\\\\\\\\\\\\\\\\\\\\\\\\\\\\\\\\\\\\\\\\\\\\\\\\\\\\\\\\\\\\\\\\\\\\\\\\\\\\\\\\\\\\\\\\\\\\\\\\\\\\\\\\\\\\\\\\\\\\\\\\\\\\\\\\\\\\\\\\\\\\\\\\\\\\\\\\\\\\\\\\\\\\\\\\\\\\\\\\\\\\\\\\\\\\\\\\\\\\\\\\\\\\\\\\\\\\\\\\\\\\\\\\\\\\\\\\\\\\\\\\\\\\\\\\\\\\\\\\\\\\\\\\\\\\\\\\\\\\\\\\\\\\\\\\\\\\\\\\\\\\\\\\\\\\\\\\\\\\\\\\\\\\\\\\\\\\\\\\\\\\\\\\\\\\\\\\\\\\\\\\\\\\\\\\\\\\\\\\\\\\\\\\\\\\\\\\\\\\\\\\\\\\\\\\\\\\\\\\\\\\\\\\\\\\\\\\\\\\\\\\\\\\\\\\\\\\\\\\\\\\\\\\\\\\\\\\\\\\\\\\\\\\\\\\\\\\\\\\\\\\\\\\\\\\\\\\\\\\\\\\\\\\\\\\\\\\\\\\\\\\\\\\\\\\\\\\\\\\\\\\\\\\\\\\\\\\\\\\\\\\\\\\\/wellum-house-hampshire
page_000094.json,X30117,V010192,Damira Eclipse Dental Practice,1,SRV0087,Braces and other orthodontic treatment,1,Website,https:\\\\\\\\\\\\\\\\\\\\\\\\\\\\\\\\\\\\\\\\\\\\\\\\\\\\\\\\\\\\\\\\\\\\\\\\\\\\\\\\\\\\\\\\\\\\\\\\\\\\\\\\\\\\\\\\\\\\\\\\\\\\\\\\\\\\\\\\\\\\\\\\\\\\\\\\\\\\\\\\\\\\\\\\\\\\\\\\\\\\\\\\\\\\\\\\\\\\\\\\\\\\\\\\\\\\\\\\\\\\\\\\\\\\\\\\\\\\\\\\\\\\\\\\\\\\\\\\\\\\\\\\\\\\\\\\\\\\\\\\\\\\\\\\\\\\\\\\\\\\\\\\\\\\\\\\\\\\\\\\\\\\\\\\\\\\\\\\\\\\\\\\\\\\\\\\\\\\\\\\\\\\\\\\\\\\\\\\\\\\\\\\\\\\\\\\\\\\\\\\\\\\\\\\\\\\\\\\\\\\\\\\\\\\\\\\\\\\\\\\\\\\\\\\\\\\\\\\\\\\\\\\\\\\\\\\\\\\\\\\\\\\\\\\\\\\\\\\\\\\\\\\\\\\\\\\\\\\\\\\\\\\\\\\\\\\\\\\\\\\\\\\\\\\\\\\\\\\\\\\\\\\\\\\\\\\\\\\\\\\\\\\\\\\\\\\\\\\\\\\\\\\\\\\\\\\\\\\\\\\\\\\\\\\\\\\\\\\\\\\\\\\\\\\\\\\\\\\\\\\\\\\\\\\\\\\\\\\\\\\\\\\\\\\\\\\\\\\\\\\\\\\\\\\\\\\\\\\\\\\\\\\\\\\\\\\\\\\\\\\\\\\\\\\\\\\\\\\\\\\\\\\\\\\\\\\\\\\\\\\\\\\\\\\\\\\\\\\\\\\\\\\\\\\\\\\\\\\\\\\\\\\\\\\\\\\\\\\\\\\\\\\\\\\\\\\\\\\\\\\\\\\\\\\\\\\\\\\\\\\\\\\\\\\\\\\\\\\\\\\\\\\\\\\\\\\\\\\\\\\\\\\\\\\\\\\\\\\\\\\\\\\\\\\\\\\\\\\\\\\\\\\\\\\\\\\\\\\\\\\\\\\\\\\\\\\\\\\\\\\\\\\\\\\\\\\\\\\\\\\\\\\\\\\\\\\\\\\\\\\\\\\\\\\\\\\\\\\\\\\\\\\\\\\\\\\\\\\\\\\\\\\\\\\\\\\\\\\\\\\\\\\\\\\\\\\\\\\\\\\\\\\\\\\\\\\\\\\\\\\\\\\\\\\\\\\\\\\\\\\\\\\\\\\\\\\\\\\\\\\\\\\\\\\\\\\\\\\\\\\\\\\\\\\\\\\\\\\\\\\\\\\\\\\\\\\\\\\\\\\\\\\\\\\\\\\\\\\\\\\\\\\\\\\\\\\\\\\\\\\\\\\\\\\\\\\\\\\\\\\\\\\\\\\\\\\\\\\\\\\\\\\\\\\\\\\\\\\\\\\\\\\\\\\\\\\\\\\\\\\\\\\\\\\\\\\\\\\\\\\\\\\\\\\\\\\\\\\\\\\\\\\\\\\\\\\\\\\\\\\\\\\\\\\\\\\\\\\\\\\\\\\\\\\\\\\\\\\\\\\\\\\\\\\\\\\\\\\\\\\\\\\\\\\\\\\\\\\\\\\\\\\\\\\\\\\\\\\\\\\\\\\\\\\\\\\\\\\\\\\\\\\\\\\\\\\\\\\\\\\\\\\\\\\\\\\\\\\\\\\\\\\\\\\\\\\\\\\\\\\\\\\\\\\\\\\\\\\\\\\\\\\\\\\\\\\\\\\\\\\\\\\\\\\\\\\\\\\\\\\\\\\\\\\\\\\\\\\\\\\\\\\\\\\\\\\\\\\\\\\\\\\\\\\\\\\\\\\\\\\\\\\\\\\\\\\\\\\\\\\\\\\\\\\\\\\\\\\\\\\\\\\\\\\\\\\\\\\\\\\\\\\\\\\\\\\\\\\\\\\\\\\\\\\\\\\\\\\\\\\\\\\\\\\\\\\\\\\\\\\\\\\\\\\\\\\\\\\\\\\\\\\\\\\\\\\\\\\\\\\\\\\\\\\\\\\\\\\\\\\\\\\\\\\\\\\\\\\\\\\\\\\\\\\\\\\\\\\\\\\\\\\\\\\\\\\\\\\\\\\\\\\\\\\\\\\\\\\\\\\\\\\\\\\\\\\\\\\\\\\\\\\\\\\\\\\\\\\\\\\\\\\\\\\\\\\\\\\\\\\\\\\\\\\\\\\\\\\\\\\\\\\\\\\\\\\\\\\\\\\\\\\\\\\\\\\\\\\\\\\\\\\\\\\\\\\\\\\\\\\\\\\\\\\\\\\\\\\\\\\\\\\\\\\\\\\\\\\\\\\\\\\\\\\\\\\\\\\\\\\\\\\\\\\\\\\\\\\\\\\\\\\\\\\\\\\\\\\\\\\\\\\\\\\\\\\\\\\\\\\\\\\\\\\\\\\\\\\\\\\\\\\\\\\\\\\\\\\\\\\\\\\\\\\\\\\\\\\\\\\\\\\\\\\\\\\\\\\\\\\\\\\\\\\\\\\\\\\\\\\\\\\\\\\\\\\\\\\\\\\\\\\\\\\\\\\\\\\\\\\\\\\\\\\\\\\\\\\\\\\\\\\\\\\\\\\\\\\\\\\\\\\\\\\\\\\\\\\\\\\\\\\\\\\\\\\\\\\\\\\\\\\\\\\\\\\\\\\\\\\\\\\\\\\\\\\\\\\\\\\\\\\\\\\\\\\\\\\\\\\\\\\\\\\\\\\\\\\\\\\\\\\\\\\\\\\\\\\\\\\\\\\\\\\\\\\\\\\\\\\\\\\\\\\\\\\\\\\\\\\\\\\\\\\\\\\\\\\\\\\\\\\\\\\\\\\\\\\\\\\\\\\\\\\\\\\\\\\\\\\\\\\\\\\\\\\\\\\\\\\\\\\\\\\\\\\\\\\\\\\\\\\\\\\\\\\\\\\\\\\\\\\\\\\\\\\\\\\\\\\\\\\\\\\\\\\\\\\\\\\\\\\\\\\\\\\\\\\\\\\\\\\\\\\\\\\\\\\\\\\\\\\\\\\\\\\\\\\\\\\\\\\\\\\\\\\\\\\\\\\\\\\\\\\\\\\\\\\\\\\\\\\\\\\\\\\\\\\\\\\\\\\\\\\\\\\\\\\\\\\\\\\\\\\\\\\\\\\\\\\\\\\\\\\\\\\\\\\\\\\\\\\\\\\\\\\\\\\\\\\\\\\\\\\\\\\\\\\\\\\\\\\\\\\\\\\\\\\\\\\\\\\\\\\\\\\\\\\\\\\\\\\\\\\\\\\\\\\\\\\\\\\\\\\\\\\\\\\\\\\\\\\\\\\\\\\\\\\\\\\\\\\\\\\\\\\\\\\\\\\\\\\\\\\\\\\\\\\\\\\\\\\\\\\\\\\\\\\\\\\\\\\\\\\\\\\\\\\\\\\\\\\\\\\\\\\\\\\\\\\\\\\\\\\\\\\\\\\\\\\\\\\\\\\\\\\\\\\\\\\\\\\\\\\\\\\\\\\\\\\\\\\\\\\\\\\\\\\\\\\\\\\\\\\\\\\\\\\\\\\\\\\\\\\\\\\\\\\\\\\\\\\\\\\\\\\\\\\\\\\\\\\\\\\\\\\\\\\\\\\\\\\\\\\\\\\\\\\\\\\\\\\\\\\\\\\\\\\\\\\\\\\\\\\\\\\\\\\\\\\\\\\\\\\\\\\\\\\\\\\\\\\\\\\\\\\\\\\\\\\\\\\\\\\\\\\\\\\\\\\\\\\\\\\\\\\\\\\\\\\\\\\\\\\\\\\\\\\\\\\\\\\\\\\\\\\\\\\\\\\\\\\\\\\\\\\\\\\\\\\\\\\\\\\\\\\\\\\\\\\\\\\\\\\\\\\\\\\\\\\\\\\\\\\\\\\\\\\\\\\\\\\\\\\\\\\\\\\\\\\\\\\\\\\\\\\\\\\\\\\\\\\\\\\\\\\\\\\\\\\\\\\\\\\\\\\\\\\\\\\\\\\\\\\\\\\\\\\\\\\\\\\\\\\\\\\\\\\\\\\\\\\\\\\\\\\\\\\\\\\\\\\\\\\\\\\\\\\\\\\\\\\\\\\\\\\\\\\\\\\\\\\\\\\\\\\\\\\\\\\\\\\\\\\\\\\\\\\\\\\\\\\\\\\\\\\\\\\\\\\\\\\\\\\\\\\\\\\\\\\\\\\\\\\\\\\\\\\\\\\\\\\\\\\\\\\\\\\\\\\\\\\\\\\\\\\\\\\\\\\\\\\\\\\\\\\\\\\\\\\\\\\\\\\\\\\\\\\\\\\\\\\\\\\\\\\\\\\\\\\\\\\\\\\\\\\\\\\\\\\\\\\\\\\\\\\\\\\\\\\\\\\\\\\\\\\\\\\\\\\\\\\\\\\\\\\\\\\\\\\\\\\\\\\\\\\\\\\\\\\\\\\\\\\\\\\\\\\\\\\\\\\\\\\\\\\\\\\\\\\\\\\\\\\\\\\\\\\\\\\\\\\\\\\\\\\\\\\\\\\\\\\\\\\\\\\\\\\\\\\\\\\\\\\\\\\\\\\\\\\\\\\\\\\\\\\\\\\\\\\\\\\\\\\\\\\\\\\\\\\\\\\\\\\\\\\\\\\\\\\\\\\\\\\\\\\\\\\\\\\\\\\\\\\\\\\\\\\\\\\\\\\\\\\\\\\\\\\\\\\\\\\\\\\\\\\\\\\\\\\\\\\\\\\\\\\\\\\\\\\\\\\\\\\\\\\\\\\\\\\\\\\\\\\\\\\\\\\\\\\\\\\\\\\\\\\\\\\\\\\\\\\\\\\\\\\\\\\\\\\\\\\\\\\\\\\\\\\\\\\\\\\\\\\\\\\\\\\\\\\\\\\\\\\\\\\\\\\\\\\\\\\\\\\\\\\\\\\\\\\\\\\\\\\\\\\\\\\\\\\\\\\\\\\\\\\\\\\\\\\\\\\\\\\\\\\\\\\\\\\\\\\\\\\\\\\\\\\\\\\\\\\\\\\\\\\\\\\\\\\\\\\\\\\\\\\\\\\\\\\\\\\\\\\\\\\\\\\\\\\\\\\\\\\\\\\\\\\\\\\\\\\\\\\\\\\\\\\\\\\\\\\\\\\\\\\\\\\\\\\\\\\\\\\\\\\\\\\\\\\\\\\\\\\\\\\\\\\\\\\\\\\\\\\\\\\\\\\\\\\\\\\\\\\\\\\\\\\\\\\\\\\\\\\\\\\\\\\\\\\\\\\\\\\\\\\\\\\\\\\\\\\\\\\\\\\\\\\\\\\\\\\\\\\\\\\\\\\\\\\\\\\\\\\\\\\\\\\\\\\\\\\\\\\\\\\\\\\\\\\\\\\\\\\\\\\\\\\\\\\\\\\\\\\\\\\\\\\\\\\\\\\\\\\\\\\\\\\\\\\\\\\\\\\\\\\\\\\\\\\\\\\\\\\\\\\\\\\\\\\\\\\\\\\\\\\\\\\\\\\\\\\\\\\\\\\\\\\\\\\\\\\\\\\\\\\\\\\\\\\\\\\\\\\\\\\\\\\\\\\\\\\\\\\\\\\\\\\\\\\\\\\\\\\\\\\\\\\\\\\\\\\\\\\\\\\\\\\\\\\\\\\\\\\\\\\\\\\\\\\\\\\\\\\\\\\\\\\\\\\\\\\\\\\\\\\\\\\\\\\\\\\\\\\\\\\\\\\\\\\\\\\\\\\\\\\\\\\\\\\\\\\\\\\\\\\\\\\\\\\\\\\\\\\\\\\\\\\\\\\\\\\\\\\\\\\\\\\\\\\\\\\\\\\\\\\\\\\\\\\\\\\\\\\\\\\\\\\\\\\\\\\\\\\\\\\\\\\\\\\\\\\\\\\\\\\\\\\\\\\\\\\\\\\\\\\\\\\\\\\\\\\\\\\\\\\\\\\\\\\\\\\\\\\\\\\\\\\\\\\\\\\\\\\\\\\\\\\\\\\\\\\\\\\\\\\\\\\\\\\\\\\\\\\\\\\\\\\\\\\\\\\\\\\\\\\\\\\\\\\\\\\\\\\\\\\\\\\\\\\\\\\\\\\\\\\\\\\\\\\\\\\\\\\\\\\\\\\\\\\\\\\\\\\\\\\\\\\\\\\\\\\\\\\\\\\\\\\\\\\\\\\\\\\\\\\\\\\\\\\\\\\\\\\\\\\\\\\\\\\\\\\\\\\\\\\\\\\\\\\\\\\\\\\\\\\\\\\\\\\\\\\\\\\\\\\\\\\\\\\\\\\\\\\\\\\\\\\\\\\\\\\\\\\\\\\\\\\\\\\\\\\\\\\\\\\\\\\\\\\\\\\\\\\\\\\\\\\\\\\\\\\\\\\\\\\\\\\\\\\\\\\\\\\\\\\\\\\\\\\\\\\\\\\\\\\\\\\\\\\\\\\\\\\\\\\\\\\\\\\\\\\\\\\\\\\\\\\\\\\\\\\\\\\\\\\\\\\\\\\\\\\\\\\\\\\\\\\\\\\\\\\\\\\\\\\\\\\\\\\\\\\\\\\\\\\\\\\\\\\\\\\\\\\\\\\\\\\\\\\\\\\\\\\\\\\\\\\\\\\\\\\\\\\\\\\\\\\\\\\\\\\\\\\\\\\\\\\\\\\\\\\\\\\\\\\\\\\\\\\\\\\\\\\\\\\\\\\\\\\\\\\\\\\\\\\\\\\\\\\\\\\/\\\\\\\\\\\\\\\\\\\\\\\\\\\\\\\\\\\\\\\\\\\\\\\\\\\\\\\\\\\\\\\\\\\\\\\\\\\\\\\\\\\\\\\\\\\\\\\\\\\\\\\\\\\\\\\\\\\\\\\\\\\\\\\\\\\\\\\\\\\\\\\\\\\\\\\\\\\\\\\\\\\\\\\\\\\\\\\\\\\\\\\\\\\\\\\\\\\\\\\\\\\\\\\\\\\\\\\\\\\\\\\\\\\\\\\\\\\\\\\\\\\\\\\\\\\\\\\\\\\\\\\\\\\\\\\\\\\\\\\\\\\\\\\\\\\\\\\\\\\\\\\\\\\\\\\\\\\\\\\\\\\\\\\\\\\\\\\\\\\\\\\\\\\\\\\\\\\\\\\\\\\\\\\\\\\\\\\\\\\\\\\\\\\\\\\\\\\\\\\\\\\\\\\\\\\\\\\\\\\\\\\\\\\\\\\\\\\\\\\\\\\\\\\\\\\\\\\\\\\\\\\\\\\\\\\\\\\\\\\\\\\\\\\\\\\\\\\\\\\\\\\\\\\\\\\\\\\\\\\\\\\\\\\\\\\\\\\\\\\\\\\\\\\\\\\\\\\\\\\\\\\\\\\\\\\\\\\\\\\\\\\\\\\\\\\\\\\\\\\\\\\\\\\\\\\\\\\\\\\\\\\\\\\\\\\\\\\\\\\\\\\\\\\\\\\\\\\\\\\\\\\\\\\\\\\\\\\\\\\\\\\\\\\\\\\\\\\\\\\\\\\\\\\\\\\\\\\\\\\\\\\\\\\\\\\\\\\\\\\\\\\\\\\\\\\\\\\\\\\\\\\\\\\\\\\\\\\\\\\\\\\\\\\\\\\\\\\\\\\\\\\\\\\\\\\\\\\\\\\\\\\\\\\\\\\\\\\\\\\\\\\\\\\\\\\\\\\\\\\\\\\\\\\\\\\\\\\\\\\\\\\\\\\\\\\\\\\\\\\\\\\\\\\\\\\\\\\\\\\\\\\\\\\\\\\\\\\\\\\\\\\\\\\\\\\\\\\\\\\\\\\\\\\\\\\\\\\\\\\\\\\\\\\\\\\\\\\\\\\\\\\\\\\\\\\\\\\\\\\\\\\\\\\\\\\\\\\\\\\\\\\\\\\\\\\\\\\\\\\\\\\\\\\\\\\\\\\\\\\\\\\\\\\\\\\\\\\\\\\\\\\\\\\\\\\\\\\\\\\\\\\\\\\\\\\\\\\\\\\\\\\\\\\\\\\\\\\\\\\\\\\\\\\\\\\\\\\\\\\\\\\\\\\\\\\\\\\\\\\\\\\\\\\\\\\\\\\\\\\\\\\\\\\\\\\\\\\\\\\\\\\\\\\\\\\\\\\\\\\\\\\\\\\\\\\\\\\\\\\\\\\\\\\\\\\\\\\\\\\\\\\\\\\\\\\\\\\\\\\\\\\\\\\\\\\\\\\\\\\\\\\\\\\\\\\\\\\\\\\\\\\\\\\\\\\\\\\\\\\\\\\\\\\\\\\\\\\\\\\\\\\\\\\\\\\\\\\\\\\\\\\\\\\\\\\\\\\\\\\\\\\\\\\\\\\\\\\\\\\\\\\\\\\\\\\\\\\\\\\\\\\\\\\\\\\\\\\\\\\\\\\\\\\\\\\\\\\\\\\\\\\\\\\\\\\\\\\\\\\\\\\\\\\\\\\\\\\\\\\\\\\\\\\\\\\\\\\\\\\\\\\\\\\\\\\\\\\\\\\\\\\\\\\\\\\\\\\\\\\\\\\\\\\\\\\\\\\\\\\\\\\\\\\\\\\\\\\\\\\\\\\\\\\\\\\\\\\\\\\\\\\\\\\\\\\\\\\\\\\\\\\\\\\\\\\\\\\\\\\\\\\\\\\\\\\\\\\\\\\\\\\\\\\\\\\\\\\\\\\\\\\\\\\\\\\\\\\\\\\\\\\\\\\\\\\\\\\\\\\\\\\\\\\\\\\\\\\\\\\\\\\\\\\\\\\\\\\\\\\\\\\\\\\\\\\\\\\\\\\\\\\\\\\\\\\\\\\\\\\\\\\\\\\\\\\\\\\\\\\\\\\\\\\\\\\\\\\\\\\\\\\\\\\\\\\\\\\\\\\\\\\\\\\\\\\\\\\\\\\\\\\\\\\\\\\\\\\\\\\\\\\\\\\\\\\\\\\\\\\\\\\\\\\\\\\\\\\\\\\\\\\\\\\\\\\\\\\\\\\\\\\\\\\\\\\\\\\\\\\\\\\\\\\\\\\\\\\\\\\\\\\\\\\\\\\\\\\\\\\\\\\\\\\\\\\\\\\\\\\\\\\\\\\\\\\\\\\\\\\\\\\\\\\\\\\\\\\\\\\\\\\\\\\\\\\\\\\\\\\\\\\\\\\\\\\\\\\\\\\\\\\\\\\\\\\\\\\\\\\\\\\\\\\\\\\\\\\\\\\\\\\\\\\\\\\\\\\\\\\\\\\\\\\\\\\\\\\\\\\\\\\\\\\\\\\\\\\\\\\\\\\\\\\\\\\\\\\\\\\\\\\\\\\\\\\\\\\\\\\\\\\\\\\\\\\\\\\\\\\\\\\\\\\\\\\\\\\\\\\\\\\\\\\\\\\\\\\\\\\\\\\\\\\\\\\\\\\\\\\\\\\\\\\\\\\\\\\\\\\\\\\\\\\\\\\\\\\\\\\\\\\\\\\\\\\\\\\\\\\\\\\\\\\\\\\\\\\\\\\\\\\\\\\\\\\\\\\\\\\\\\\\\\\\\\\\\\\\\\\\\\\\\\\\\\\\\\\\\\\\\\\\\\\\\\\\\\\\\\\\\\\\\\\\\\\\\\\\\\\\\\\\\\\\\\\\\\\\\\\\\\\\\\\\\\\\\\\\\\\\\\\\\\\\\\\\\\\\\\\\\\\\\\\\\\\\\\\\\\\\\\\\\\\\\\\\\\\\\\\\\\\\\\\\\\\\\\\\\\\\\\\\\\\\\\\\\\\\\\\\\\\\\\\\\\\\\\\\\\\\\\\\\\\\\\\\\\\\\\\\\\\\\\\\\\\\\\\\\\\\\\\\\\\\\\\\\\\\\\\\\\\\\\\\\\\\\\\\\\\\\\\\\\\\\\\\\\\\\\\\\\\\\\\\\\\\\\\\\\\\\\\\\\\\\\\\\\\\\\\\\\\\\\\\\\\\\\\\\\\\\\\\\\\\\\\\\\\\\\\\\\\\\\\\\\\\\\\\\\\\\\\\\\\\\\\\\\\\\\\\\\\\\\\\\\\\\\\\\\\\\\\\\\\\\\\\\\\\\\\\\\\\\\\\\\\\\\\\\\\\\\\\\\\\\\\\\\\\\\\\\\\\\\\\\\\\\\\\\\\\\\\\\\\\\\\\\\\\\\\\\\\\\\\\\\\\\\\\\\\\\\\\\\\\\\\\\\\\\\\\\\\\\\\\\\\\\\\\\\\\\\\\\\\\\\\\\\\\\\\\\\\\\\\\\\\\\\\\\\\\\\\\\\\\\\\\\\\\\\\\\\\\\\\\\\\\\\\\\\\\\\\\\\\\\\\\\\\\\\\\\\\\\\\\\\\\\\\\\\\\\\\\\\\\\\\\\\\\\\\\\\\\\\\\\\\\\\\\\\\\\\\\\\\\\\\\\\\\\\\\\\\\\\\\\\\\\\\\\\\\\\\\\\\\\\\\\\\\\\\\\\\\\\\\\\\\\\\\\\\\\\\\\\\\\\\\\\\\\\\\\\\\\\\\\\\\\\\\\\\\\\\\\\\\\\\\\\\\\\\\\\\\\\\\\\\\\\\\\\\\\\\\\\\\\\\\\\\\\\\\\\\\\\\\\\\\\\\\\\\\\\\\\\\\\\\\\\\\\\\\\\\\\\\\\\\\\\\\\\\\\\\\\\\\\\\\\\\\\\\\\\\\\\\\\\\\\\\\\\\\\\\\\\\\\\\\\\\\\\\\\\\\\\\\\\\\\\\\\\\\\\\\\\\\\\\\\\\\\\\\\\\\\\\\\\\\\\\\\\\\\\\\\\\\\\\\\\\\\\\\\\\\\\\\\\\\\\\\\\\\\\\\\\\\\\\\\\\\\\\\\\\\\\\\\\\\\\\\\\\\\\\\\\\\\\\\\\\\\\\\\\\\\\\\\\\\\\\\\\\\\\\\\\\\\\\\\\\\\\\\\\\\\\\\\\\\\\\\\\\\\\\\\\\\\\\\\\\\\\\\\\\\\\\\\\\\\\\\\\\\\\\\\\\\\\\\\\\\\\\\\\\\\\\\\\\\\\\\\\\\\\\\\\\\\\\\\\\\\\\\\\\\\\\\\\\\\\\\\\\\\\\\\\\\\\\\\\\\\\\\\\\\\\\\\\\\\\\\\\\\\\\\\\\\\\\\\\\\\\\\\\\\\\\\\\\\\\\\\\\\\\\\\\\\\\\\\\\\\\\\\\\\\\\\\\\\\\\\\\\\\\\\\\\\\\\\\\\\\\\\\\\\\\\\\\\\\\\\\\\\\\\\\\\\\\\\\\\\\\\\\\\\\\\\\\\\\\\\\\\\\\\\\\\\\\\\\\\\\\\\\\\\\\\\\\\\\\\\\\\\\\\\\\\\\\\\\\\\\\\\\\\\\\\\\\\\\\\\\\\\\\\\\\\\\\\\\\\\\\\\\\\\\\\\\\\\\\\\\\\\\\\\\\\\\\\\\\\\\\\\\\\\\\\\\\\\\\\\\\\\\\\\\\\\\\\\\\\\\\\\\\\\\\\\\\\\\\\\\\\\\\\\\\\\\\\\\\\\\\\\\\\\\\\\\\\\\\\\\\\\\\\\\\\\\\\\\\\\\\\\\\\\\\\\\\\\\\\\\\\\\\\\\\\\\\\\\\\\\\\\\\\\\\\\\\\\\\\\\\\\\\\\\\\\\\\\\\\\\\\\\\\\\\\\\\\\\\\\\\\\\\\\\\\\\\\\\\\\\\\\\\\\\\\\\\\\\\\\\\\\\\\\\\\\\\\\\\\\\\\\\\\\\\\\\\\\\\\\\\\\\\\\\\\\\\\\\\\\\\\\\\\\\\\\\\\\\\\\\\\\\\\\\\\\\\\\\\\\\\\\\\\\\\\\\\\\\\\\\\\\\\\\\\\\\\\\\\\\\\\\\\\\\\\\\\\\\\\\\\\\\\\\\\\\\\\\\\\\\\\\\\\\\\\\\\\\\\\\\\\\\\\\\\\\\\\\\\\\\\\\\\\\\\\\\\\\\\\\\\\\\\\\\\\\\\\\\\\\\\\\\\\\\\\\\\\\\\\\\\\\\\\\\\\\\\\\\\\\\\\\\\\\\\\\\\\\\\\\\\\\\\\\\\\\\\\\\\\\\\\\\\\\\\\\\\\\\\\\\\\\\\\\\\\\\\\\\\\\\\\\\\\\\\\\\\\\\\\\\\\\\\\\\\\\\\\\\\\\\\\\\\\\\\\\\\\\\\\\\\\\\\\\\\\\\\\\\\\\\\\\\\\\\\\\\\\\\\\\\\\\\\\\\\\\\\\\\\\\\\\\\\\\\\\\\\\\\\\\\\\\\\\\\\\\\\\\\\\\\\\\\\\\\\\\\\\\\\\\\\\\\\\\\\\\\\\\\\\\\\\\\\\\\\\\\\\\\\\\\\\\\\\\\\\\\\\\\\\\\\\\\\\\\\\\\\\\\\\\\\\\\\\\\\\\\\\\\\\\\\\\\\\\\\\\\\\\\\\\\\\\\\\\\\\\\\\\\\\\\\\\\\\\\\\\\\\\\\\\\\\\\\\\\\\\\\\\\\\\\\\\\\\\\\\\\\\\\\\\\\\\\\\\\\\\\\\\\\\\\\\\\\\\\\\\\\\\\\\\\\\\\\\\\\\\\\\\\\\\\\\\\\\\\\\\\\\\\\\\\\\\\\\\\\\\\\\\\\\\\\\\\\\\\\\\\\\\\\\\\\\\\\\\\\\\\\\\\\\\\\\\\\\\\\\\\\\\\\\\\\\\\\\\\\\\\\\\\\\\\\\\\\\\\\\\\\\\\\\\\\\\\\\\\\\\\\\\\\\\\\\\\\\\\\\\\\\\\\\\\\\\\\\\\\\\\\\\\\\\\\\\\\\\\\\\\\\\\\\\\\\\\\\\\\\\\\\\\\\\\\\\\\\\\\\\\\\\\\\\\\\\\\\\\\\\\\\\\\\\\\\\\\\\\\\\\\\\\\\\\\\\\\\\\\\\\\\\\\\\\\\\\\\\\\\\\\\\\\\\\\\\\\\\\\\\\\\\\\\\\\\\\\\\\\\\\\\\\\\\\\\\\\\\\\\\\\\\\\\\\\\\\\\\\\\\\\\\\\\\\\\\\\\\\\\\\\\\\\\\\\\\\\\\\\\\\\\\\\\\\\\\\\\\\\\\\\\\\\\\\\\\\\\\\\\\\\\\\\\\\\\\\\\\\\\\\\\\\\\\\\\\\\\\\\\\\\\\\\\\\\\\\\\\\\\\\\\\\\\\\\\\\\\\\\\\\\\\\\\\\\\\\\\\\\\\\\\\\\\\\\\\\\\\\\\\\\\\\\\\\\\\\\\\\\\\\\\\\\\\\\\\\\\\\\\\\\\\\\\\\\\\\\\\\\\\\\\\\\\\\\\\\\\\\\\\\\\\\\\\\\\\\\\\\\\\\\\\\\\\\\\\\\\\\\\\\\\\\\\\\\\\\\\\\\\\\\\\\\\\\\\\\\\\/damiradental.co.uk\\\\\\\\\\\\\\\\\\\\\\\\\\\\\\\\\\\\\\\\\\\\\\\\\\\\\\\\\\\\\\\\\\\\\\\\\\\\\\\\\\\\\\\\\\\\\\\\\\\\\\\\\\\\\\\\\\\\\\\\\\\\\\\\\\\\\\\\\\\\\\\\\\\\\\\\\\\\\\\\\\\\\\\\\\\\\\\\\\\\\\\\\\\\\\\\\\\\\\\\\\\\\\\\\\\\\\\\\\\\\\\\\\\\\\\\\\\\\\\\\\\\\\\\\\\\\\\\\\\\\\\\\\\\\\\\\\\\\\\\\\\\\\\\\\\\\\\\\\\\\\\\\\\\\\\\\\\\\\\\\\\\\\\\\\\\\\\\\\\\\\\\\\\\\\\\\\\\\\\\\\\\\\\\\\\\\\\\\\\\\\\\\\\\\\\\\\\\\\\\\\\\\\\\\\\\\\\\\\\\\\\\\\\\\\\\\\\\\\\\\\\\\\\\\\\\\\\\\\\\\\\\\\\\\\\\\\\\\\\\\\\\\\\\\\\\\\\\\\\\\\\\\\\\\\\\\\\\\\\\\\\\\\\\\\\\\\\\\\\\\\\\\\\\\\\\\\\\\\\\\\\\\\\\\\\\\\\\\\\\\\\\\\\\\\\\\\\\\\\\\\\\\\\\\\\\\\\\\\\\\\\\\\\\\\\\\\\\\\\\\\\\\\\\\\\\\\\\\\\\\\\\\\\\\\\\\\\\\\\\\\\\\\\\\\\\\\\\\\\\\\\\\\\\\\\\\\\\\\\\\\\\\\\\\\\\\\\\\\\\\\\\\\\\\\\\\\\\\\\\\\\\\\\\\\\\\\\\\\\\\\\\\\\\\\\\\\\\\\\\\\\\\\\\\\\\\\\\\\\\\\\\\\\\\\\\\\\\\\\\\\\\\\\\\\\\\\\\\\\\\\\\\\\\\\\\\\\\\\\\\\\\\\\\\\\\\\\\\\\\\\\\\\\\\\\\\\\\\\\\\\\\\\\\\\\\\\\\\\\\\\\\\\\\\\\\\\\\\\\\\\\\\\\\\\\\\\\\\\\\\\\\\\\\\\\\\\\\\\\\\\\\\\\\\\\\\\\\\\\\\\\\\\\\\\\\\\\\\\\\\\\\\\\\\\\\\\\\\\\\\\\\\\\\\\\\\\\\\\\\\\\\\\\\\\\\\\\\\\\\\\\\\\\\\\\\\\\\\\\\\\\\\\\\\\\\\\\\\\\\\\\\\\\\\\\\\\\\\\\\\\\\\\\\\\\\\\\\\\\\\\\\\\\\\\\\\\\\\\\\\\\\\\\\\\\\\\\\\\\\\\\\\\\\\\\\\\\\\\\\\\\\\\\\\\\\\\\\\\\\\\\\\\\\\\\\\\\\\\\\\\\\\\\\\\\\\\\\\\\\\\\\\\\\\\\\\\\\\\\\\\\\\\\\\\\\\\\\\\\\\\\\\\\\\\\\\\\\\\\\\\\\\\\\\\\\\\\\\\\\\\\\\\\\\\\\\\\\\\\\\\\\\\\\\\\\\\\\\\\\\\\\\\\\\\\\\\\\\\\\\\\\\\\\\\\\\\\\\\\\\\\\\\\\\\\\\\\\\\\\\\\\\\\\\\\\\\\\\\\\\\\\\\\\\\\\\\\\\\\\\\\\\\\\\\\\\\\\\\\\\\\\\\\\\\\\\\\\\\\\\\\\\\\\\\\\\\\\\\\\\\\\\\\\\\\\\\\\\\\\\\\\\\\\\\\\\\\\\\\\\\\\\\\\\\\\\\\\\\\\\\\\\\\\\\\\\\\\\\\\\\\\\\\\\\\\\\\\\\\\\\\\\\\\\\\\\\\\\\\\\\\\\\\\\\\\\\\\\\\\\\\\\\\\\\\\\\\\\\\\\\\\\\\\\\\\\\\\\\\\\\\\\\\\\\\\\\\\\\\\\\\\\\\\\\\\\\\\\\\\\\\\\\\\\\\\\\\\\\\\\\\\\\\\\\\\\\\\\\\\\\\\\\\\\\\\\\\\\\\\\\\\\\\\\\\\\\\\\\\\\\\\\\\\\\\\\\\\\\\\\\\\\\\\\\\\\\\\\\\\\\\\\\\\\\\\\\\\\\\\\\\\\\\\\\\\\\\\\\\\\\\\\\\\\\\\\\\\\\\\\\\\\\\\\\\\\\\\\\\\\\\\\\\\\\\\\\\\\\\\\\\\\\\\\\\\\\\\\\\\\\\\\\\\\\\\\\\\\\\\\\\\\\\\\\\\\\\\\\\\\\\\\\\\\\\\\\\\\\\\\\\\\\\\\\\\\\\\\\\\\\\\\\\\\\\\\\\\\\\\\\\\\\\\\\\\\\\\\\\\\\\\\\\\\\\\\\\\\\\\\\\\\\\\\\\\\\\\\\\\\\\\\\\\\\\\\\\\\\\\\\\\\\\\\\\\\\\\\\\\\\\\\\\\\\\\\\\\\\\\\\\\\\\\\\\\\\\\\\\\\\\\\\\\\\\\\\\\\\\\\\\\\\\\\\\\\\\\\\\\\\\\\\\\\\\\\\\\\\\\\\\\\\\\\\\\\\\\\\\\\\\\\\\\\\\\\\\\\\\\\\\\\\\\\\\\\\\\\\\\\\\\\\\\\\\\\\\\\\\\\\\\\\\\\\\\\\\\\\\\\\\\\\\\\\\\\\\\\\\\\\\\\\\\\\\\\\\\\\\\\\\\\\\\\\\\\\\\\\\\\\\\\\\\\\\\\\\\\\\\\\\\\\\\\\\\\\\\\\\\\\\\\\\\\\\\\\\\\\\\\\\\\\\\\\\\\\\\\\\\\\\\\\\\\\\\\\\\\\\\\\\\\\\\\\\\\\\\\\\\\\\\\\\\\\\\\\\\\\\\\\\\\\\\\\\\\\\\\\\\\\\\\\\\\\\\\\\\\\\\\\\\\\\\\\\\\\\\\\\\\\\\\\\\\\\\\\\\\\\\\\\\\\\\\\\\\\\\\\\\\\\\\\\\\\\\\\\\\\\\\\\\\\\\\\\\\\\\\\\\\\\\\\\\\\\\\\\\\\\\\\\\\\\\\\\\\\\\\\\\\\\\\\\\\\\\\\\\\\\\\\\\\\\\\\\\\\\\\\\\\\\\\\\\\\\\\\\\\\\\\\\\\\\\\\\\\\\\\\\\\\\\\\\\\\\\\\\\\\\\\\\\\\\\\\\\\\\\\\\\\\\\\\\\\\\\\\\\\\\\\\\\\\\\\\\\\\\\\\\\\\\\\\\\\\\\\\\\\\\\\\\\\\\\\\\\\\\\\\\\\\\\\\\\\\\\\\\\\\\\\\\\\\\\\\\\\\\\\\\\\\\\\\\\\\\\\\\\\\\\\\\\\\\\\\\\\\\\\\\\\\\\\\\\\\\\\\\\\\\\\\\\\\\\\\\\\\\\\\\\\\\\\\\\\\\\\\\\\\\\\\\\\\\\\\\\\\\\\\\\\\\\\\\\\\\\\\\\\\\\\\\\\\\\\\\\\\\\\\\\\\\\\\\\\\\\\\\\\\\\\\\\\\\\\\\\\\\\\\\\\\\\\\\\\\\\\\\\\\\\\\\\\\\\\\\\\\\\\\\\\\\\\\\\\\\\\\\\\\\\\\\\\\\\\\\\\\\\\\\\\\\\\\\\\\\\\\\\\\\\\\\\\\\\\\\\\\\\\\\\\\\\\\\\\\\\\\\\\\\\\\\\\\\\\\\\\\\\\\\\\\\\\\\\\\\\\\\\\\\\\\\\\\\\\\\\\\\\\\\\\\\\\\\\\\\\\\\\\\\\\\\\\\\\\\\\\\\\\\\\\\\\\\\\\\\\\\\\\\\\\\\\\\\\\\\\\\\\\\\\\\\\\\\\\\\\\\\\\\\\\\\\\\\\\\\\\\\\\\\\\\\\\\\\\\\\\\\\\\\\\\\\\\\\\\\\\\\\\\\\\\\\\\\\\\\\\\\\\\\\\\\\\\\\\\\\\\\\\\\\\\\\\\\\\\\\\\\\\\\\\\\\\\\\\\\\\\\\\\\\\\\\\\\\\\\\\\\\\\\\\\\\\\\\\\\\\\\\\\\\\\\\\\\\\\\\\\\\\\\\\\\\\\\\\\\\\\\\\\\\\\\\\\\\\\\\\\\\\\\\\\\\\\\\\\\\\\\\\\\\\\\\\\\\\\\\\\\\\\\\\\\\\\\\\\\\\\\\\\\\\\\\\\\\\\\\\\\\\\\\\\\\\\\\\\\\\\\\\\\\\\\\\\\\\\\\\\\\\\\\\\\\\\\\\\\\\\\\\\\\\\\\\\\\\\\\\\\\\\\\\\\\\\\\\\\\\\\\\\\\\\\\\\\\\\\\\\\\\\\\\\\\\\\\\\\\\\\\\\\\\\\\\\\\\\\\\\\\\\\\\\\\\\\\\\\\\\\\\\\\\\\\\\\\\\\\\\\\\\\\\\\\\\\\\\\\\\\\\\\\\\\\\\\\\\\\\\\\\\\\\\\\\\\\\\\\\\\\\\\\\\\\\\\\\\\\\\\\\\\\\\\\\\\\\\\\\\\\\\\\\\\\\\\\\\\\\\\\\\\\\\\\\\\\\\\\\\\\\\\\\\\\\\\\\\\\\\\\\\\\\\\\\\\\\\\\\\\\\\\\\\\\\\\\\\\\\\\\\\\\\\\\\\\\\\\\\\\\\\\\\\\\\\\\\\\\\\\\\\\\\\\\\\\\\\\\\\\\\\\\\\\\\\\\\\\\\\\\\\\\\\\\\\\\\\\\\\\\\\\\\\\\\\\\\\\\\\\\\\\\\\\\\\\\\\\\\\\\\\\\\\\\\\\\\\\\\\\\\\\\\\\\\\\\\\\\\\\\\\\\\\\\\\\\\\\\\\\\\\\\\\\\\\\\\\\\\\\\\\\\\\\\\\\\\\\\\\\\\\\\\\\\\\\\\\\\\\\\\\\\\\\\\\\\\\\\\\\\\\\\\\\\\\\\\\\\\\\\\\\\\\\\\\\\\\\\\\\\\\\\\\\\\\\\\\\\\\\\\\\\\\\\\\\\\\\\\\\\\\\\\\\\\\\\\\\\\\\\\\\\\\\\\\\\\\\\\\\\\\\\\\\\\\\\\\\\\\\\\\\\\\\\\\\\\\\\\\\\\\\\\\\\\\\\\\\\\\\\\\\\\\\\\\\\\\\\\\\\\\\\\\\\\\\\\\\\\\\\\\\\\\\\\\\\\\\\\\\\\\\\\\\\\\\\\\\\\\\\\\\\\\\\\\\\\\\\\\\\\\\\\\\\\\\\\\\\\\\\\\\\\\\\\\\\\\\\\\\\\\\\\\\\\\\\\\\\\\\\\\\\\\\\\\\\\\\\\\\\\\\\\\\\\\\\\\\\\\\\\\\\\\\\\\\\\\\\\\\\\\\\\\\\\\\\\\\\\\\\\\\\\\\\\\\\\\\\\\\\\\\\\\\\\\\\\\\\\\\\\\\\\\\\\\\\\\\\\\\\\\\\\\\\\\\\\\\\\\\\\\\\\\\\\\\\\\\\\\\\\\\\\\\\\\\\\\\\\\\\\\\\\\\\\\\\\\\\\\\\\\\\\\\\\\\\\\\\\\\\\\\\\\\\\\\\\\\\\\\\\\\\\\\\\\\\\\\\\\\\\\\\\\\\\\\\\\\\\\\\\\\\\\\\\\\\\\\\\\\\\\\\\\\\\\\\\\\\\\\\\\\\\\\\\\\\\\\\\\\\\\\\\\\\\\\\\\\\\\\\\\\\\\\\\\\\\\\\\\\\\\\\\\\\\\\\\\\\\\\\\\\\\\\\\\\\\\\\\\\\\\\\\\\\\\\\\\\\\\\\\\\\\\\\\\\\\\\\\\\\\\\\\\\\\\\\\\\\\\\\\\\\\\\\\\\\\\\\\\\\\\\\\\\\\\\\\\\\\\\\\\\\\\\\\\\\\\\\\\\\\\\\\\\\\\\\\\\\\\\\\\\\\\\\\\\\\\\\\\\\\\\\\\\\\\\\\\\\\\\\\\\\\\\\\\\\\\\\\\\\\\\\\\\\\\\\\\\\\\\\\\\\\\\\\\\\\\\\\\\\\\\\\\\\\\\\\\\\\\\\\\\\\\\\\\\\\\\\\\\\\\\\\\\\\\\\\\\\\\\\\\\\\\\\\\\\\\\\\\\\\\\\\\\\\\\\\\\\\\\\\\\\\\\\\\\\\\\\\\\\\\\\\\\\\\\\\\\\\\\\\\\\\\\\\\\\\\\\\\\\\\\\\\\\\\\\\\\\\\\\\\\\\\\\\\\\\\\\\\\\\\\\\\\\\\\\\\\\\\\\\\\\\\\\\\\\\\\\\\\\\\\\\\\\\\\\\\\\\\\\\\\\\\\\\\\\\\\\\\\\\\\\\\\\\\\\\\\\\\\\\\\\\\\\\\\\\\\\\\\\\\\\\\\\\\\\\\\\\\\\\\\\\\\\\\\\\\\\\\\\\\\\\\\\\\\\\\\\\\\\\\\\\\\\\\\\\\\\\\\\\\\\\\\\\\\\\\\\\\\\\\\\\\\\\\\\\\\\\\\\\\\\\\\\\\\\\\\\\\\\\\\\\\\\\\\\\\\\\\\\\\\\\\\\\\\\\\\\\\\\\\\\\\\\\\\\\\\\\\\\\\\\\\\\\\\\\\\\\\\\\\\\\\\\\\\\\\\\\\\\\\\\\\\\/practice\\\\\\\\\\\\\\\\\\\\\\\\\\\\\\\\\\\\\\\\\\\\\\\\\\\\\\\\\\\\\\\\\\\\\\\\\\\\\\\\\\\\\\\\\\\\\\\\\\\\\\\\\\\\\\\\\\\\\\\\\\\\\\\\\\\\\\\\\\\\\\\\\\\\\\\\\\\\\\\\\\\\\\\\\\\\\\\\\\\\\\\\\\\\\\\\\\\\\\\\\\\\\\\\\\\\\\\\\\\\\\\\\\\\\\\\\\\\\\\\\\\\\\\\\\\\\\\\\\\\\\\\\\\\\\\\\\\\\\\\\\\\\\\\\\\\\\\\\\\\\\\\\\\\\\\\\\\\\\\\\\\\\\\\\\\\\\\\\\\\\\\\\\\\\\\\\\\\\\\\\\\\\\\\\\\\\\\\\\\\\\\\\\\\\\\\\\\\\\\\\\\\\\\\\\\\\\\\\\\\\\\\\\\\\\\\\\\\\\\\\\\\\\\\\\\\\\\\\\\\\\\\\\\\\\\\\\\\\\\\\\\\\\\\\\\\\\\\\\\\\\\\\\\\\\\\\\\\\\\\\\\\\\\\\\\\\\\\\\\\\\\\\\\\\\\\\\\\\\\\\\\\\\\\\\\\\\\\\\\\\\\\\\\\\\\\\\\\\\\\\\\\\\\\\\\\\\\\\\\\\\\\\\\\\\\\\\\\\\\\\\\\\\\\\\\\\\\\\\\\\\\\\\\\\\\\\\\\\\\\\\\\\\\\\\\\\\\\\\\\\\\\\\\\\\\\\\\\\\\\\\\\\\\\\\\\\\\\\\\\\\\\\\\\\\\\\\\\\\\\\\\\\\\\\\\\\\\\\\\\\\\\\\\\\\\\\\\\\\\\\\\\\\\\\\\\\\\\\\\\\\\\\\\\\\\\\\\\\\\\\\\\\\\\\\\\\\\\\\\\\\\\\\\\\\\\\\\\\\\\\\\\\\\\\\\\\\\\\\\\\\\\\\\\\\\\\\\\\\\\\\\\\\\\\\\\\\\\\\\\\\\\\\\\\\\\\\\\\\\\\\\\\\\\\\\\\\\\\\\\\\\\\\\\\\\\\\\\\\\\\\\\\\\\\\\\\\\\\\\\\\\\\\\\\\\\\\\\\\\\\\\\\\\\\\\\\\\\\\\\\\\\\\\\\\\\\\\\\\\\\\\\\\\\\\\\\\\\\\\\\\\\\\\\\\\\\\\\\\\\\\\\\\\\\\\\\\\\\\\\\\\\\\\\\\\\\\\\\\\\\\\\\\\\\\\\\\\\\\\\\\\\\\\\\\\\\\\\\\\\\\\\\\\\\\\\\\\\\\\\\\\\\\\\\\\\\\\\\\\\\\\\\\\\\\\\\\\\\\\\\\\\\\\\\\\\\\\\\\\\\\\\\\\\\\\\\\\\\\\\\\\\\\\\\\\\\\\\\\\\\\\\\\\\\\\\\\\\\\\\\\\\\\\\\\\\\\\\\\\\\\\\\\\\\\\\\\\\\\\\\\\\\\\\\\\\\\\\\\\\\\\\\\\\\\\\\\\\\\\\\\\\\\\\\\\\\\\\\\\\\\\\\\\\\\\\\\\\\\\\\\\\\\\\\\\\\\\\\\\\\\\\\\\\\\\\\\\\\\\\\\\\\\\\\\\\\\\\\\\\\\\\\\\\\\\\\\\\\\\\\\\\\\\\\\\\\\\\\\\\\\\\\\\\\\\\\\\\\\\\\\\\\\\\\\\\\\\\\\\\\\\\\\\\\\\\\\\\\\\\\\\\\\\\\\\\\\\\\\\\\\\\\\\\\\\\\\\\\\\\\\\\\\\\\\\\\\\\\\\\\\\\\\\\\\\\\\\\\\\\\\\\\\\\\\\\\\\\\\\\\\\\\\\\\\\\\\\\\\\\\\\\\\\\\\\\\\\\\\\\\\\\\\\\\\\\\\\\\\\\\\\\\\\\\\\\\\\\\\\\\\\\\\\\\\\\\\\\\\\\\\\\\\\\\\\\\\\\\\\\\\\\\\\\\\\\\\\\\\\\\\\\\\\\\\\\\\\\\\\\\\\\\\\\\\\\\\\\\\\\\\\\\\\\\\\\\\\\\\\\\\\\\\\\\\\\\\\\\\\\\\\\\\\\\\\\\\\\\\\\\\\\\\\\\\\\\\\\\\\\\\\\\\\\\\\\\\\\\\\\\\\\\\\\\\\\\\\\\\\\\\\\\\\\\\\\\\\\\\\\\\\\\\\\\\\\\\\\\\\\\\\\\\\\\\\\\\\\\\\\\\\\\\\\\\\\\\\\\\\\\\\\\\\\\\\\\\\\\\\\\\\\\\\\\\\\\\\\\\\\\\\\\\\\\\\\\\\\\\\\\\\\\\\\\\\\\\\\\\\\\\\\\\\\\\\\\\\\\\\\\\\\\\\\\\\\\\\\\\\\\\\\\\\\\\\\\\\\\\\\\\\\\\\\\\\\\\\\\\\\\\\\\\\\\\\\\\\\\\\\\\\\\\\\\\\\\\\\\\\\\\\\\\\\\\\\\\\\\\\\\\\\\\\\\\\\\\\\\\\\\\\\\\\\\\\\\\\\\\\\\\\\\\\\\\\\\\\\\\\\\\\\\\\\\\\\\\\\\\\\\\\\\\\\\\\\\\\\\\\\\\\\\\\\\\\\\\\\\\\\\\\\\\\\\\\\\\\\\\\\\\\\\\\\\\\\\\\\\\\\\\\\\\\\\\\\\\\\\\\\\\\\\\\\\\\\\\\\\\\\\\\\\\\\\\\\\\\\\\\\\\\\\\\\\\\\\\\\\\\\\\\\\\\\\\\\\\\\\\\\\\\\\\\\\\\\\\\\\\\\\\\\\\\\\\\\\\\\\\\\\\\\\\\\\\\\\\\\\\\\\\\\\\\\\\\\\\\\\\\\\\\\\\\\\\\\\\\\\\\\\\\\\\\\\\\\\\\\\\\\\\\\\\\\\\\\\\\\\\\\\\\\\\\\\\\\\\\\\\\\\\\\\\\\\\\\\\\\\\\\\\\\\\\\\\\\\\\\\\\\\\\\\\\\\\\\\\\\\\\\\\\\\\\\\\\\\\\\\\\\\\\\\\\\\\\\\\\\\\\\\\\\\\\\\\\\\\\\\\\\\\\\\\\\\\\\\\\\\\\\\\\\\\\\\\\\\\\\\\\\\\\\\\\\\\\\\\\\\\\\\\\\\\\\\\\\\\\\\\\\\\\\\\\\\\\\\\\\\\\\\\\\\\\\\\\\\\\\\\\\\\\\\\\\\\\\\\\\\\\\\\\\\\\\\\\\\\\\\\\\\\\\\\\\\\\\\\\\\\\\\\\\\\\\\\\\\\\\\\\\\\\\\\\\\\\\\\\\\\\\\\\\\\\\\\\\\\\\\\\\\\\\\\\\\\\\\\\\\\\\\\\\\\\\\\\\\\\\\\\\\\\\\\\\\\\\\\\\\\\\\\\\\\\\\\\\\\\\\\\\\\\\\\\\\\\\\\\\\\\\\\\\\\\\\\\\\\\\\\\\\\\\\\\\\\\\\\\\\\\\\\\\\\\\\\\\\\\\\\\\\\\\\\\\\\\\\\\\\\\\\\\\\\\\\\\\\\\\\\\\\\\\\\\\\\\\\\\\\\\\\\\\\\\\\\\\\\\\\\\\\\\\\\\\\\\\\\\\\\\\\\\\\\\\\\\\\\\\\\\\\\\\\\\\\\\\\\\\\\\\\\\\\\\\\\\\\\\\\\\\\\\\\\\\\\\\\\\\\\\\\\\\\\\\\\\\\\\\\\\\\\\\\\\\\\\\\\\\\\\\\\\\\\\\\\\\\\\\\\\\\\\\\\\\\\\\\\\\\\\\\\\\\\\\\\\\\\\\\\\\\\\\\\\\\\\\\\\\\\\\\\\\\\\\\\\\\\\\\\\\\\\\\\\\\\\\\\\\\\\\\\\\\\\\\\\\\\\\\\\\\\\\\\\\\\\\\\\\\\\\\\\\\\\\\\\\\\\\\\\\\\\\\\\\\\\\\\\\\\\\\\\\\\\\\\\\\\\\\\\\\\\\\\\\\\\\\\\\\\\\\\\\\\\\\\\\\\\\\\\\\\\\\\\\\\\\\\\\\\\\\\\\\\\\\\\\\\\\\\\\\\\\\\\\\\\\\\\\\\\\\\\\\\\\\\\\\\\\\\\\\\\\\\\\\\\\\\\\\\\\\\\\\\\\\\\\\\\\\\\\\\\\\\\\\\\\\\\\\\\\\\\\\\\\\\\\\\\\\\\\\\\\\\\\\\\\\\\\\\\\\\\\\\\\\\\\\\\\\\\\\\\\\\\\\\\\\\\\\\\\\\\\\\\\\\\\\\\\\\\\\\\\\\\\\\\\\\\\\\\\\\\\\\\\\\\\\\\\\\\\\\\\\\\\\\\\\\\\\\\\\\\\\\\\\\\\\\\\\\\\\\\\\\\\\\\\\\\\\\\\\\\\\\\\\\\\\\\\\\\\\\\\\\\\\\\\\\\\\\\\\\\\\\\\\\\\\\\\\\\\\\\\\\\\\\\\\\\\\\\\\\\\\\\\\\\\\\\\\\\\\\\\\\\\\\\\\\\\\\\\\\\\\\\\\\\\\\\\\\\\\\\\\\\\\\\\\\\\\\\\\\\\\\\\\\\\\\\\\\\\\\\\\\\\\\\\\\\\\\\\\\\\\\\\\\\\\\\\\\\\\\\\\\\\\\\\\\\\\\\\\\\\\\\\\\\\\\\\\\\\\\\\\\\\\\\\\\\\\\\\\\\\\\\\\\\\\\\\\\\\\\\\\\\\\\\\\\\\\\\\\\\\\\\\\\\\\\\\\\\\\\\\\\\\\\\\\\\\\\\\\\\\\\\\\\\\\\\\\\\\\\\\\\\\\\\\\\\\\\\\\\\\\\\\\\\\\\\\\\\\\\\\\\\\\\\\\\\\\\\\\\\\\\\\\\\\\\\\\\\\\\\\\\\\\\\\\\\\\\\\\\\\\\\\\\\\\\\\\\\\\\\\\\\\\\\\\\\\\\\\\\\\\\\\\\\\\\\\\\\\\\\\\\\\\\\\\\\\\\\\\\\\\\\\\\\\\\\\\\\\\\\\\\\\\\\\\\\\\\\\\\\\\\\\\\\\\\\\\\\\\\\\\\\\\\\\\\\\\\\\\\\\\\\\\\\\\\\\\\\\\\\\\\\\\\\\\\\\\\\\\\\\\\\\\\\\\\\\\\\\\\\\\\\\\\\\\\\\\\\\\\\\\\\\\\\\\\\\\\\\\\\\\\\\\\\\\\\\\\\\\\\\\\\\\\\\\\\\\\\\\\\\\\\\\\\\\\\\\\\\\\\\\\\\\\\\\\\\\\\\\\\\\\\\\\\\\\\\\\\\\\\\\\\\\\\\\\\\\\\\\\\\\\\\\\\\\\\\\\\\\\\\\\\\\\\\\\\\\\\\\\\\\\\\\\\\\\\\\\\\\\\\\\\\\\\\\\\\\\\\\\\\\\\\\\\\\\\\\\\\\\\\\\\\\\\\\\\\\\\\\\\\\\\\\\\\\\\\\\\\\\\\\\\\\\\\\\\\\\\\\\\\\\\\\\\\\\\\\\\\\\\\\\\\\\\\\\\\\\\\\\\\\\\\\\\\\\\\\\\\\\\\\\\\\\\\\\\\\\\\\\\\\\\\\\\\\\\\\\\\\\\\\\\\\\\\\\\\\\\\\\\\\\\\\\\\\\\\\\\\\\\\\\\\\\\\\\\\\\\\\\\\\\\\\\\\\\\\\\\\\\\\\\\\\\\\\\\\\\\\\\\\\\\\\\\\\\\\\\\\\\\\\\\\\\\\\\\\\\\\\\\\\\\\\\\\\\\\\\\\\\\\\\\\\\\\\\\\\\\\\\\\\\\\\\\\\\\\\\\\\\\\\\\\\\\\\\\\\\\\\\\\\\\\\\\\\\\\\\\\\\\\\\\\\\\\\\\\\\\\\\\\\\\\\\\\\\\\\\\\\\\\\\\\\\\\\\\\\\\\\\\\\\\\\\\\\\\\\\\\\\\\\\\\\\\\\\\\\\\\\\\\\\\\\\\\\\\\\\\\\\\\\\\\\\\\\\\\\\\\\\\\\\\\\\\\\\\\\\\\\\\\\\\\\\\\\\\\\\\\\\\\\\\\\\\\\\\\\\\\\\\\\\\\\\\\\\\\\\\\\\\\\\\\\\\\\\\\\\\\\\\\\\\\\\\\\\\\\\\\\\\\\\\\\\\\\\\\\\\\\\\\\\\\\\\\\\\\\\\\\\\\\\\\\\\\\\\\\\\\\\\\\\\\\\\\\\\\\\\\\\\\\\\\\\\\\\\\\\\\\\\\\\\\\\\\\\\\\\\\\\\\\\\\\\\\\\\\\\\\\\\\\\\\\\\\\\\\\\\\\\\\\\\\\\\\\\\\\\\\\\\\\\\\\\\\\\\\\\\\\\\\\\\\\\\\\\\\\\\\\\\\\\\\\\\\\\\\\\\\\\\\\\\\\\\\\\\\\\\\\\\\\\\\\\\\\\\\\\\\\\\\\\\\\\\\\\\\\\\\\\\\\\\\\\\\\\\\\\\\\\\\\\\\\\\\\\\\\\\\\\\\\\\\\\\\\\\\\\\\\\\\\\\\\\\\\\\\\\\\\\\\\\\\\\\\\\\\\\\\\\\\\\\\\\\\\\\\\\\\\\\\\\\\\\\\\\\\\\\\\\\\/eclipse-hampshire
page_000094.json,X3070,RVN6A,Wiltshire Talking Therapies,1,SRV0339,"NHS psychological therapies services (IAPT), including cognitive behavioural therapy (CBT) ",1,Telephone,01380 731 335
page_000094.json,X3070,RVN6A,Wiltshire Talking Therapies,1,SRV0339,"NHS psychological therapies services (IAPT), including cognitive behavioural therapy (CBT) ",2,PhoneExt,
page_000094.json,X3070,RVN6A,Wiltshire Talking Therapies,1,SRV0339,"NHS psychological therapies services (IAPT), including cognitive behavioural therapy (CBT) ",3,Email,awp.Wiltshiretalkingtherapies@nhs.net
page_000094.json,X3070,RVN6A,Wiltshire Talking Therapies,1,SRV0339,"NHS psychological therapies services (IAPT), including cognitive behavioural therapy (CBT) ",4,Website,https://www.awp.nhs.uk/our-services/talking-therapies/self-refer-today/wiltshire
page_000094.json,X3113,RXX1Y,Mind Matters Surrey (NHS),1,SRV0339,"NHS psychological therapies services (IAPT), including cognitive behavioural therapy (CBT) ",1,Telephone,0300 330 5450
page_000094.json,X3113,RXX1Y,Mind Matters Surrey (NHS),1,SRV0339,"NHS psychological therapies services (IAPT), including cognitive behavioural therapy (CBT) ",2,PhoneExt,
page_000094.json,X3113,RXX1Y,Mind Matters Surrey (NHS),1,SRV0339,"NHS psychological therapies services (IAPT), including cognitive behavioural therapy (CBT) ",3,Email,rxx.mindmatters-surrey@nhs.net
page_000094.json,X3113,RXX1Y,Mind Matters Surrey (NHS),1,SRV0339,"NHS psychological therapies services (IAPT), including cognitive behavioural therapy (CBT) ",4,Website,https://www.mindmattersnhs.co.uk/
page_000094.json,X33053,RP767,Steps2Change Grantham,1,SRV0339,"NHS psychological therapies services (IAPT), including cognitive behavioural therapy (CBT) ",1,Telephone,0303 123 4000
page_000094.json,X33053,RP767,Steps2Change Grantham,1,SRV0339,"NHS psychological therapies services (IAPT), including cognitive behavioural therapy (CBT) ",2,PhoneExt,
page_000094.json,X33053,RP767,Steps2Change Grantham,1,SRV0339,"NHS psychological therapies services (IAPT), including cognitive behavioural therapy (CBT) ",3,Email,lincs.spa@nhs.net
page_000094.json,X33053,RP767,Steps2Change Grantham,1,SRV0339,"NHS psychological therapies services (IAPT), including cognitive behavioural therapy (CBT) ",4,Website,https://gateway.mayden.co.uk/referral-v2/c2ce2fcb-3586-4e64-8405-deac6ce440b1
page_000094.json,X33246,RV3AR,Hillingdon Talking Therapies (IAPT),1,SRV0339,"NHS psychological therapies services (IAPT), including cognitive behavioural therapy (CBT) ",1,Telephone,01895 206800
page_000094.json,X33246,RV3AR,Hillingdon Talking Therapies (IAPT),1,SRV0339,"NHS psychological therapies services (IAPT), including cognitive behavioural therapy (CBT) ",2,PhoneExt,
page_000094.json,X33246,RV3AR,Hillingdon Talking Therapies (IAPT),1,SRV0339,"NHS psychological therapies services (IAPT), including cognitive behavioural therapy (CBT) ",3,Email,cnwl.hillingdontalkingtherapies@nhs.net
page_000094.json,X33246,RV3AR,Hillingdon Talking Therapies (IAPT),1,SRV0339,"NHS psychological therapies services (IAPT), including cognitive behavioural therapy (CBT) ",4,Website,https://talkingtherapies.cnwl.nhs.uk/hillingdon/refer-yourself-hillingdon
page_000094.json,X33784,TAJ44,Whiteheath Clinic,1,SRV0339,"NHS psychological therapies services (IAPT), including cognitive behavioural therapy (CBT) ",1,Telephone,0121 612 6650
page_000094.json,X33784,TAJ44,Whiteheath Clinic,1,SRV0339,"NHS psychological therapies services (IAPT), including cognitive behavioural therapy (CBT) ",2,PhoneExt,
page_000094.json,X33784,TAJ44,Whiteheath Clinic,1,SRV0339,"NHS psychological therapies services (IAPT), including cognitive behavioural therapy (CBT) ",3,Email,bchft.sandwelltalkingtherapies@nhs.net
page_000094.json,X33784,TAJ44,Whiteheath Clinic,1,SRV0339,"NHS psychological therapies services (IAPT), including cognitive behavioural therapy (CBT) ",4,Website,
page_000095.json,X34203,RXG77,NHS Kirklees Talking Therapies,1,SRV0339,"NHS psychological therapies services (IAPT), including cognitive behavioural therapy (CBT) ",1,Telephone,01484 343700
page_000095.json,X34203,RXG77,NHS Kirklees Talking Therapies,1,SRV0339,"NHS psychological therapies services (IAPT), including cognitive behavioural therapy (CBT) ",2,PhoneExt,
page_000095.json,X34203,RXG77,NHS Kirklees Talking Therapies,1,SRV0339,"NHS psychological therapies services (IAPT), including cognitive behavioural therapy (CBT) ",3,Email,
page_000095.json,X34203,RXG77,NHS Kirklees Talking Therapies,1,SRV0339,"NHS psychological therapies services (IAPT), including cognitive behavioural therapy (CBT) ",4,Website,https://kirklees-talkingtherapies.nhs.uk/
page_000095.json,X34704,V007392,Ringwood Dental,1,SRV0087,Braces and other orthodontic treatments,1,Website,http://www.ringwooddental.co.uk/orthodontics.php
page_000103.json,X45726,V007225,Madeley Dental Practice,1,SRV0087,Braces and other orthodontic treatment,1,Website,http:\\\\\\\\\\\\\\\\\\\\\\\\\\\\\\\\\\\\\\\\\\\\\\\\\\\\\\\\\\\\\\\\\\\\\\\\\\\\\\\\\\\\\\\\\\\\\\\\/\\\\\\\\\\\\\\\\\\\\\\\\\\\\\\\\\\\\\\\\\\\\\\\\\\\\\\\\\\\\\\\\\\\\\\\\\\\\\\\\\\\\\\\\\\\\\\\\/www.madeley-dental.co.uk\\\\\\\\\\\\\\\\\\\\\\\\\\\\\\\\\\\\\\\\\\\\\\\\\\\\\\\\\\\\\\\\\\\\\\\\\\\\\\\\\\\\\\\\\\\\\\\\/orthodontic-treatment
page_000103.json,X46005,NDJ07,Oxted Therapy Unit,1,SRV0228,Musculo-skeletal services,1,Telephone,01883 733893
page_000103.json,X46005,NDJ07,Oxted Therapy Unit,1,SRV0228,Musculo-skeletal services,2,PhoneExt,
page_000103.json,X46345,R1HM0,St Bartholomew's Hospital,1,SRV0178,Urgent care centre,1,Telephone,02034656843
page_000103.json,X46345,R1HM0,St Bartholomew's Hospital,1,SRV0178,Urgent care centre,2,PhoneExt,
page_000103.json,X46887,V002279,Damira Maycroft Dental Practice,1,SRV0087,Braces and other orthodontic treatment,1,Website,https:\\\\\\\\\\\\\\\\\\\\\\\\\\\\\\\\\\\\\\\\\\\\\\\\\\\\\\\\\\\\\\\\\\\\\\\\\\\\\\\\\\\\\\\\\\\\\\\\\\\\\\\\\\\\\\\\\\\\\\\\\\\\\\\\\\\\\\\\\\\\\\\\\\\\\\\\\\\\\\\\\\\\\\\\\\\\\\\\\\\\\\\\\\\\\\\\\\\\\\\\\\\\\\\\\\\\\\\\\\\\\\\\\\\\\\\\\\\\\\\\\\\\\\\\\\\\\\\\\\\\\\\\\\\\\\\\\\\\\\\\\\\\\\\\\\\\\\\\\\\\\\\\\\\\\\\\\\\\\\\\\\\\\\\\\\\\\\\\\\\\\\\\\\\\\\\\\\\\\\\\\\\\\\\\\\\\\\\\\\\\\\\\\\\\\\\\\\\\\\\\\\\\\\\\\\\\\\\\\\\\\\\\\\\\\\\\\\\\\\\\\\\\\\\\\\\\\\\\\\\\\\\\\\\\\\\\\\\\\\\\\\\\\\\\\\\\\\\\\\\\\\\\\\\\\\\\\\\\\\\\\\\\\\\\\\\\\\\\\\\\\\\\\\\\\\\\\\\\\\\\\\\\\\\\\\\\\\\\\\\\\\\\\\\\\\\\\\\\\\\\\\\\\\\\\\\\\\\\\\\\\\\\\\\\\\\\\\\\\\\\\\\\\\\\\\\\\\\\\\\\\\\\\\\\\\\\\\\\\\\\\\\\\\\\\\\\\\\\\\\\\\\\\\\\\\\\\\\\\\\\\\\\\\\\\\\\\\\\\\\\\\\\\\\\\\\\\\\\\\\\\\\\\\\\\\\\\\\\\\\\\\\\\\\\\\\\\\\\\\\\\\\\\\\\\\\\\\\\\\\\\\\\\\\\\\\\\\\\\\\\\\\\\\\\\\\\\\\\\\\\\\\\\\\\\\\\\\\\\\\\\\\\\\\\\\\\\\\\\\\\\\\\\\\\\\\\\\\\\\\\\\\\\\\\\\\\\\\\\\\\\\\\\\\\\\\\\\\\\\\\\\\\\\\\\\\\\\\\\\\\\\\\\\\\\\\\\\\\\\\\\\\\\\\\\\\\\\\\\\\\\\\\\\\\\\\\\\\\\\\\\\\\\\\\\\\\\\\\\\\\\\\\\\\\\\\\\\\\\\\\\\\\\\\\\\\\\\\\\\\\\\\\\\\\\\\\\\\\\\\\\\\\\\\\\\\\\\\\\\\\\\\\\\\\\\\\\\\\\\\\\\\\\\\\\\\\\\\\\\\\\\\\\\\\\\\\\\\\\\\\\\\\\\\\\\\\\\\\\\\\\\\\\\\\\\\\\\\\\\\\\\\\\\\\\\\\\\\\\\\\\\\\\\\\\\\\\\\\\\\\\\\\\\\\\\\\\\\\\\\\\\\\\\\\\\\\\\\\\\\\\\\\\\\\\\\\\\\\\\\\\\\\\\\\\\\\\\\\\\\\\\\\\\\\\\\\\\\\\\\\\\\\\\\\\\\\\\\\\\\\\\\\\\\\\\\\\\\\\\\\\\\\\\\\\\\\\\\\\\\\\\\\\\\\\\\\\\\\\\\\\\\\\\\\\\\\\\\\\\\\\\\\\\\\\\\\\\\\\\\\\\\\\\\\\\\\\\\\\\\\\\\\\\\\\\\\\\\\\\\\\\\\\\\\\\\\\\\\\\\\\\\\\\\\\\\\\\\\\\\\\\\\\\\\\\\\\\\\\\\\\\\\\\\\\\\\\\\\\\\\\\\\\\\\\\\\\\\\\\\\\\\\\\\\\\\\\\\\\\\\\\\\\\\\\\\\\\\\\\\\\\\\\\\\\\\\\\\\\\\\\\\\\\\\\\\\\\\\\\\\\\\\\\\\\\\\\\\\\\\\\\\\\\\\\\\\\\\\\\\\\\\\\\\\\\\\\\\\\\\\\\\\\\\\\\\\\\\\\\\\\\\\\\\\\\\\\\\\\\\\\\\\\\\\\\\\\\\\\\\\\\\\\\\\\\\\\\\\\\\\\\\\\\\\\\\\\\\\\\\\\\\\\\\\\\\\\\\\\\\\\\\\\\\\\\\\\\\\\\\\\\\\\\\\\\\\\\\\\\\\\\\\\\\\\\\\\\\\\\\\\\\\\\\\\\\\\\\\\\\\\\\\\\\\\\\\\\\\\\\\\\\\\\\\\\\\\\\\\\\\\\\\\\\\\\\\\\\\\\\\\\\\\\\\\\\\\\\\\\\\\\\\\\\\\\\\\\\\\\\\\\\\\\\\\\\\\\\\\\\\\\\\\\\\\\\\\\\\\\\\\\\\\\\\\\\\\\\\\\\\\\\\\\\\\\\\\\\\\\\\\\\\\\\\\\\\\\\\\\\\\\\\\\\\\\\\\\\\\\\\\\\\\\\\\\\\\\\\\\\\\\\\\\\\\\\\\\\\\\\\\\\\\\\\\\\\\\\\\\\\\\\\\\\\\\\\\\\\\\\\\\\\\\\\\\\\\\\\\\\\\\\\\\\\\\\\\\\\\\\\\\\\\\\\\\\\\\\\\\\\\\\\\\\\\\\\\\\\\\\\\\\\\\\\\\\\\\\\\\\\\\\\\\\\\\\\\\\\\\\\\\\\\\\\\\\\\\\\\\\\\\\\\\\\\\\\\\\\\\\\\\\\\\\\\\\\\\\\\\\\\\\\\\\\\\\\\\\\\\\\\\\\\\\\\\\\\\\\\\\\\\\\\\\\\\\\\\\\\\\\\\\\\\\\\\\\\\\\\\\\\\\\\\\\\\\\\\\\\\\\\\\\\\\\\\\\\\\\\\\\\\\\\\\\\\\\\\\\\\\\\\\\\\\\\\\\\\\\\\\\\\\\\\\\\\\\\\\\\\\\\\\\\\\\\\\\\\\\\\\\\\\\\\\\\\\\\\\\\\\\\\\\\\\\\\\\\\\\\\\\\\\\\\\\\\\\\\\\\\\\\\\\\\\\\\\\\\\\\\\\\\\\\\\\\\\\\\\\\\\\\\\\\\\\\\\\\\\\\\\\\\\\\\\\\\\\\\\\\\\\\\\\\\\\\\\\\\\\\\\\\\\\\\\\\\\\\\\\\\\\\\\\\\\\\\\\\\\\\\\\\\\\\\\\\\\\\\\\\\\\\\\\\\\\\\\\\\\\\\\\\\\\\\\\\\\\\\\\\\\\\\\\\\\\\\\\\\\\\\\\\\\\\\\\\\\\\\\\\\\\\\\\\\\\\\\\\\\\\\\\\\\\\\\\\\\\\\\\\\\\\\\\\\\\\\\\\\\\\\\\\\\\\\\\\\\\\\\\\\\\\\\\\\\\\\\\\\\\\\\\\\\\\\\\\\\\\\\\\\\\\\\\\\\\\\\\\\\\\\\\\\\\\\\\\\\\\\\\\\\\\\\\\\\\\\\\\\\\\\\\\\\\\\\\\\\\\\\\\\\\\\\\\\\\\\\\\\\\\\\\\\\\\\\\\\\\\\\\\\\\\\\\\\\\\\\\\\\\\\\\\\\\\\\\\\\\\\\\\\\\\\\\\\\\\\\\\\\\\\\\\\\\\\\\\\\\\\\\\\\\\\\\\\\\\\\\\\\\\\\\\\\\\\\\\\\\\\\\\\\\\\\\\\\\\\\\\\\\\\\\\\\\\\\\\\\\\\\\\\\\\\\\\\\\\\\\\\\\\\\\\\\\\\\\\\\\\\\\\\\\\\\\\\\\\\\\\\\\\\\\\\\\\\\\\\\\\\\\\\\\\\\\\\\\\\\\\\\\\\\\\\\\\\\\\\\\\\\\\\\\\\\\\\\\\\\\\\\\\\\\\\\\\\\\\\\\\\\\\\\\\\\\\\\\\\\\\\\\\\\\\\\\\\\\\\\\\\\\\\\\\\\\\\\\\\\\\\\\\\\\\\\\\\\\\\\\\\\\\\\\\\\\\\\\\\\\\\\\\\\\\\\\\\\\\\\\\\\\\\\\\\\\\\\\\\\\\\\\\\\\\\\\\\\\\\\\\\\\\\\\\\\\\\\\\\\\\\\\\\\\\\\\\\\\\\\\\\\\\\\\\\\\\\\\\\\\\\\\\\\\\\\\\\\\\\\\\\\\\\\\\\\\\\\\\\\\\\\\\\\\\\\\\\\\\\\\\\\\\\\\\\\\\\\\\\\\\\\\\\\\\\\\\\\\\\\\\\\\\\\\\\\\\\\\\\\\\\\\\\\\\\\\\\\\\\\\\\\\\\\\\\\\\\\\\\\\\\\\\\\\\\\\\\\\\\\\\\\\\\\\\\\\\\\\\\\\\\\\\\\\\\\\\\\\\\\\\\\\\\\\\\\\\\\\\\\\\\\\\\\\\\\\\\\\\\\\\\\\\\\\\\\\\\\\\\\\\\\\\\\\\\\\\\\\\\\\\\\\\\\\\\\\\\\\\\\\\\\\\\\\\\\\\\\\\\\\\\\\\\\\\\\\\\\\\\\\\\\\\\\\\\\\\\\\\\\\\\\\\\\\\\\\\\\\\\\\\\\\\\\\\\\\\\\\\\\\\\\\\\\\\\\\\\\\\\\\\\\\\\\\\\\\\\\\\\\\\\\\\\\\\\\\\\\\\\\\\\\\\\\\\\\\\\\\\\\\\\\\\\\\\\\\\\\\\\\\\\\\\\\\\\\\\\\\\\\\\\\\\\\\\\\\\\\\\\\\\\\\\\\\\\\\\\\\\\\\\\\\\\\\\\\\\\\\\\\\\\\\\\\\\\\\\\\\\\\\\\\\\\\\\\\\\\\\\\\\\\\\\\\\\\\\\\\\\\\\\\\\\\\\\\\\\\\\\\\\\\\\\\\\\\\\\\\\\\\\\\\\\\\\\\\\\\\\\\\\\\\\\\\\\\\\\\\\\\\\\\\\\\\\\\\\\\\\\\\\\\\\\\\\\\\\\\\\\\\\\\\\\\\\\\\\\\\\\\\\\\\\\\\\\\\\\\\\\\\\\\\\\\\\\\\\\\\\\\\\\\\\\\\\\\\\\\\\\\\\\\\\\\\\\\\\\\\\\\\\\\\\\\\\\\\\\\\\\\\\\\\\\\\\\\\\\\\\\\\\\\\\\\\\\\\\\\\\\\\\\\\\\\\\\\\\\\\\\\\\\\\\\\\\\\\\\\\\\\\\\\\\\\\\\\\\\\\\\\\\\\\\\\\\\\\\\\\\\\\\\\\\\\\\\\\\\\\\\\\\\\\\\\\\\\\\\\\\\\\\\\\\\\\\\\\\\\\\\\\\\\\\\\\\\\\\\\\\\\\\\\\\\\\\\\\\\\\\\\\\\\\\\\\\\\\\\\\\\\\\\\\\\\\\\\\\\\\\\\\\\\\\\\\\\\\\\\\\\\\\\\\\\\\\\\\\\\\\\\\\\\\\\\\\\\\\\\\\\\\\\\\\\\\\\\\\\\\\\\\\\\\\\\\\\\\\\\\\\\\\\\\\\\\\\\\\\\\\\\\\\\\\\\\\\\\\\\\\\\\\\\\\\\\\\\\\\\\\\\\\\\\\\\\\\\\\\\\\\\\\\\\\\\\\\\\\\\\\\\\\\\\\\\\\\\\\\\\\\\\\\\\\\\\\\\\\\\\\\\\\\\\\\\\\\\\\\\\\\\\\\\\\\\\\\\\\\\\\\\\\\\\\\\\\\\\\\\\\\\\\\\\\\\\\\\\\\\\\\\\\\\\\\\\\\\\\\\\\\\\\\\\\\\\\\\\\\\\\\\\\\\\\\\\\\\\\\\\\\\\\\\\\\\\\\\\\\\\\\\\\\\\\\\\\\\\\\\\\\\\\\\\\\\\\\\\\\\\\\\\\\\\\\\\\\\\\\\\\\\\\\\\\\\\\\\\\\\\\\\\\\\\\\\\\\\\\\\\\\\\\\\\\\\\\\\\\\\\\\\\\\\\\\\\\\\\\\\\\\\\\\\\\\\\\\\\\\\\\\\\\\\\\\\\\\\\\\\\\\\\\\\\\\\\\\\\\\\\\\\\\\\\\\\\\\\\\\\\\\\\\\\\\\\\\\\\\\\\\\\\\\\\\\\\\\\\\\\\\\\\\\\\\\\\\\\\\\\\\\\\\\\\\\\\\\\\\\\\\\\\\\\\\\\\\\\\\\\\\\\\\\\\\\\\\\\\\\\\\\\\\\\\\\\\\\\\\\\\\\\\\\\\\\\\\\\\\\\\\\\\\\\\\\\\\\\\\\\\\\\\\\\\\\\\\\\\\\\\\\\\\\\\\\\\\\\\\\\\\\\\\\\\\\\\\\\\\\\\\\\\\\\\\\\\\\\\\\\\\\\\\\\\\\\\\\\\\\\\\\\\\\\\\\\\\\\\\\\\\\\\\\\\\\\\\\\\\\\\\\\\\\\\\\\\\\\\\\\\\\\\\\\\\\\\\\\\\\\\\\\\\\\\\\\\\\\\\\\\\\\\\\\\\\\\\\\\\\\\\\\\\\\\\\\\\\\\\\\\\\\\\\\\\\\\\\\\\\\\\\\\\\\\\\\\\\\\\\\\\\\\\\\\\\\\\\\\\\\\\\\\\\\\\\\\\\\\\\\\\\\\\\\\\\\\\\\\\\\\\\\\\\\\\\\\\\\\\\\\\\\\\\\\\\\\\\\\\\\\\\\\\\\\\\\\\\\\\\\\\\\\\\\\\\\\\\\\\\\\\\\\\\\\\\\\\\\\\\\\\\\\\\\\\\\\\\\\\/\\\\\\\\\\\\\\\\\\\\\\\\\\\\\\\\\\\\\\\\\\\\\\\\\\\\\\\\\\\\\\\\\\\\\\\\\\\\\\\\\\\\\\\\\\\\\\\\\\\\\\\\\\\\\\\\\\\\\\\\\\\\\\\\\\\\\\\\\\\\\\\\\\\\\\\\\\\\\\\\\\\\\\\\\\\\\\\\\\\\\\\\\\\\\\\\\\\\\\\\\\\\\\\\\\\\\\\\\\\\\\\\\\\\\\\\\\\\\\\\\\\\\\\\\\\\\\\\\\\\\\\\\\\\\\\\\\\\\\\\\\\\\\\\\\\\\\\\\\\\\\\\\\\\\\\\\\\\\\\\\\\\\\\\\\\\\\\\\\\\\\\\\\\\\\\\\\\\\\\\\\\\\\\\\\\\\\\\\\\\\\\\\\\\\\\\\\\\\\\\\\\\\\\\\\\\\\\\\\\\\\\\\\\\\\\\\\\\\\\\\\\\\\\\\\\\\\\\\\\\\\\\\\\\\\\\\\\\\\\\\\\\\\\\\\\\\\\\\\\\\\\\\\\\\\\\\\\\\\\\\\\\\\\\\\\\\\\\\\\\\\\\\\\\\\\\\\\\\\\\\\\\\\\\\\\\\\\\\\\\\\\\\\\\\\\\\\\\\\\\\\\\\\\\\\\\\\\\\\\\\\\\\\\\\\\\\\\\\\\\\\\\\\\\\\\\\\\\\\\\\\\\\\\\\\\\\\\\\\\\\\\\\\\\\\\\\\\\\\\\\\\\\\\\\\\\\\\\\\\\\\\\\\\\\\\\\\\\\\\\\\\\\\\\\\\\\\\\\\\\\\\\\\\\\\\\\\\\\\\\\\\\\\\\\\\\\\\\\\\\\\\\\\\\\\\\\\\\\\\\\\\\\\\\\\\\\\\\\\\\\\\\\\\\\\\\\\\\\\\\\\\\\\\\\\\\\\\\\\\\\\\\\\\\\\\\\\\\\\\\\\\\\\\\\\\\\\\\\\\\\\\\\\\\\\\\\\\\\\\\\\\\\\\\\\\\\\\\\\\\\\\\\\\\\\\\\\\\\\\\\\\\\\\\\\\\\\\\\\\\\\\\\\\\\\\\\\\\\\\\\\\\\\\\\\\\\\\\\\\\\\\\\\\\\\\\\\\\\\\\\\\\\\\\\\\\\\\\\\\\\\\\\\\\\\\\\\\\\\\\\\\\\\\\\\\\\\\\\\\\\\\\\\\\\\\\\\\\\\\\\\\\\\\\\\\\\\\\\\\\\\\\\\\\\\\\\\\\\\\\\\\\\\\\\\\\\\\\\\\\\\\\\\\\\\\\\\\\\\\\\\\\\\\\\\\\\\\\\\\\\\\\\\\\\\\\\\\\\\\\\\\\\\\\\\\\\\\\\\\\\\\\\\\\\\\\\\\\\\\\\\\\\\\\\\\\\\\\\\\\\\\\\\\\\\\\\\\\\\\\\\\\\\\\\\\\\\\\\\\\\\\\\\\\\\\\\\\\\\\\\\\\\\\\\\\\\\\\\\\\\\\\\\\\\\\\\\\\\\\\\\\\\\\\\\\\\\\\\\\\\\\\\\\\\\\\\\\\\\\\\\\\\\\\\\\\\\\\\\\\\\\\\\\\\\\\\\\\\\\\\\\\\\\\\\\\\\\\\\\\\\\\\\\\\\\\\\\\\\\\\\\\\\\\\\\\\\\\\\\\\\\\\\\\\\\\\\\\\\\\\\\\\\\\\\\\\\\\\\\\\\\\\\\\\\\\\\\\\\\\\\\\\\\\\\\\\\\\\\\\\\\\\\\\\\\\\\\\\\\\\\\\\\\\\\\\\\\\\\\\\\\\\\\\\\\\\\\\\\\\\\\\\\\\\\\\\\\\\\\\\\\\\\\\\\\\\\\\\\\\\\\\\\\\\\\\\\\\\\\\\\\\\\\\\\\\\\\\\\\\\\\\\\\\\\\\\\\\\\\\\\\\\\\\\\\\\\\\\\\\\\\\\\\\\\\\\\\\\\\\\\\\\\\\\\\\\\\\\\\\\\\\\\\\\\\\\\\\\\\\\\\\\\\\\\\\\\\\\\\\\\\\\\\\\\\\\\\\\\\\\\\\\\\\\\\\\\\\\\\\\\\\\\\\\\\\\\\\\\\\\\\\\\\\\\\\\\\\\\\\\\\\\\\\\\\\\\\\\\\\\\\\\\\\\\\\\\\\\\\\\\\\\\\\\\\\\\\\\\\\\\\\\\\\\\\\\\\\\\\\\\\\\\\\\\\\\\\\\\\\\\\\\\\\\\\\\\\\\\\\\\\\\\\\\\\\\\\\\\\\\\\\\\\\\\\\\\\\\\\\\\\\\\\\\\\\\\\\\\\\\\\\\\\\\\\\\\\\\\\\\\\\\\\\\\\\\\\\\\\\\\\\\\\\\\\\\\\\\\\\\\\\\\\\\\\\\\\\\\\\\\\\\\\\\\\\\\\\\\\\\\\\\\\\\\\\\\\\\\\\\\\\\\\\\\\\\\\\\\\\\\\\\\\\\\\\\\\\\\\\\\\\\\\\\\\\\\\\\\\\\\\\\\\\\\\\\\\\\\\\\\\\\\\\\\\\\\\\\\\\\\\\\\\\\\\\\\\\\\\\\\\\\\\\\\\\\\\\\\\\\\\\\\\\\\\\\\\\\\\\\\\\\\\\\\\\\\\\\\\\\\\\\\\\\\\\\\\\\\\\\\\\\\\\\\\\\\\\\\\\\\\\\\\\\\\\\\\\\\\\\\\\\\\\\\\\\\\\\\\\\\\\\\\\\\\\\\\\\\\\\\\\\\\\\\\\\\\\\\\\\\\\\\\\\\\\\\\\\\\\\\\\\\\\\\\\\\\\\\\\\\\\\\\\\\\\\\\\\\\\\\\\\\\\\\\\\\\\\\\\\\\\\\\\\\\\\\\\\\\\\\\\\\\\\\\\\\\\\\\\\\\\\\\\\\\\\\\\\\\\\\\\\\\\\\\\\\\\\\\\\\\\\\\\\\\\\\\\\\\\\\\\\\\\\\\\\\\\\\\\\\\\\\\\\\\\\\\\\\\\\\\\\\\\\\\\\\\\\\\\\\\\\\\\\\\\\\\\\\\\\\\\\\\\\\\\\\\\\\\\\\\\\\\\\\\\\\\\\\\\\\\\\\\\\\\\\\\\\\\\\\\\\\\\\\\\\\\\\\\\\\\\\\\\\\\\\\\\\\\\\\\\\\\\\\\\\\\\\\\\\\\\\\\\\\\\\\\\\\\\\\\\\\\\\\\\\\\\\\\\\\\\\\\\\\\\\\\\\\\\\\\\\\\\\\\\\\\\\\\\\\\\\\\\\\\\\\\\\\\\\\\\\\\\\\\\\\\\\\\\\\\\\\\\\\\\\\\\\\\\\\\\\\\\\\\\\\\\\\\\\\\\\\\\\\\\\\\\\\\\\\\\\\\\\\\\\\\\\\\\\\\\\\\\\\\\\\\\\\\\\\\\\\\\\\\\\\\\\\\\\\\\\\\\\\\\\\\\\\\\\\\\\\\\\\\\\\\\\\\\\\\\\\\\\\\\\\\\\\\\\\\\\\\\\\\\\\\\\\\\\\\\\\\\\\\\\\\\\\\\\\\\\\\\\\\\\\\\\\\\\\\\\\\\\\\\\\\\\\\\\\\\\\\\\\\\\\\\\\\\\\\\\\\\\\\\\\\\\\\\\\\\\\\\\\\\\\\\\\\\\\\\\\\\\\\\\\\\\\\\\\\\\\\\\\\\\\\\\\\\\\\\\\\\\\\\\\\\\\\\\\\\\\\\\\\\\\\\\\\\\\\\\\\\\\\\\\\\\\\\\\\\\\\\\\\\\\\\\\\\\\\\\\\\\\\\\\\\\\\\\\\\\\\\\\\\\\\\\\\\\\\\\\\\\\\\\\\\\\\\\\\\\\\\\\\\\\\\\\\\\\\\\\\\\\\\\\\\\\\\\\\\\\\\\\\\\\\\\\\\\\\\\\\\\\\\\\\\\\\\\\\\\\\\\\\\\\\\\\\\\\\\\\\\\\\\\\\\\\\\\\\\\\\\\\\\\\\\\\\\\\\\\\\\\\\\\\\\\\\\\\\\\\\\\\\\\\\\\\\\\\\\\\\\\\\\\\\\\\\\\\\\\\\\\\\\\\\\\\\\\\\\\\\\\\\\\\\\\\\\\\\\\\\\\\\\\\\\\\\\\\\\\\\\\\\\\\\\\\\\\\\\\\\\\\\\\\\\\\\\\\\\\\\\\\\\\\\\\\\\\\\\\\\\\\\\\\\\\\\\\\\\\\\\\\\\\\\\\\\\\\\\\\\\\\\\\\\\\\\\\\\\\\\\\\\\\\\\\\\\\\\\\\\\\\\\\\\\\\\\\\\\\\\\\\\\\\\\\\\\\\\\\\\\\\\\\\\\\\\\\\\\\\\\\\\\\\\\\\\\\\\\\\\\\\\\\\\\\\\\\\\\\\\\\\\\\\\\\\\\\\\\\\\\\\\\\\\\\\\\\\\\\\\\\\\\\\\\\\\\\\\\\\\\\\\\\\\\\\\\\\\\\\\\\\\\\\\\\\\\\\\\\\\\\\\\\\\\\\\\\\\\\\\\\\\\\\\\\\\\\\\\\\\\\\\\\\\\\\\\\\\\\\\\\\\\\\\\\\\\\\\\\\\\\\\\\\\\\\\\\\\\\\\\\\\\\\\\\\\\\\\\\\\\\\\\\\\\\\\\\\\\\\\\\\\\\\\\\\\\\\\\\\\\\\\\\\\\\\\\\\\\\\\\\\\\\\\\\\\\\\\\\\\\\\\\\\\\\\\\\\\\\\\\\\\\\\\\\\\\\\\\\\\\\\\\\\\\\\\\\\\\\\\\\\\\\\\\\\\\\\\\\\\\\\\\\\\\\\\\\\\\\\\\\\\\\\\\\\\\\\\\\\\\\\\\\\\\\\\\\\\\\\\\\\\\\\\\\\\\\\\\\\\\\\\\\\\\\\\\\\\\\\\\\\\\\\\\\\\\\\\\\\\\\\\\\\\\\\\\\\\\\\\\\\\\\\\\\\\\\\\\\\\\\\\\\\\\\\\\\\\\\\\\\\\\\\\\\\\\\\\\\\\\\\\\\\\\\\\\\\\\\\\\\\\\\\\\\\\\\\\\\\\\\\\\\\\\\\\\\\\\\\\\\\\\\\\\\\\\\\\\\\\\\\\\\\\\\\\\\\\\\\\\\\\\\\\\\\\\\\\\\\\\\\\\\\\\\\\\\\\\\\\\\\\\\\\\\\\\\\\\\\\\\\\\\\\\\\\\\\\\\\\\\\\\\\\\\\\\\\\\\\\\\\\\\\\\\\\\\\\\\\\\\\\\\\\\\\\\\\\\\\\\\\\\\\\\\\\\\\\\\\\\\\\\\\\\\\\\\\\\\\\\\\\\\\\\\\\\\\\\\\\\\\\\\\\\\\\\\\\\\\\\\\\\\\\\\\\\\\\\\\\\\\\\\\\\\\\\\\\\\\\\\\\\\\\\\\\\\\\\\\\\\\\\\\\\\\\\\\\\\\\\\\\\\\\\\\\\\\\\\\\\\\\\\\\\\\\\\\\\\\\\\\\\\\\\\\\\\\\\\\\\\\\\\\\\\\\\\\\\\\\\\\\\\\\\\\\\\\\\\\\\\\\\\\\\\\\\\\\\\\\\\\\\\\\\\\\\\\\\\\\\\\\\\\\\\\\\\\\\\\\\\\\\\\\\\\\\\\\\\\\\\\\\\\\\\\\\\\\\\\\\\\\\\\\\\\\\\\\\\\\\\\\\\\\\\\\\\\\\\\\\\\\\\\\\\\\\\\\\\\\\\\\\\\\\\\\\\\\\\\\\\\\\\\\\\\\\\\\\\\\\\\\\\\\\\\\\\\\\\\\\\\\\\\\\\\\\\\\\\\\\\\\\\\\\\\\\\\\\\\\\\\\\\\\\\\\\\\\\\\\\\\\\\\\\\\\\\\\\\\\\\\\\\\\\\\\\\\\\\\\\\\\\\\\\\\\\\\\\\\\\\\\\\\\\\\\\\\\\\\\\\\\\\\\\\\\\\\\\\\\\\\\\\\\\\\\\\\\\\\\\\\\\\\\\\\\\\\\\\\\\\\\\\\\\\\\\\\\\\\\\\\\\\\\\\\\\\\\\\\\\\\\\\\\\\\\\\\\\\\\\\\\\\\\\\\\\\\\\\\\\\\\\\\\\\\\\\\\\\\\\\\\\\\\\\\\\\\\\\\\\\\\\\\\\\\\\\\\\\\\\\\\\\\\\\\\\\\\\\\\\\\\\\\\\\\\\\\\\\\\\\\\\\\\\\\\\\\\\\\\\\\\\\\\\\\\\\\\\\\\\\\\\\\\\\\\\\\\\\\\\\\\\\\\\\\\\\\\\\\\\\\\\\\\\\\\\\\\\\\\\\\\\\\\\\\\\\\\\\\\\\\\\\\\\\\\\\\\\\\\\\\\\\\\\\\\\\\\\\\\\\\\\\\\\\\\\\\\\\\\\\\\\\\\\\\\\\\\\\\\\\\\\\\\\\\\\\\\\\\\\\\\\\\\\\\\\\\\\\\\\\\\\\\\\\\\\\\\\\\\\\\\\\\\\\\\\\\\\\\\\\\\\\\\\\\\\\\\\\\\\\\\\\\\\\\\\\\\\\\\\\\\\\\\\\\\\\\\\\\\\\\\\\\\\\\\\\\\\\\\\\\\\\\\\\\\\\\\\/damiradental.co.uk\\\\\\\\\\\\\\\\\\\\\\\\\\\\\\\\\\\\\\\\\\\\\\\\\\\\\\\\\\\\\\\\\\\\\\\\\\\\\\\\\\\\\\\\\\\\\\\\\\\\\\\\\\\\\\\\\\\\\\\\\\\\\\\\\\\\\\\\\\\\\\\\\\\\\\\\\\\\\\\\\\\\\\\\\\\\\\\\\\\\\\\\\\\\\\\\\\\\\\\\\\\\\\\\\\\\\\\\\\\\\\\\\\\\\\\\\\\\\\\\\\\\\\\\\\\\\\\\\\\\\\\\\\\\\\\\\\\\\\\\\\\\\\\\\\\\\\\\\\\\\\\\\\\\\\\\\\\\\\\\\\\\\\\\\\\\\\\\\\\\\\\\\\\\\\\\\\\\\\\\\\\\\\\\\\\\\\\\\\\\\\\\\\\\\\\\\\\\\\\\\\\\\\\\\\\\\\\\\\\\\\\\\\\\\\\\\\\\\\\\\\\\\\\\\\\\\\\\\\\\\\\\\\\\\\\\\\\\\\\\\\\\\\\\\\\\\\\\\\\\\\\\\\\\\\\\\\\\\\\\\\\\\\\\\\\\\\\\\\\\\\\\\\\\\\\\\\\\\\\\\\\\\\\\\\\\\\\\\\\\\\\\\\\\\\\\\\\\\\\\\\\\\\\\\\\\\\\\\\\\\\\\\\\\\\\\\\\\\\\\\\\\\\\\\\\\\\\\\\\\\\\\\\\\\\\\\\\\\\\\\\\\\\\\\\\\\\\\\\\\\\\\\\\\\\\\\\\\\\\\\\\\\\\\\\\\\\\\\\\\\\\\\\\\\\\\\\\\\\\\\\\\\\\\\\\\\\\\\\\\\\\\\\\\\\\\\\\\\\\\\\\\\\\\\\\\\\\\\\\\\\\\\\\\\\\\\\\\\\\\\\\\\\\\\\\\\\\\\\\\\\\\\\\\\\\\\\\\\\\\\\\\\\\\\\\\\\\\\\\\\\\\\\\\\\\\\\\\\\\\\\\\\\\\\\\\\\\\\\\\\\\\\\\\\\\\\\\\\\\\\\\\\\\\\\\\\\\\\\\\\\\\\\\\\\\\\\\\\\\\\\\\\\\\\\\\\\\\\\\\\\\\\\\\\\\\\\\\\\\\\\\\\\\\\\\\\\\\\\\\\\\\\\\\\\\\\\\\\\\\\\\\\\\\\\\\\\\\\\\\\\\\\\\\\\\\\\\\\\\\\\\\\\\\\\\\\\\\\\\\\\\\\\\\\\\\\\\\\\\\\\\\\\\\\\\\\\\\\\\\\\\\\\\\\\\\\\\\\\\\\\\\\\\\\\\\\\\\\\\\\\\\\\\\\\\\\\\\\\\\\\\\\\\\\\\\\\\\\\\\\\\\\\\\\\\\\\\\\\\\\\\\\\\\\\\\\\\\\\\\\\\\\\\\\\\\\\\\\\\\\\\\\\\\\\\\\\\\\\\\\\\\\\\\\\\\\\\\\\\\\\\\\\\\\\\\\\\\\\\\\\\\\\\\\\\\\\\\\\\\\\\\\\\\\\\\\\\\\\\\\\\\\\\\\\\\\\\\\\\\\\\\\\\\\\\\\\\\\\\\\\\\\\\\\\\\\\\\\\\\\\\\\\\\\\\\\\\\\\\\\\\\\\\\\\\\\\\\\\\\\\\\\\\\\\\\\\\\\\\\\\\\\\\\\\\\\\\\\\\\\\\\\\\\\\\\\\\\\\\\\\\\\\\\\\\\\\\\\\\\\\\\\\\\\\\\\\\\\\\\\\\\\\\\\\\\\\\\\\\\\\\\\\\\\\\\\\\\\\\\\\\\\\\\\\\\\\\\\\\\\\\\\\\\\\\\\\\\\\\\\\\\\\\\\\\\\\\\\\\\\\\\\\\\\\\\\\\\\\\\\\\\\\\\\\\\\\\\\\\\\\\\\\\\\\\\\\\\\\\\\\\\\\\\\\\\\\\\\\\\\\\\\\\\\\\\\\\\\\\\\\\\\\\\\\\\\\\\\\\\\\\\\\\\\\\\\\\\\\\\\\\\\\\\\\\\\\\\\\\\\\\\\\\\\\\\\\\\\\\\\\\\\\\\\\\\\\\\\\\\\\\\\\\\\\\\\\\\\\\\\\\\\\\\\\\\\\\\\\\\\\\\\\\\\\\\\\\\\\\\\\\\\\\\\\\\\\\\\\\\\\\\\\\\\\\\\\\\\\\\\\\\\\\\\\\\\\\\\\\\\\\\\\\\\\\\\\\\\\\\\\\\\\\\\\\\\\\\\\\\\\\\\\\\\\\\\\\\\\\\\\\\\\\\\\\\\\\\\\\\\\\\\\\\\\\\\\\\\\\\\\\\\\\\\\\\\\\\\\\\\\\\\\\\\\\\\\\\\\\\\\\\\\\\\\\\\\\\\\\\\\\\\\\\\\\\\\\\\\\\\\\\\\\\\\\\\\\\\\\\\\\\\\\\\\\\\\\\\\\\\\\\\\\\\\\\\\\\\\\\\\\\\\\\\\\\\\\\\\\\\\\\\\\\\\\\\\\\\\\\\\\\\\\\\\\\\\\\\\\\\\\\\\\\\\\\\\\\\\\\\\\\\\\\\\\\\\\\\\\\\\\\\\\\\\\\\\\\\\\\\\\\\\\\\\\\\\\\\\\\\\\\\\\\\\\\\\\\\\\\\\\\\\\\\\\\\\\\\\\\\\\\\\\\\\\\\\\\\\\\\\\\\\\\\\\\\\\\\\\\\\\\\\\\\\\\\\\\\\\\\\\\\\\\\\\\\\\\\\\\\\\\\\\\\\\\\\\\\\\\\\\\\\\\\\\\\\\\\\\\\\\\\\\\\\\\\\\\\\\\\\\\\\\\\\\\\\\\\\\\\\\\\\\\\\\\\\\\\\\\\\\\\\\\\\\\\\\\\\\\\\\\\\\\\\\\\\\\\\\\\\\\\\\\\\\\\\\\\\\\\\\\\\\\\\\\\\\\\\\\\\\\\\\\\\\\\\\\\\\\\\\\\\\\\\\\\\\\\\\\\\\\\\\\\\\\\\\\\\\\\\\\\\\\\\\\\\\\\\\\\\\\\\\\\\\\\\\\\\\\\\\\\\\\\\\\\\\\\\\\\\\\\\\\\\\\\\\\\\\\\\\\\\\\\\\\\\\\\\\\\\\\\\\\\\\\\\\\\\\\\\\\\\\\\\\\\\\\\\\\\\\\\\\\\\\\\\\\\\\\\\\\\\\\\\\\\\\\\\\\\\\\\\\\\\\\\\\\\\\\\\\\\\\\\\\\\\\\\\\\\\\\\\\\\\\\\\\\\\\\\\\\\\\\\\\\\\\\\\\\\\\\\\\\\\\\\\\\\\\\\\\\\\\\\\\\\\\\\\\\\\\\\\\\\\\\\\\\\\\\\\\\\\\\\\\\\\\\\\\\\\\\\\\\\\\\\\\\\\\\\\\\\\\\\\\\\\\\\\\\\\\\\\\\\\\\\\\\\\\\\\\\\\\\\\\\\\\\\\\\\\\\\\\\\\\\\\\\\\\\\\\\\\\\\\\\\\\\\\\\\\\\\\\\\\\\\\\\\\\\\\\\\\\\\\\\\\\\\\\\\\\\\\\\\\\\\\\\\\\\\\\\\\\\\\\\\\\\\\\\\\\\\\\\\\\\\\\\\\\\\\\\\\\\\\\\\\\\\\\\\\\\\\\\\\\\\\\\\\\\\\\\\\\\\\\\\\\\\\\\\\\\\\\\\\\\\\\\\\\\\\\\\\\\\\\\\\\\\\\\\\\\\\\\\\\\\\\\\\\\\\\\\\\\\\\\\\\\\\\\\\\\\\\\\\\\\\\\\\\\\\\\\\\\\\\\\\\\\\\\\\\\\\\\\\\\\\\\\\\\\\\\\\\\\\\\\\\\\\\\\\\\\\\\\\\\\\\\\\\\\\\\\\\\\\\\\\\\\\\\\\\\\\\\\\\\\\\\\\\\\\\\\\\\\\\\\\\\\\\\\\\\\\\\\\\\\\\\\\\\\\\\\\\\\\\\\\\\\\\\\\\\\\\\\\\\\\\\\\\\\\\\\\\\\\\\\\\\\\\\\\\\\\\\\\\\\\\\\\\\\\\\\\\\\\\\\\\\\\\\\\\\\\\\\\\\\\\\\\\\\\\\\\\\\\\\\\\\\\\\\\\\\\\\\\\\\\\\\\\\\\\\\\\\\\\\\\\\\\\\\\\\\\\\\\\\\\\\\\\\\\\\\\\\\\\\\\\\\\\\\\\\\\\\\\\\\\\\\\\\\\\\\\\\\\\\\\\\\\\\\\\\\\\\\\\\\\\\\\\\\\\\\\\\\\\\\\\\\\\\\\\\\\\\\\\\\\\\\\\\\\\\\\\\\\\\\\\\\\\\\\\\\\\\\\\\\\\\\\\\\\\\\\\\\\\\\\\\\\\\\\\\\\\\\\\\\\\\\\\\\\\\\\\\\\\\\\\\\\\\\\\\\\\\\\\\\\\\\\\\\\\\\\\\\\\\\\\\\\\\\\\\\\\\\\\\\\\\\\\\\\\\\\\\\\\\\\\\\\\\\\\\\\\\\\\\\\\\\\\\\\\\\\\\\\\\\\\\\\\\\\\\\\\\\\\\\\\\\\\\\\\\\\\\\\\\\\\\\\\\\\\\\\\\\\\\\\\\\\\\\\\\\\\\\\\\\\\\\\\\\\\\\\\\\\\\\\\\\\\\\\\\\\\\\\\\\\\\\\\\\\\\\\\\\\\\\\\\\\\\\\\\\\\\\\\\\\\\\\\\\\\\\\\\\\\\\\\\\\\\\\\\\\\\\\\\\\\\\\\\\\\\\\\\\\\\\\\\\\\\\\\\\\\\\\\\\\\\\\\\\\\\\\\\\\\\\\\\\\\\\\\\\\\\\\\\\\\\\\\\\\\\\\\\\\\\\\\\\\\\\\\\\\\\\\\\\\\\\\\\\\\\\\\\\\\\\\\\\\\\\\\\\\\\\\\\\\\\\\\\\\\\\\\\\\\\\\\\\\\\\\\\\\\\\\\\\\\\\\\\\\\\\\\\\\\\\\\\\\\\\\\\\\\\\\\\\\\\\\\\\\\\\\\\\\\\\\\\\\\\\\\\\\\\\\\\\\\\\\\\\\\\\\\\\\\\\\\\\\\\\\\\\\\\\\\\\\\\\\\\\\\\\\\\\\\\\\\\\\\\\\\\\\\\\\\\\\\\\\\\\\\\\\\\\\\\\\\\\\\\\\\\\\\\\\\\\\\\\\\\\\\\\\\\\\\\\\\\\\\\\\\\\\\\\\\\\\\\\\\\\\\\\\\\\\\\\\\\\\\\\\\\\\\\\\\\\\\\\\\\\\\\\\\\\\\\\\\\\\\\\\\\\\\\\\\\\\\\\\\\\\\\\\\\\\\\\\\\\\\\\\\\\\\\\\\\\\\\\\\\\\\\\\\\\\\\\\\\\\\\\\\\\\\\\\\\\\\\\\\\\\\\\\\\\\\\\\\\\\\\\\\\\\\\\\\\\\\\\\\\\\\\\\\\\\\\\\\\\\\\\\\\\\\\\\\\\\\\\\\\\\\\\\\\\\\\\\\\\\\\\\\\\\\\\\\\\\\\\\\\\\\\\\\\\\\\\\\\\\\\\\\\\\\\\\\\\\\\\\\\\\\\\\\\\\\\\\\\\\\\\\\\\\\\\\\\\\\\\\\\\\\\\\\\\\\\\\\\\\\\\\\\\\\\\\\\\\\\\\\\\\\\\\\\\\\\\\\\\\\\\\\\\\\\\\\\\\\\\\\\\\\\\\\\\\\\\\\\\\\\\\\\\\\\\\\\\\\\\\\\\\\\\\\\\\\\\\\\\\\\\\\\\\\\\\\\\\\\\\\\\\\\\\\\\\\\\\\\\\\\\\\\\\\\\\\\\\\\\\\\\\\\\\\\\\\\\\\\\\\\\\\\\\\\\\\\\\\\\\\\\\\\\\\\\\\\\\\\\\\\\\\\\\\\\\\\\\\\\\\\\\\\\\\\\\\\\\\\\\\\\\\\\\\\\\\\\\\\\\\\\\\\\\\\\\\\\\\\\\\\\\\\\\\\\\\\\\\\\\\\\\\\\\\\\\\\\\\\\\\\\\\\\\\\\\\\\\\\\\\\\\\\\\\\\\\\\\\\\\\\\\\\\\\\\\\\\\\\\\\\\\\\\\\\\\\\\\\\\\\\\\\\\\\\\\\\\\\\\\\\\\\\\\\\\\\\\\\\\\\\\\\\\\\\\\\\\\\\\\\\\\\\\\\\\\\\\\\\\\\\\\\\\\\\\\\\\\\\\\\\\\\\\\\\\\\\\\\\\\\\\\\\\\\\\\\\\\\\\\\\\\\\\\\\\\\\\\\\\\\\\\\\\\\\\\\\\\\\\\\\\\\\\\\\\\\\\\\\\\\\\\\\\\\\\\\\\\\\\\\\\\\\\\\\\\\\\\\\\\\\\\\\\\\\\\\\\\\\\\\\\\\\\\\\\\\\\\\\\\\\\\\\\\\\\\\\\\\\\\\\\\\\\\\\\\\\\\\\\\\\\\\\\\\\\\\\\\\\\\\\\\\\\\\\\\\\\\\\\\\\\\\\\\\\\\\\\\\\\\\\\\\\\\\\\\\\\\\\\\\\\\\\\\\\\\\\\\\\\\\\\\\\\\\\\\\\\\\\\\\\\\\\\\\\\\\\\\\\\\\\\\\\\\\\\\\\\\\\\\\\\\\\/practice\\\\\\\\\\\\\\\\\\\\\\\\\\\\\\\\\\\\\\\\\\\\\\\\\\\\\\\\\\\\\\\\\\\\\\\\\\\\\\\\\\\\\\\\\\\\\\\\\\\\\\\\\\\\\\\\\\\\\\\\\\\\\\\\\\\\\\\\\\\\\\\\\\\\\\\\\\\\\\\\\\\\\\\\\\\\\\\\\\\\\\\\\\\\\\\\\\\\\\\\\\\\\\\\\\\\\\\\\\\\\\\\\\\\\\\\\\\\\\\\\\\\\\\\\\\\\\\\\\\\\\\\\\\\\\\\\\\\\\\\\\\\\\\\\\\\\\\\\\\\\\\\\\\\\\\\\\\\\\\\\\\\\\\\\\\\\\\\\\\\\\\\\\\\\\\\\\\\\\\\\\\\\\\\\\\\\\\\\\\\\\\\\\\\\\\\\\\\\\\\\\\\\\\\\\\\\\\\\\\\\\\\\\\\\\\\\\\\\\\\\\\\\\\\\\\\\\\\\\\\\\\\\\\\\\\\\\\\\\\\\\\\\\\\\\\\\\\\\\\\\\\\\\\\\\\\\\\\\\\\\\\\\\\\\\\\\\\\\\\\\\\\\\\\\\\\\\\\\\\\\\\\\\\\\\\\\\\\\\\\\\\\\\\\\\\\\\\\\\\\\\\\\\\\\\\\\\\\\\\\\\\\\\\\\\\\\\\\\\\\\\\\\\\\\\\\\\\\\\\\\\\\\\\\\\\\\\\\\\\\\\\\\\\\\\\\\\\\\\\\\\\\\\\\\\\\\\\\\\\\\\\\\\\\\\\\\\\\\\\\\\\\\\\\\\\\\\\\\\\\\\\\\\\\\\\\\\\\\\\\\\\\\\\\\\\\\\\\\\\\\\\\\\\\\\\\\\\\\\\\\\\\\\\\\\\\\\\\\\\\\\\\\\\\\\\\\\\\\\\\\\\\\\\\\\\\\\\\\\\\\\\\\\\\\\\\\\\\\\\\\\\\\\\\\\\\\\\\\\\\\\\\\\\\\\\\\\\\\\\\\\\\\\\\\\\\\\\\\\\\\\\\\\\\\\\\\\\\\\\\\\\\\\\\\\\\\\\\\\\\\\\\\\\\\\\\\\\\\\\\\\\\\\\\\\\\\\\\\\\\\\\\\\\\\\\\\\\\\\\\\\\\\\\\\\\\\\\\\\\\\\\\\\\\\\\\\\\\\\\\\\\\\\\\\\\\\\\\\\\\\\\\\\\\\\\\\\\\\\\\\\\\\\\\\\\\\\\\\\\\\\\\\\\\\\\\\\\\\\\\\\\\\\\\\\\\\\\\\\\\\\\\\\\\\\\\\\\\\\\\\\\\\\\\\\\\\\\\\\\\\\\\\\\\\\\\\\\\\\\\\\\\\\\\\\\\\\\\\\\\\\\\\\\\\\\\\\\\\\\\\\\\\\\\\\\\\\\\\\\\\\\\\\\\\\\\\\\\\\\\\\\\\\\\\\\\\\\\\\\\\\\\\\\\\\\\\\\\\\\\\\\\\\\\\\\\\\\\\\\\\\\\\\\\\\\\\\\\\\\\\\\\\\\\\\\\\\\\\\\\\\\\\\\\\\\\\\\\\\\\\\\\\\\\\\\\\\\\\\\\\\\\\\\\\\\\\\\\\\\\\\\\\\\\\\\\\\\\\\\\\\\\\\\\\\\\\\\\\\\\\\\\\\\\\\\\\\\\\\\\\\\\\\\\\\\\\\\\\\\\\\\\\\\\\\\\\\\\\\\\\\\\\\\\\\\\\\\\\\\\\\\\\\\\\\\\\\\\\\\\\\\\\\\\\\\\\\\\\\\\\\\\\\\\\\\\\\\\\\\\\\\\\\\\\\\\\\\\\\\\\\\\\\\\\\\\\\\\\\\\\\\\\\\\\\\\\\\\\\\\\\\\\\\\\\\\\\\\\\\\\\\\\\\\\\\\\\\\\\\\\\\\\\\\\\\\\\\\\\\\\\\\\\\\\\\\\\\\\\\\\\\\\\\\\\\\\\\\\\\\\\\\\\\\\\\\\\\\\\\\\\\\\\\\\\\\\\\\\\\\\\\\\\\\\\\\\\\\\\\\\\\\\\\\\\\\\\\\\\\\\\\\\\\\\\\\\\\\\\\\\\\\\\\\\\\\\\\\\\\\\\\\\\\\\\\\\\\\\\\\\\\\\\\\\\\\\\\\\\\\\\\\\\\\\\\\\\\\\\\\\\\\\\\\\\\\\\\\\\\\\\\\\\\\\\\\\\\\\\\\\\\\\\\\\\\\\\\\\\\\\\\\\\\\\\\\\\\\\\\\\\\\\\\\\\\\\\\\\\\\\\\\\\\\\\\\\\\\\\\\\\\\\\\\\\\\\\\\\\\\\\\\\\\\\\\\\\\\\\\\\\\\\\\\\\\\\\\\\\\\\\\\\\\\\\\\\\\\\\\\\\\\\\\\\\\\\\\\\\\\\\\\\\\\\\\\\\\\\\\\\\\\\\\\\\\\\\\\\\\\\\\\\\\\\\\\\\\\\\\\\\\\\\\\\\\\\\\\\\\\\\\\\\\\\\\\\\\\\\\\\\\\\\\\\\\\\\\\\\\\\\\\\\\\\\\\\\\\\\\\\\\\\\\\\\\\\\\\\\\\\\\\\\\\\\\\\\\\\\\\\\\\\\\\\\\\\\\\\\\\\\\\\\\\\\\\\\\\\\\\\\\\\\\\\\\\\\\\\\\\\\\\\\\\\\\\\\\\\\\\\\\\\\\\\\\\\\\\\\\\\\\\\\\\\\\\\\\\\\\\\\\\\\\\\\\\\\\\\\\\\\\\\\\\\\\\\\\\\\\\\\\\\\\\\\\\\\\\\\\\\\\\\\\\\\\\\\\\\\\\\\\\\\\\\\\\\\\\\\\\\\\\\\\\\\\\\\\\\\\\\\\\\\\\\\\\\\\\\\\\\\\\\\\\\\\\\\\\\\\\\\\\\\\\\\\\\\\\\\\\\\\\\\\\\\\\\\\\\\\\\\\\\\\\\\\\\\\\\\\\\\\\\\\\\\\\\\\\\\\\\\\\\\\\\\\\\\\\\\\\\\\\\\\\\\\\\\\\\\\\\\\\\\\\\\\\\\\\\\\\\\\\\\\\\\\\\\\\\\\\\\\\\\\\\\\\\\\\\\\\\\\\\\\\\\\\\\\\\\\\\\\\\\\\\\\\\\\\\\\\\\\\\\\\\\\\\\\\\\\\\\\\\\\\\\\\\\\\\\\\\\\\\\\\\\\\\\\\\\\\\\\\\\\\\\\\\\\\\\\\\\\\\\\\\\\\\\\\\\\\\\\\\\\\\\\\\\\\\\\\\\\\\\\\\\\\\\\\\\\\\\\\\\\\\\\\\\\\\\\\\\\\\\\\\\\\\\\\\\\\\\\\\\\\\\\\\\\\\\\\\\\\\\\\\\\\\\\\\\\\\\\\\\\\\\\\\\\\\\\\\\\\\\\\\\\\\\\\\\\\\\\\\\\\\\\\\\\\\\\\\\\\\\\\\\\\\\\\\\\\\\\\\\\\\\\\\\\\\\\\\\\\\\\\\\\\\\\\\\\\\\\\\\\\\\\\\\\\\\\\\\\\\\\\\\\\\\\\\\\\\\\\\\\\\\\\\\\\\\\\\\\\\\\\\\\\\\\\\\\\\\\\\\\\\\\\\\\\\\\\\\\\\\\\\\\\\\\\\\\\\\\\\\\\\\\\\\\\\\\\\\\\\\\\\\\\\\\\\\\\\\\\\\\\\\\\\\\\\\\\\\\\\\\\\\\\\\\\\\\\\\\\\\\\\\\\\\\\\\\\\\\\\\\\\\\\\\\\\\\\\\\\\\\\\\\\\\\\\\\\\\\\\\\\\\\\\\\\\\\\\\\\\\\\\\\\\\\\\\\\\\\\\\\\\\\\\\\\\\\\\\\\\\\\\\\\\\\\\\\\\\\\\\\\\\\\\\\\\\\\\\\\\\\\\\\\\\\\\\\\\\\\\\\\\\\\\\\\\\\\\\\\\\\\\\\\\\\\\\\\\\\\\\\\\\\\\\\\\\\\\\\\\\\\\\\\\\\\\\\\\\\\\\\\\\\\\\\\\\\\\\\\\\\\\\\\\\\\\\\\\\\\\\\\\\\\\\\\\\\\\\\\\\\\\\\\\\\\\\\\\\\\\\\\\\\\\\\\\\\\\\\\\\\\\\\\\\\\\\\\\\\\\\\\\\\\\\\\\\\\\\\\\\\\\\\\\\\\\\\\\\\\\\\\\\\\\\\\\\\\\\\\\\\\\\\\\\\\\\\\\\\\\\\\\\\\\\\\\\\\\\\\\\\\\\\\\\\\\\\\\\\\\\\\\\\\\\\\\\\\\\\\\\\\\\\\\\\\\\\\\\\\\\\\\\\\\\\\\\\\\\\\\\\\\\\\\\\\\\\\\\\\\\\\\\\\\\\\\\\\\\\\\\\\\\\\\\\\\\\\\\\\\\\\\\\\\\\\\\\\\\\\\\\\\\\\\\\\\\\\\\\\\\\\\\\\\\\\\\\\\\\\\\\\\\\\\\\\\\\\\\\\\\\\\\\\\\\\\\\\\\\\\\\\\\\\\\\\\\\\\\\\\\\\\\\\\\\\\\\\\\\\\\\\\\\\\\\\\\\\\\\\\\\\\\\\\\\\\\\\\\\\\\\\\\\\\\\\\\\\\\\\\\\\\\\\\\\\\\\\\\\\\\\\\\\\\\\\\\\\\\\\\\\\\\\\\\\\\\\\\\\\\\\\\\\\\\\\\\\\\\\\\\\\\\\\\\\\\\\\\\\\\\\\\\\\\\\\\\\\\\\\\\\\\\\\\\\\\\\\\\\\\\\\\\\\\\\\\\\\\\\\\\\\\\\\\\\\\\\\\\\\\\\\\\\\\\\\\\\\\\\\\\\\\\\\\\\\\\\\\\\\\\\\\\\\\\\\\\\\\\\\\\\\\\\\\\\\\\\\\\\\\\\\\\\\\\\\\\\\\\\\\\\\\\\\\\\\\\\\\\\\\\\\\\\\\\\\\\\\\\\\\\\\\\\\\\\\\\\\\\\\\\\\\\\\\\\\\\\\\\\\\\\\\\\\\\\\\\\\\\\\\\\\\\\\\\\\\\\\\\\\\\\\\\\\\\\\\\\\\\\\\\\\\\\\\\\\\\\\\\\\\\\\\\\\\\\\\\\\\\\\\\\\\\\\\\\\\\\\\\\\\\\\\\\\\\\\\\\\\\\\\\\\\\\\\\\\\\\\\\\\\\\\\\\\\\\\\\\\\\\\\\\\\\\\\\\\\\\\\\\\\\\\\\\\\\\\\\\\\\\\\\\\\\\\\\\\\\\\\\\\\\\\\\\\\\\\\\\\\\\\\\\\\\\\\\\\\\\\\\\\\\\\\\\\\\\\\\\\\\\\\\\\\\\\\\\\\\\\\\\\\\\\\\\\\\\\\\\\\\\\\\\\\\\\\\\\\\\\\\\\\\\\\\\\\\\\\\\\\\\\\\\\\\\\\\\\\\\\\\\\\\\\\\\\\\\\\\\\\\\\\\\\\\\\\\\\\\\\\\\\\\\\\\\\\\\\\\\\\\\\\\\\\\\\\\\\\\\\\\\\\\\\\\\\\\\\\\\\\\\\\\\\\\\\\\\\\\\\\\\\\\\\\\\\\\\\\\\\\\\\\\\\\\\\\\\\\\\\\\\\\\\\\\\\\\\\\\\\\\\\\\\\\\\\\\\\\\\\\\\\\\\\\\\\\\\\\\\\\\\\\\\\\\\\\\\\\\\\\\\\\\\\\\\\\\\\\\\\\\\\\\\\\\\\\\\\\\\\\\\\\\\\\\\\\\\\\\\\\\\\\\\\\\\\\\\\\\\\\\\\\\\\\\\\\\\\\\\\\\\\\\\\\\\\\\\\\\\\\\\\\\\\\\\\\\\\\\\\\\\\\\\\\\\\\\\\\\\\\\\\\\\\\\\\\\\\\\\\\\\\\\\\\\\\\\\\\\\\\\\\\\\\\\\\\\\\\\\\\\\\\\\\\\\\\\\\\\\\\\\\\\\\\\\\\\\\\\\\\\\\\\\\\\\\\\\\\\\\\\\\\\\\\\\\\\\\\\\\\\\\\\\\\\\\\\\\\\\\\\\\\\\\\\\\\\\\\\\\\\\\\\\\\\\\\\\\\\\\\\\\\\\\\\\\\\\\\\\\\\\\\\\\\\\\\\\\\\\\\\\\\\\\\\\\\\\\\\\\\\\\\\\\\\\\\\\\\\\\\\\\\\\\\\\\\\\\\\\\\\\\\\\\\\\\\\\\\\\\\\\\\\\\\\\\\\\\\\\\\\\\\\\\\\\\\\\\\\\\\\\\\\\\\\\\\\\\\\\\\\\\\\\\\\\\\\\\\\\\\\\\\\\\\\\\\\\\\\\\\\\\\\\\\\\\\\\\\\\\\\\\\\\\\\\\\\\\\\\\\\\\\\\\\\\\\\\\\\\\\\\\\\\\\\\\\\\\\\\\\\\\\\\\\\\\\\\\\\\\\\\\\\\\\\\\\\\\\\\\\\\\\\\\\\\\\\\\\\\\\\\\\\\\\\\\\\\\\\\\\\\\\\\\\\\\\\\\\\\\\\\\\\\\\\\\\\\\\\\\\\\\\\\\\\\\\\\\\\\\\\\\\\\\\\\\\\\\\\\\\\\\\\\\\\\\\\\\\\\\\\\\\\\\\\\\\\\\\\\\\\\\/maycroft-surrey
page_000103.json,X46983,1-498012845,Green Lane View,2,SRV0317,Caring for adults over 65,1,Telephone,01603 741717
page_000103.json,X46983,1-498012845,Green Lane View,2,SRV0317,Caring for adults over 65,2,PhoneExt,
page_000103.json,X46998,1-118542230,Vesta Lodge,2,SRV0317,Caring for adults over 65,1,Telephone,01992 450304
page_000103.json,X46998,1-118542230,Vesta Lodge,2,SRV0317,Caring for adults over 65,2,PhoneExt,
page_000103.json,X47000,1-123018026,United Response - 66 & 66a Lemsford Road,1,SRV0315,Care services for people with learning disabilities,1,Telephone,0800 0884 377
page_000103.json,X47000,1-123018026,United Response - 66 & 66a Lemsford Road,1,SRV0315,Care services for people with learning disabilities,2,PhoneExt,
page_000103.json,X47000,1-123018026,United Response - 66 & 66a Lemsford Road,2,SRV0321,Physical disabilities,1,Telephone,01438 712 892
page_000103.json,X47000,1-123018026,United Response - 66 & 66a Lemsford Road,2,SRV0321,Physical disabilities,2,PhoneExt,
page_000103.json,X47008,1-125058834,The Minims (12 & 31),2,SRV0317,Caring for adults over 65,1,Telephone,01707 258735
page_000103.json,X47008,1-125058834,The Minims (12 & 31),2,SRV0317,Caring for adults over 65,2,PhoneExt,
page_000103.json,X47009,1-118532985,Greenacres,2,SRV0317,Caring for adults over 65,1,Telephone,01992 450304
page_000103.json,X47009,1-118532985,Greenacres,2,SRV0317,Caring for adults over 65,2,PhoneExt,
page_000103.json,X47042,1-118532782,Fosse House,2,SRV0317,Caring for adults over 65,1,Telephone,01992 450304
page_000103.json,X47042,1-118532782,Fosse House,2,SRV0317,Caring for adults over 65,2,PhoneExt,
page_000103.json,X47068,1-118542246,Willow Court,2,SRV0317,Caring for adults over 65,1,Telephone,01992 450304
page_000103.json,X47068,1-118542246,Willow Court,2,SRV0317,Caring for adults over 65,2,PhoneExt,
page_000103.json,X47073,1-123018011,Gombards,1,SRV0315,Care services for people with learning disabilities,1,Telephone,0800 0884 377
page_000103.json,X47073,1-123018011,Gombards,1,SRV0315,Care services for people with learning disabilities,2,PhoneExt,
page_000103.json,X47073,1-123018011,Gombards,2,SRV0321,Physical disabilities,1,Telephone,01438 712 892
page_000103.json,X47073,1-123018011,Gombards,2,SRV0321,Physical disabilities,2,PhoneExt,
page_000104.json,X47428,1-219868146,Hasbury Home Care Services Limited,5,SRV0323,Caring for adults under 65,1,Telephone,0121 459 2234
page_000104.json,X47428,1-219868146,Hasbury Home Care Services Limited,5,SRV0323,Caring for adults under 65,2,PhoneExt,
page_000104.json,X47570,1-118825918,St Catherine's Bungalows,1,SRV0315,Care services for people with learning disabilities,1,Telephone,01675462160
page_000104.json,X47570,1-118825918,St Catherine's Bungalows,1,SRV0315,Care services for people with learning disabilities,2,PhoneExt,
page_000104.json,X47571,1-502498321,Father Hudsons Society DCC,1,SRV0315,Care services for people with learning disabilities,1,Telephone,01675462160
page_000104.json,X47571,1-502498321,Father Hudsons Society DCC,1,SRV0315,Care services for people with learning disabilities,2,PhoneExt,
page_000104.json,X47626,1-312765144,Care Force Limited,2,SRV0317,Caring for adults over 65,1,Telephone,01527 577247
page_000104.json,X47626,1-312765144,Care Force Limited,2,SRV0317,Caring for adults over 65,2,PhoneExt,
page_000104.json,X47697,1-120237800,Selborne Mews,1,SRV0315,Care services for people with learning disabilities,1,Telephone,01905798247
page_000104.json,X47697,1-120237800,Selborne Mews,1,SRV0315,Care services for people with learning disabilities,2,PhoneExt,
page_000104.json,X48021,1-122152540,OSJCT Watersmead,2,SRV0317,Caring for adults over 65,1,Telephone,01993 323232
page_000104.json,X48021,1-122152540,OSJCT Watersmead,2,SRV0317,Caring for adults over 65,2,PhoneExt,
page_000104.json,X48730,1-119691848,Talbot View,2,SRV0317,Caring for adults over 65,1,Telephone,01202 746640
page_000104.json,X48730,1-119691848,Talbot View,2,SRV0317,Caring for adults over 65,2,PhoneExt,
page_000104.json,X48761,1-119691704,Elizabeth House,2,SRV0317,Caring for adults over 65,1,Telephone,01202 746640
page_000104.json,X48761,1-119691704,Elizabeth House,2,SRV0317,Caring for adults over 65,2,PhoneExt,
page_000104.json,X48767,1-431742107,Shaftesbury Horizons,1,SRV0315,Care services for people with learning disabilities,1,Telephone,01202 521985
page_000104.json,X48767,1-431742107,Shaftesbury Horizons,1,SRV0315,Care services for people with learning disabilities,2,PhoneExt,
page_000104.json,X48820,1-119691686,Dorset House,2,SRV0317,Caring for adults over 65,1,Telephone,01202 746640
page_000104.json,X48820,1-119691686,Dorset House,2,SRV0317,Caring for adults over 65,2,PhoneExt,
page_000104.json,X48895,1-119691614,Fairlawn,2,SRV0317,Caring for adults over 65,1,Telephone,01202 746640
page_000104.json,X48895,1-119691614,Fairlawn,2,SRV0317,Caring for adults over 65,2,PhoneExt,
page_000104.json,X49061,1-119641840,Care South Home Care Services Dorset,4,SRV0317,Caring for adults over 65,1,Telephone,01202 746640
page_000104.json,X49061,1-119641840,Care South Home Care Services Dorset,4,SRV0317,Caring for adults over 65,2,PhoneExt,
page_000104.json,X49093,1-128696693,Muscliff Nursing Home,1,SRV0314,Care services for people with dementia,1,Telephone,01202 516 999
page_000104.json,X49093,1-128696693,Muscliff Nursing Home,1,SRV0314,Care services for people with dementia,2,PhoneExt,
page_000104.json,X49093,1-128696693,Muscliff Nursing Home,2,SRV0317,Caring for adults over 65,1,Telephone,01202 516 999
page_000104.json,X49093,1-128696693,Muscliff Nursing Home,2,SRV0317,Caring for adults over 65,2,PhoneExt,
page_000104.json,X49093,1-128696693,Muscliff Nursing Home,4,SRV0321,Physical disabilities,1,Telephone,01202 516 999
page_000104.json,X49093,1-128696693,Muscliff Nursing Home,4,SRV0321,Physical disabilities,2,PhoneExt,
page_000104.json,X49093,1-128696693,Muscliff Nursing Home,5,SRV0322,Sensory impairments,1,Telephone,01202 516 999
page_000104.json,X49093,1-128696693,Muscliff Nursing Home,5,SRV0322,Sensory impairments,2,PhoneExt,
page_000105.json,X49434,1-139851708,Darlington Court,1,SRV0314,Care services for people with dementia,1,Telephone,01342 337220
page_000105.json,X49434,1-139851708,Darlington Court,1,SRV0314,Care services for people with dementia,2,PhoneExt,
page_000105.json,X49477,1-122152478,OSJCT St Wilfrid's Priory Care Home,1,SRV0317,Caring for adults over 65,1,Telephone,01993 323232
page_000105.json,X49477,1-122152478,OSJCT St Wilfrid's Priory Care Home,1,SRV0317,Caring for adults over 65,2,PhoneExt,
page_000105.json,X498,RALWA,Watford General Hospital,2,SRV0370,Maternity services,1,Telephone,01923 217339
page_000105.json,X498,RALWA,Watford General Hospital,2,SRV0370,Maternity services,2,PhoneExt,7339
page_000105.json,X49967,1-118415271,Elysian Villas,1,SRV0315,Care services for people with learning disabilities,1,Telephone,0117 9709371
page_000105.json,X49967,1-118415271,Elysian Villas,1,SRV0315,Care services for people with learning disabilities,2,PhoneExt,
page_000105.json,X49975,1-242397351,Mortimer House,2,SRV0315,Care services for people with learning disabilities,1,Telephone,0117 9709371
page_000105.json,X49975,1-242397351,Mortimer House,2,SRV0315,Care services for people with learning disabilities,2,PhoneExt,
page_000105.json,X49998,1-118415169,2a Court Road,1,SRV0315,Care services for people with learning disabilities,1,Telephone,0117 9709371
page_000105.json,X49998,1-118415169,2a Court Road,1,SRV0315,Care services for people with learning disabilities,2,PhoneExt,
page_000105.json,X50016,1-118415486,50 Vassall Road,1,SRV0315,Care services for people with learning disabilities,1,Telephone,0117 9709371
page_000105.json,X50016,1-118415486,50 Vassall Road,1,SRV0315,Care services for people with learning disabilities,2,PhoneExt,
page_000105.json,X50035,1-118415934,Milestones Supported Living Service,1,SRV0315,Care services for people with learning disabilities,1,Telephone,0117 9709371
page_000105.json,X50035,1-118415934,Milestones Supported Living Service,1,SRV0315,Care services for people with learning disabilities,2,PhoneExt,
page_000105.json,X50035,1-118415934,Milestones Supported Living Service,2,SRV0316,Mental health conditions,1,Telephone,0117 9709313
page_000105.json,X50035,1-118415934,Milestones Supported Living Service,2,SRV0316,Mental health conditions,2,PhoneExt,
page_000105.json,X50040,1-118415812,25-27 Teewell Avenue,1,SRV0316,Mental health conditions,1,Telephone,0117 9709313
page_000105.json,X50040,1-118415812,25-27 Teewell Avenue,1,SRV0316,Mental health conditions,2,PhoneExt,
page_000105.json,X50045,1-118415655,16 Cleeve Hill,1,SRV0315,Care services for people with learning disabilities,1,Telephone,0117 9709371
page_000105.json,X50045,1-118415655,16 Cleeve Hill,1,SRV0315,Care services for people with learning disabilities,2,PhoneExt,
page_000105.json,X50047,1-118415529,Charnhill Crescent,1,SRV0316,Mental health conditions,1,Telephone,0117 9709313
page_000105.json,X50047,1-118415529,Charnhill Crescent,1,SRV0316,Mental health conditions,2,PhoneExt,
page_000105.json,X50049,1-118415229,Court View,1,SRV0315,Care services for people with learning disabilities,1,Telephone,0117 9709371
page_000105.json,X50049,1-118415229,Court View,1,SRV0315,Care services for people with learning disabilities,2,PhoneExt,
page_000105.json,X50150,1-474900193,Ambleside Nursing Home,1,SRV0314,Care services for people with dementia,1,Telephone,01934 642172
page_000105.json,X50150,1-474900193,Ambleside Nursing Home,1,SRV0314,Care services for people with dementia,2,PhoneExt,
page_000105.json,X50164,1-118415840,Wyvern Lodge,1,SRV0316,Mental health conditions,1,Telephone,0117 9709313
page_000105.json,X50164,1-118415840,Wyvern Lodge,1,SRV0316,Mental health conditions,2,PhoneExt,
page_000105.json,X50207,1-118415543,63 Coronation Road,1,SRV0316,Mental health conditions,1,Telephone,0117 9709313
page_000105.json,X50207,1-118415543,63 Coronation Road,1,SRV0316,Mental health conditions,2,PhoneExt,
page_000105.json,X50218,1-118415415,80-82 London Road,1,SRV0315,Care services for people with learning disabilities,1,Telephone,0117 9709371
page_000105.json,X50218,1-118415415,80-82 London Road,1,SRV0315,Care services for people with learning disabilities,2,PhoneExt,
page_000105.json,X50218,1-118415415,80-82 London Road,2,SRV0316,Mental health conditions,1,Telephone,0117 9709313
page_000105.json,X50218,1-118415415,80-82 London Road,2,SRV0316,Mental health conditions,2,PhoneExt,
page_000105.json,X50227,1-118415585,46 Bath Road,1,SRV0315,Care services for people with learning disabilities,1,Telephone,0117 9709371
page_000105.json,X50227,1-118415585,46 Bath Road,1,SRV0315,Care services for people with learning disabilities,2,PhoneExt,
page_000105.json,X50242,1-118415243,58 Crantock Drive,1,SRV0315,Care services for people with learning disabilities,1,Telephone,0117 9709371
page_000105.json,X50242,1-118415243,58 Crantock Drive,1,SRV0315,Care services for people with learning disabilities,2,PhoneExt,
page_000105.json,X50247,1-118415285,Fairburn,1,SRV0315,Care services for people with learning disabilities,1,Telephone,0117 9709371
page_000105.json,X50247,1-118415285,Fairburn,1,SRV0315,Care services for people with learning disabilities,2,PhoneExt,
page_000105.json,X50251,1-118415328,77 Gloucester Road North,1,SRV0315,Care services for people with learning disabilities,1,Telephone,0117 9709371
page_000105.json,X50251,1-118415328,77 Gloucester Road North,1,SRV0315,Care services for people with learning disabilities,2,PhoneExt,
page_000105.json,X50252,1-118415712,Greengates,1,SRV0316,Mental health conditions,1,Telephone,0117 9709313
page_000105.json,X50252,1-118415712,Greengates,1,SRV0316,Mental health conditions,2,PhoneExt,
page_000105.json,X50267,1-118415514,121 Watleys End Road,1,SRV0315,Care services for people with learning disabilities,1,Telephone,0117 9709371
page_000105.json,X50267,1-118415514,121 Watleys End Road,1,SRV0315,Care services for people with learning disabilities,2,PhoneExt,
page_000105.json,X50285,1-118415443,Mayo House,1,SRV0315,Care services for people with learning disabilities,1,Telephone,0117 9709371
page_000105.json,X50285,1-118415443,Mayo House,1,SRV0315,Care services for people with learning disabilities,2,PhoneExt,
page_000105.json,X50286,1-118415627,The Chestnuts,1,SRV0315,Care services for people with learning disabilities,1,Telephone,0117 9709371
page_000105.json,X50286,1-118415627,The Chestnuts,1,SRV0315,Care services for people with learning disabilities,2,PhoneExt,
page_000105.json,X50302,1-118415826,Tramways,1,SRV0316,Mental health conditions,1,Telephone,0117 9709313
page_000105.json,X50302,1-118415826,Tramways,1,SRV0316,Mental health conditions,2,PhoneExt,
page_000105.json,X50303,1-118415726,The Recovery Hub,1,SRV0316,Mental health conditions,1,Telephone,0117 9709313
page_000105.json,X50303,1-118415726,The Recovery Hub,1,SRV0316,Mental health conditions,2,PhoneExt,
page_000105.json,X50340,1-118415669,Stibbs House,1,SRV0315,Care services for people with learning disabilities,1,Telephone,0117 9709371
page_000105.json,X50340,1-118415669,Stibbs House,1,SRV0315,Care services for people with learning disabilities,2,PhoneExt,
page_000105.json,X50342,1-118415755,218 Kingsway,1,SRV0316,Mental health conditions,1,Telephone,0117 9709313
page_000105.json,X50342,1-118415755,218 Kingsway,1,SRV0316,Mental health conditions,2,PhoneExt,
page_000105.json,X50343,1-118415313,120 Furber Road,1,SRV0315,Care services for people with learning disabilities,1,Telephone,0117 9709371
page_000105.json,X50343,1-118415313,120 Furber Road,1,SRV0315,Care services for people with learning disabilities,2,PhoneExt,
page_000105.json,X50358,1-118415783,6 Northumberland Road,1,SRV0316,Mental health conditions,1,Telephone,0117 9709313
page_000105.json,X50358,1-118415783,6 Northumberland Road,1,SRV0316,Mental health conditions,2,PhoneExt,
page_000105.json,X50359,1-118415684,35 Cranbrook Road,1,SRV0316,Mental health conditions,1,Telephone,0117 9709313
page_000105.json,X50359,1-118415684,35 Cranbrook Road,1,SRV0316,Mental health conditions,2,PhoneExt,
page_000105.json,X50717,1-441153798,Vange Place,1,SRV0315,Care services for people with learning disabilities,1,Telephone,01234 857664
page_000105.json,X50717,1-441153798,Vange Place,1,SRV0315,Care services for people with learning disabilities,2,PhoneExt,
page_000105.json,X50997,1-423006974,Willow Tree Lodge,3,SRV0316,Mental health conditions,1,Telephone,01255 448888
page_000105.json,X50997,1-423006974,Willow Tree Lodge,3,SRV0316,Mental health conditions,2,PhoneExt,
page_000105.json,X51015,1-119324652,Shaftesbury Anvil House,2,SRV0315,Care services for people with learning disabilities,1,Telephone,01202 521985
page_000105.json,X51015,1-119324652,Shaftesbury Anvil House,2,SRV0315,Care services for people with learning disabilities,2,PhoneExt,
page_000105.json,X51045,1-124583595,Hawthorn Bungalow,1,SRV0314,Care services for people with dementia,1,Telephone,01206586900
page_000105.json,X51045,1-124583595,Hawthorn Bungalow,1,SRV0314,Care services for people with dementia,2,PhoneExt,
page_000105.json,X51061,1-118542213,Tye Green Lodge,3,SRV0317,Caring for adults over 65,1,Telephone,01992 450304
page_000105.json,X51061,1-118542213,Tye Green Lodge,3,SRV0317,Caring for adults over 65,2,PhoneExt,
page_000105.json,X51073,1-119324942,Shaftesbury Keefield,1,SRV0315,Care services for people with learning disabilities,1,Telephone,01202 521985
page_000105.json,X51073,1-119324942,Shaftesbury Keefield,1,SRV0315,Care services for people with learning disabilities,2,PhoneExt,
page_000105.json,X51076,1-139859014,Manor Lodge,1,SRV0314,Care services for people with dementia,1,Telephone,01342 337220
page_000105.json,X51076,1-139859014,Manor Lodge,1,SRV0314,Care services for people with dementia,2,PhoneExt,
page_000105.json,X51096,1-119324973,Shaftesbury Netteswell Rectory,1,SRV0315,Care services for people with learning disabilities,1,Telephone,01202 521985
page_000105.json,X51096,1-119324973,Shaftesbury Netteswell Rectory,1,SRV0315,Care services for people with learning disabilities,2,PhoneExt,
page_000105.json,X51227,1-220311555,William Wood House,2,SRV0317,Caring for adults over 65,1,Telephone,01502 500653
page_000105.json,X51227,1-220311555,William Wood House,2,SRV0317,Caring for adults over 65,2,PhoneExt,
page_000105.json,X51430,1-119325051,Shaftesbury Treetops,1,SRV0315,Care services for people with learning disabilities,1,Telephone,01202 521985
page_000105.json,X51430,1-119325051,Shaftesbury Treetops,1,SRV0315,Care services for people with learning disabilities,2,PhoneExt,
page_000105.json,X51490,1-397722010,Silversprings,1,SRV0314,Care services for people with dementia,1,Telephone,01342 337220
page_000105.json,X51490,1-397722010,Silversprings,1,SRV0314,Care services for people with dementia,2,PhoneExt,
page_000105.json,X51500,1-320941043,The Tidings,1,SRV0315,Care services for people with learning disabilities,1,Telephone,01708 863289
page_000105.json,X51500,1-320941043,The Tidings,1,SRV0315,Care services for people with learning disabilities,2,PhoneExt,
page_000105.json,X51501,1-321118559,Brewery House,1,SRV0315,Care services for people with learning disabilities,1,Telephone,01708 863289
page_000105.json,X51501,1-321118559,Brewery House,1,SRV0315,Care services for people with learning disabilities,2,PhoneExt,
page_000105.json,X51509,1-413132531,Colne View,1,SRV0314,Care services for people with dementia,1,Telephone,01342 337220
page_000105.json,X51509,1-413132531,Colne View,1,SRV0314,Care services for people with dementia,2,PhoneExt,
page_000105.json,X51511,1-302838540,Priory House,1,SRV0315,Care services for people with learning disabilities,1,Telephone,01708 863289
page_000105.json,X51511,1-302838540,Priory House,1,SRV0315,Care services for people with learning disabilities,2,PhoneExt,
page_000105.json,X51512,1-111230952,Forest Home,1,SRV0317,Caring for adults over 65,1,Telephone,01787 460361
page_000105.json,X51512,1-111230952,Forest Home,1,SRV0317,Caring for adults over 65,2,PhoneExt,
page_000105.json,X51639,1-123018112,United Response - 60 Woodland Way,1,SRV0315,Care services for people with learning disabilities,1,Telephone,0800 0884 377
page_000105.json,X51639,1-123018112,United Response - 60 Woodland Way,1,SRV0315,Care services for people with learning disabilities,2,PhoneExt,
page_000105.json,X51668,1-139043195,Versacare Limited (Head Office),1,SRV0314,Care services for people with dementia,1,Telephone,0800 0087661
page_000105.json,X51668,1-139043195,Versacare Limited (Head Office),1,SRV0314,Care services for people with dementia,2,PhoneExt,
page_000105.json,X51668,1-139043195,Versacare Limited (Head Office),2,SRV0315,Care services for people with learning disabilities,1,Telephone,0800 0087661
page_000105.json,X51668,1-139043195,Versacare Limited (Head Office),2,SRV0315,Care services for people with learning disabilities,2,PhoneExt,
page_000105.json,X51668,1-139043195,Versacare Limited (Head Office),3,SRV0317,Caring for adults over 65,1,Telephone,0800 0087661
page_000105.json,X51668,1-139043195,Versacare Limited (Head Office),3,SRV0317,Caring for adults over 65,2,PhoneExt,
page_000105.json,X51668,1-139043195,Versacare Limited (Head Office),4,SRV0323,Caring for adults under 65,1,Telephone,0800 0087661
page_000105.json,X51668,1-139043195,Versacare Limited (Head Office),4,SRV0323,Caring for adults under 65,2,PhoneExt,
page_000105.json,X51668,1-139043195,Versacare Limited (Head Office),5,SRV0316,Mental health conditions,1,Telephone,0800 0087661
page_000105.json,X51668,1-139043195,Versacare Limited (Head Office),5,SRV0316,Mental health conditions,2,PhoneExt,
page_000105.json,X51668,1-139043195,Versacare Limited (Head Office),6,SRV0321,Physical disabilities,1,Telephone,0800 0087661
page_000105.json,X51668,1-139043195,Versacare Limited (Head Office),6,SRV0321,Physical disabilities,2,PhoneExt,
page_000105.json,X51668,1-139043195,Versacare Limited (Head Office),7,SRV0322,Sensory impairments,1,Telephone,0800 0087 661
page_000105.json,X51668,1-139043195,Versacare Limited (Head Office),7,SRV0322,Sensory impairments,2,PhoneExt,
page_000105.json,X51668,1-139043195,Versacare Limited (Head Office),8,SRV0319,Substance misuse problems,1,Telephone,0800 0087661
page_000105.json,X51668,1-139043195,Versacare Limited (Head Office),8,SRV0319,Substance misuse problems,2,PhoneExt,
page_000106.json,X51755,1-139851527,Amberley Lodge - Purley,1,SRV0314,Care services for people with dementia,1,Telephone,01342 337220
page_000106.json,X51755,1-139851527,Amberley Lodge - Purley,1,SRV0314,Care services for people with dementia,2,PhoneExt,
page_000106.json,X51842,1-133266717,Meadowside,1,SRV0315,Care services for people with learning disabilities,1,Telephone,01732 225200
page_000106.json,X51842,1-133266717,Meadowside,1,SRV0315,Care services for people with learning disabilities,2,PhoneExt,
page_000106.json,X51842,1-133266717,Meadowside,3,SRV0323,Caring for adults under 65,1,Telephone,01732 225200
page_000106.json,X51842,1-133266717,Meadowside,3,SRV0323,Caring for adults under 65,2,PhoneExt,
page_000106.json,X51930,1-123006986,United Response - Kent DCA,1,SRV0315,Care services for people with learning disabilities,1,Telephone,0800 0884 377
page_000106.json,X51930,1-123006986,United Response - Kent DCA,1,SRV0315,Care services for people with learning disabilities,2,PhoneExt,
page_000106.json,X51941,1-133266895,Broadmeadow,3,SRV0323,Caring for adults under 65,1,Telephone,01732 225200
page_000106.json,X51941,1-133266895,Broadmeadow,3,SRV0323,Caring for adults under 65,2,PhoneExt,
page_000106.json,X51956,1-133266506,Canterbury Adult Support Unit,1,SRV0315,Care services for people with learning disabilities,1,Telephone,01732 225200
page_000106.json,X51956,1-133266506,Canterbury Adult Support Unit,1,SRV0315,Care services for people with learning disabilities,2,PhoneExt,
page_000106.json,X51956,1-133266506,Canterbury Adult Support Unit,3,SRV0323,Caring for adults under 65,1,Telephone,01732 225200
page_000106.json,X51956,1-133266506,Canterbury Adult Support Unit,3,SRV0323,Caring for adults under 65,2,PhoneExt,
page_000106.json,X52037,1-128267675,Bridge Haven,1,SRV0314,Care services for people with dementia,1,Telephone,01795 597431
page_000106.json,X52037,1-128267675,Bridge Haven,1,SRV0314,Care services for people with dementia,2,PhoneExt,
page_000106.json,X52037,1-128267675,Bridge Haven,2,SRV0317,Caring for adults over 65,1,Telephone,01795 597431
page_000106.json,X52037,1-128267675,Bridge Haven,2,SRV0317,Caring for adults over 65,2,PhoneExt,
page_000106.json,X52177,1-133266809,Westbrook House Integrated Care Centre,3,SRV0323,Caring for adults under 65,1,Telephone,01732 225200
page_000106.json,X52177,1-133266809,Westbrook House Integrated Care Centre,3,SRV0323,Caring for adults under 65,2,PhoneExt,
page_000106.json,X52563,1-325379875,Kenilworth Grange Care Home,1,SRV0314,Care services for people with dementia,1,Telephone,01342 337220
page_000106.json,X52563,1-325379875,Kenilworth Grange Care Home,1,SRV0314,Care services for people with dementia,2,PhoneExt,
page_000106.json,X52625,1-153793415,Belong Crewe Care Village,1,SRV0314,Care services for people with dementia,1,Telephone,01625 508700
page_000106.json,X52625,1-153793415,Belong Crewe Care Village,1,SRV0314,Care services for people with dementia,2,PhoneExt,
page_000106.json,X52626,1-277657278,Belong at Home Domiciliary Care Agency Crewe,1,SRV0314,Care services for people with dementia,1,Telephone,01625 508700
page_000106.json,X52626,1-277657278,Belong at Home Domiciliary Care Agency Crewe,1,SRV0314,Care services for people with dementia,2,PhoneExt,
page_000106.json,X52717,1-133266596,Gravesham Place Integrated Care Centre,3,SRV0323,Caring for adults under 65,1,Telephone,01732 225200
page_000106.json,X52717,1-133266596,Gravesham Place Integrated Care Centre,3,SRV0323,Caring for adults under 65,2,PhoneExt,
page_000106.json,X52760,1-126032248,Loring Hall Limited,1,SRV0315,Care services for people with learning disabilities,1,Telephone,07825286276
page_000106.json,X52760,1-126032248,Loring Hall Limited,1,SRV0315,Care services for people with learning disabilities,2,PhoneExt,
page_000106.json,X52774,1-128278735,Northbourne Court,1,SRV0314,Care services for people with dementia,1,Telephone,01795 597431
page_000106.json,X52774,1-128278735,Northbourne Court,1,SRV0314,Care services for people with dementia,2,PhoneExt,
page_000106.json,X52774,1-128278735,Northbourne Court,2,SRV0317,Caring for adults over 65,1,Telephone,01795 597431
page_000106.json,X52774,1-128278735,Northbourne Court,2,SRV0317,Caring for adults over 65,2,PhoneExt,
page_000106.json,X52779,1-188269020,Riverdale Court,1,SRV0314,Care services for people with dementia,1,Telephone,01795 597431
page_000106.json,X52779,1-188269020,Riverdale Court,1,SRV0314,Care services for people with dementia,2,PhoneExt,
page_000106.json,X52779,1-188269020,Riverdale Court,3,SRV0317,Caring for adults over 65,1,Telephone,01795 597431
page_000106.json,X52779,1-188269020,Riverdale Court,3,SRV0317,Caring for adults over 65,2,PhoneExt,
page_000106.json,X52816,1-128278780,Parkview,1,SRV0314,Care services for people with dementia,1,Telephone,01795 597431
page_000106.json,X52816,1-128278780,Parkview,1,SRV0314,Care services for people with dementia,2,PhoneExt,
page_000106.json,X52816,1-128278780,Parkview,3,SRV0317,Caring for adults over 65,1,Telephone,01795 597431
page_000106.json,X52816,1-128278780,Parkview,3,SRV0317,Caring for adults over 65,2,PhoneExt,
page_000106.json,X53125,1-147809729,Elevate - Burton,1,SRV0314,Care services for people with dementia,1,Telephone,01283 586600
page_000106.json,X53125,1-147809729,Elevate - Burton,1,SRV0314,Care services for people with dementia,2,PhoneExt,
page_000106.json,X53125,1-147809729,Elevate - Burton,2,SRV0315,Care services for people with learning disabilities,1,Telephone,01283 586600
page_000106.json,X53125,1-147809729,Elevate - Burton,2,SRV0315,Care services for people with learning disabilities,2,PhoneExt,
page_000106.json,X53125,1-147809729,Elevate - Burton,3,SRV0317,Caring for adults over 65,1,Telephone,01283 586600
page_000106.json,X53125,1-147809729,Elevate - Burton,3,SRV0317,Caring for adults over 65,2,PhoneExt,
page_000106.json,X53125,1-147809729,Elevate - Burton,4,SRV0323,Caring for adults under 65,1,Telephone,01283 586600
page_000106.json,X53125,1-147809729,Elevate - Burton,4,SRV0323,Caring for adults under 65,2,PhoneExt,
page_000106.json,X53125,1-147809729,Elevate - Burton,6,SRV0316,Mental health conditions,1,Telephone,01283 586600
page_000106.json,X53125,1-147809729,Elevate - Burton,6,SRV0316,Mental health conditions,2,PhoneExt,
page_000106.json,X53125,1-147809729,Elevate - Burton,7,SRV0321,Physical disabilities,1,Telephone,01283 586600
page_000106.json,X53125,1-147809729,Elevate - Burton,7,SRV0321,Physical disabilities,2,PhoneExt,
page_000106.json,X53125,1-147809729,Elevate - Burton,8,SRV0322,Sensory impairments,1,Telephone,01283 586600
page_000106.json,X53125,1-147809729,Elevate - Burton,8,SRV0322,Sensory impairments,2,PhoneExt,
page_000106.json,X53231,1-319264531,Grangewood Care Centre,1,SRV0314,Care services for people with dementia,1,Telephone,01342 337220
page_000106.json,X53231,1-319264531,Grangewood Care Centre,1,SRV0314,Care services for people with dementia,2,PhoneExt,
page_000106.json,X53319,1-319264930,Stanley Park,1,SRV0314,Care services for people with dementia,1,Telephone,01342 337220
page_000106.json,X53319,1-319264930,Stanley Park,1,SRV0314,Care services for people with dementia,2,PhoneExt,
page_000106.json,X53373,1-319265043,The Terrace,1,SRV0314,Care services for people with dementia,1,Telephone,01342 337220
page_000106.json,X53373,1-319265043,The Terrace,1,SRV0314,Care services for people with dementia,2,PhoneExt,
page_000106.json,X53380,1-319264671,Kings Court Care Home,1,SRV0314,Care services for people with dementia,1,Telephone,01342 337220
page_000106.json,X53380,1-319264671,Kings Court Care Home,1,SRV0314,Care services for people with dementia,2,PhoneExt,
page_000106.json,X53440,1-319265076,Ventress Hall Care Home,1,SRV0314,Care services for people with dementia,1,Telephone,01342 337220
page_000106.json,X53440,1-319265076,Ventress Hall Care Home,1,SRV0314,Care services for people with dementia,2,PhoneExt,
page_000106.json,X53587,1-151159112,Althorpe Residential Home,2,SRV0317,Caring for adults over 65,1,Telephone,01724783363
page_000106.json,X53587,1-151159112,Althorpe Residential Home,2,SRV0317,Caring for adults over 65,2,PhoneExt,
page_000106.json,X53635,1-122145155,OSJCT Foxby Court,2,SRV0317,Caring for adults over 65,1,Telephone,01993 323232
page_000106.json,X53635,1-122145155,OSJCT Foxby Court,2,SRV0317,Caring for adults over 65,2,PhoneExt,
page_000106.json,X53856,1-136848081,Encompass Care Respite Accommodation and Outreach Service,2,SRV0317,Caring for adults over 65,1,Telephone,01305 771207
page_000106.json,X53856,1-136848081,Encompass Care Respite Accommodation and Outreach Service,2,SRV0317,Caring for adults over 65,2,PhoneExt,
page_000106.json,X53873,1-119691758,Maiden Castle House,2,SRV0317,Caring for adults over 65,1,Telephone,01202 746640
page_000106.json,X53873,1-119691758,Maiden Castle House,2,SRV0317,Caring for adults over 65,2,PhoneExt,
page_000106.json,X53885,1-136848027,Encompass Care Supported Living Services,3,SRV0317,Caring for adults over 65,1,Telephone,01305 771207
page_000106.json,X53885,1-136848027,Encompass Care Supported Living Services,3,SRV0317,Caring for adults over 65,2,PhoneExt,
page_000106.json,X53917,1-119691650,Buxton House,2,SRV0317,Caring for adults over 65,1,Telephone,01202 746640
page_000106.json,X53917,1-119691650,Buxton House,2,SRV0317,Caring for adults over 65,2,PhoneExt,
page_000106.json,X53969,1-110288814,Broadwindsor House,1,SRV0317,Caring for adults over 65,1,Telephone,01308 868353
page_000106.json,X53969,1-110288814,Broadwindsor House,1,SRV0317,Caring for adults over 65,2,PhoneExt,
page_000106.json,X53972,1-136848009,Rawleigh House,2,SRV0317,Caring for adults over 65,1,Telephone,01305 771207
page_000106.json,X53972,1-136848009,Rawleigh House,2,SRV0317,Caring for adults over 65,2,PhoneExt,
page_000107.json,X54569,1-130581211,North London Home Care & Support Limited Enfield,1,SRV0314,Care services for people with dementia,1,Telephone,0208 443 3380
page_000107.json,X54569,1-130581211,North London Home Care & Support Limited Enfield,1,SRV0314,Care services for people with dementia,2,PhoneExt,
page_000107.json,X54569,1-130581211,North London Home Care & Support Limited Enfield,2,SRV0315,Care services for people with learning disabilities,1,Telephone,0208 443 3380
page_000107.json,X54569,1-130581211,North London Home Care & Support Limited Enfield,2,SRV0315,Care services for people with learning disabilities,2,PhoneExt,
page_000107.json,X54569,1-130581211,North London Home Care & Support Limited Enfield,3,SRV0317,Caring for adults over 65,1,Telephone,0208 443 3380
page_000107.json,X54569,1-130581211,North London Home Care & Support Limited Enfield,3,SRV0317,Caring for adults over 65,2,PhoneExt,
page_000107.json,X54569,1-130581211,North London Home Care & Support Limited Enfield,4,SRV0323,Caring for adults under 65,1,Telephone,0208 443 3380
page_000107.json,X54569,1-130581211,North London Home Care & Support Limited Enfield,4,SRV0323,Caring for adults under 65,2,PhoneExt,
page_000107.json,X54621,1-118532894,Mayfair Lodge,2,SRV0317,Caring for adults over 65,1,Telephone,01992 450304
page_000107.json,X54621,1-118532894,Mayfair Lodge,2,SRV0317,Caring for adults over 65,2,PhoneExt,
page_000107.json,X55385,1-122144843,OSJCT Chestnut Court,2,SRV0317,Caring for adults over 65,1,Telephone,01993 323232
page_000107.json,X55385,1-122144843,OSJCT Chestnut Court,2,SRV0317,Caring for adults over 65,2,PhoneExt,
page_000107.json,X55432,1-122144900,OSJCT Millbrook Lodge,1,SRV0317,Caring for adults over 65,1,Telephone,01993 323232
page_000107.json,X55432,1-122144900,OSJCT Millbrook Lodge,1,SRV0317,Caring for adults over 65,2,PhoneExt,
page_000107.json,X55524,1-451476070,Monkscroft Care Centre,2,SRV0317,Caring for adults over 65,1,Telephone,01993 323232
page_000107.json,X55524,1-451476070,Monkscroft Care Centre,2,SRV0317,Caring for adults over 65,2,PhoneExt,
page_000107.json,X55557,1-448741065,Jubilee Lodge,2,SRV0317,Caring for adults over 65,1,Telephone,01993 323232
page_000107.json,X55557,1-448741065,Jubilee Lodge,2,SRV0317,Caring for adults over 65,2,PhoneExt,
page_000107.json,X55710,1-139859284,Whitebourne,1,SRV0314,Care services for people with dementia,1,Telephone,01342 337220
page_000107.json,X55710,1-139859284,Whitebourne,1,SRV0314,Care services for people with dementia,2,PhoneExt,
page_000107.json,X55757,1-141849414,Greys Residential Home,2,SRV0317,Caring for adults over 65,1,Telephone,01306 730084
page_000107.json,X55757,1-141849414,Greys Residential Home,2,SRV0317,Caring for adults over 65,2,PhoneExt,
page_000107.json,X55771,1-139851960,Kingsleigh,1,SRV0314,Care services for people with dementia,1,Telephone,01342 337220
page_000107.json,X55771,1-139851960,Kingsleigh,1,SRV0314,Care services for people with dementia,2,PhoneExt,
page_000107.json,X55883,1-123841747,Brendoncare Alton,1,SRV0314,Care services for people with dementia,1,Telephone,020 8877 9998
page_000107.json,X55883,1-123841747,Brendoncare Alton,1,SRV0314,Care services for people with dementia,2,PhoneExt,
page_000107.json,X55883,1-123841747,Brendoncare Alton,2,SRV0317,Caring for adults over 65,1,Telephone,01962 852133
page_000107.json,X55883,1-123841747,Brendoncare Alton,2,SRV0317,Caring for adults over 65,2,PhoneExt,
page_000107.json,X55884,1-123853924,Brendoncare Mary Rose Mews,1,SRV0317,Caring for adults over 65,1,Telephone,01962 852133
page_000107.json,X55884,1-123853924,Brendoncare Mary Rose Mews,1,SRV0317,Caring for adults over 65,2,PhoneExt,
page_000107.json,X55947,1-139851942,Jubilee House,1,SRV0314,Care services for people with dementia,1,Telephone,01342 337220
page_000107.json,X55947,1-139851942,Jubilee House,1,SRV0314,Care services for people with dementia,2,PhoneExt,
page_000107.json,X55955,1-139851599,Broadwater Lodge,1,SRV0314,Care services for people with dementia,1,Telephone,01342 337220
page_000107.json,X55955,1-139851599,Broadwater Lodge,1,SRV0314,Care services for people with dementia,2,PhoneExt,
page_000107.json,X56005,1-119324775,Shaftesbury Bradbury Court,1,SRV0315,Care services for people with learning disabilities,1,Telephone,01202 521985
page_000107.json,X56005,1-119324775,Shaftesbury Bradbury Court,1,SRV0315,Care services for people with learning disabilities,2,PhoneExt,
page_000107.json,X56089,1-139859266,Whitby Dene,1,SRV0314,Care services for people with dementia,1,Telephone,01342 337220
page_000107.json,X56089,1-139859266,Whitby Dene,1,SRV0314,Care services for people with dementia,2,PhoneExt,
page_000107.json,X56147,1-119324805,Shaftesbury Brookside House,2,SRV0315,Care services for people with learning disabilities,1,Telephone,01202 521985
page_000107.json,X56147,1-119324805,Shaftesbury Brookside House,2,SRV0315,Care services for people with learning disabilities,2,PhoneExt,
page_000107.json,X56327,1-123018683,United Response - 4 Highgate Park,1,SRV0315,Care services for people with learning disabilities,1,Telephone,0800 0884 377
page_000107.json,X56327,1-123018683,United Response - 4 Highgate Park,1,SRV0315,Care services for people with learning disabilities,2,PhoneExt,
page_000107.json,X56327,1-123018683,United Response - 4 Highgate Park,2,SRV0321,Physical disabilities,1,Telephone,01438 712 892
page_000107.json,X56327,1-123018683,United Response - 4 Highgate Park,2,SRV0321,Physical disabilities,2,PhoneExt,
page_000107.json,X56394,1-123018668,United Response - 47 Doublegates Green,1,SRV0315,Care services for people with learning disabilities,1,Telephone,0800 0884 377
page_000107.json,X56394,1-123018668,United Response - 47 Doublegates Green,1,SRV0315,Care services for people with learning disabilities,2,PhoneExt,
page_000107.json,X56394,1-123018668,United Response - 47 Doublegates Green,2,SRV0321,Physical disabilities,1,Telephone,01438 712 892
page_000107.json,X56394,1-123018668,United Response - 47 Doublegates Green,2,SRV0321,Physical disabilities,2,PhoneExt,
page_000107.json,X56474,1-118532715,Mountbatten Lodge,2,SRV0317,Caring for adults over 65,1,Telephone,01992 450304
page_000107.json,X56474,1-118532715,Mountbatten Lodge,2,SRV0317,Caring for adults over 65,2,PhoneExt,
page_000107.json,X56627,1-119325067,Shaftesbury Wall Street,1,SRV0315,Care services for people with learning disabilities,1,Telephone,01202 521985
page_000107.json,X56627,1-119325067,Shaftesbury Wall Street,1,SRV0315,Care services for people with learning disabilities,2,PhoneExt,
page_000108.json,X57178,1-220311518,Deben View,2,SRV0317,Caring for adults over 65,1,Telephone,01502 500653
page_000108.json,X57178,1-220311518,Deben View,2,SRV0317,Caring for adults over 65,2,PhoneExt,
page_000108.json,X57203,1-220311591,Steeple View,3,SRV0317,Caring for adults over 65,1,Telephone,01502 500653
page_000108.json,X57203,1-220311591,Steeple View,3,SRV0317,Caring for adults over 65,2,PhoneExt,
page_000108.json,X57222,1-220311472,Pitches View,2,SRV0317,Caring for adults over 65,1,Telephone,01502 500653
page_000108.json,X57222,1-220311472,Pitches View,2,SRV0317,Caring for adults over 65,2,PhoneExt,
page_000108.json,X57258,1-285537722,Weavers Court,1,SRV0317,Caring for adults over 65,1,Telephone,01603 741717
page_000108.json,X57258,1-285537722,Weavers Court,1,SRV0317,Caring for adults over 65,2,PhoneExt,
page_000108.json,X57262,1-118301700,High Oaks,3,SRV0316,Mental health conditions,1,Telephone,01379 674456
page_000108.json,X57262,1-118301700,High Oaks,3,SRV0316,Mental health conditions,2,PhoneExt,
page_000108.json,X57274,1-285231364,Laburnum Grove Housing with Care Scheme,1,SRV0317,Caring for adults over 65,1,Telephone,01603 741717
page_000108.json,X57274,1-285231364,Laburnum Grove Housing with Care Scheme,1,SRV0317,Caring for adults over 65,2,PhoneExt,
page_000108.json,X57327,1-220311536,Blackbourne View,2,SRV0317,Caring for adults over 65,1,Telephone,01502 500653
page_000108.json,X57327,1-220311536,Blackbourne View,2,SRV0317,Caring for adults over 65,2,PhoneExt,
page_000108.json,X57339,1-261437952,Oxlip House,1,SRV0317,Caring for adults over 65,1,Telephone,01993 323232
page_000108.json,X57339,1-261437952,Oxlip House,1,SRV0317,Caring for adults over 65,2,PhoneExt,
page_000108.json,X57356,1-502963664,Ipswich,1,SRV0315,Care services for people with learning disabilities,1,Telephone,01234 857664
page_000108.json,X57356,1-502963664,Ipswich,1,SRV0315,Care services for people with learning disabilities,2,PhoneExt,
page_000108.json,X57367,1-220311490,Emily Bray House,2,SRV0317,Caring for adults over 65,1,Telephone,01502 500653
page_000108.json,X57367,1-220311490,Emily Bray House,2,SRV0317,Caring for adults over 65,2,PhoneExt,
page_000108.json,X57383,1-123006558,United Response - Ipswich DCA,1,SRV0315,Care services for people with learning disabilities,1,Telephone,0800 0884 377
page_000108.json,X57383,1-123006558,United Response - Ipswich DCA,1,SRV0315,Care services for people with learning disabilities,2,PhoneExt,
page_000108.json,X57383,1-123006558,United Response - Ipswich DCA,3,SRV0321,Physical disabilities,1,Telephone,01438 712 892
page_000108.json,X57383,1-123006558,United Response - Ipswich DCA,3,SRV0321,Physical disabilities,2,PhoneExt,
page_000108.json,X57397,1-220311573,Sydney Brown Court,2,SRV0317,Caring for adults over 65,1,Telephone,01502 500653
page_000108.json,X57397,1-220311573,Sydney Brown Court,2,SRV0317,Caring for adults over 65,2,PhoneExt,
page_000108.json,X57434,1-139859248,Tiltwood,1,SRV0314,Care services for people with dementia,1,Telephone,01342 337220
page_000108.json,X57434,1-139859248,Tiltwood,1,SRV0314,Care services for people with dementia,2,PhoneExt,
page_000108.json,X57539,1-139851545,Appleby House,1,SRV0314,Care services for people with dementia,1,Telephone,01342 337220
page_000108.json,X57539,1-139851545,Appleby House,1,SRV0314,Care services for people with dementia,2,PhoneExt,
page_000108.json,X58002,1-298516683,"United Response, Shared Lives",1,SRV0315,Care services for people with learning disabilities,1,Telephone,0800 0884 377
page_000108.json,X58002,1-298516683,"United Response, Shared Lives",1,SRV0315,Care services for people with learning disabilities,2,PhoneExt,
page_000108.json,X58002,1-298516683,"United Response, Shared Lives",3,SRV0321,Physical disabilities,1,Telephone,01438 712 892
page_000108.json,X58002,1-298516683,"United Response, Shared Lives",3,SRV0321,Physical disabilities,2,PhoneExt,
page_000108.json,X58117,1-325330276,Clover House,1,SRV0315,Care services for people with learning disabilities,1,Telephone,01524 401200
page_000108.json,X58117,1-325330276,Clover House,1,SRV0315,Care services for people with learning disabilities,2,PhoneExt,
page_000108.json,X58236,1-116843503,Kingly House,3,SRV0321,Physical disabilities,1,Telephone,01455 613823
page_000108.json,X58236,1-116843503,Kingly House,3,SRV0321,Physical disabilities,2,PhoneExt,
page_000108.json,X58648,1-117259485,Barons Park Care,2,SRV0317,Caring for adults over 65,1,Telephone,01162 387 337
page_000108.json,X58648,1-117259485,Barons Park Care,2,SRV0317,Caring for adults over 65,2,PhoneExt,
page_000108.json,X58738,1-122145127,OSJCT Ermine House,1,SRV0317,Caring for adults over 65,1,Telephone,01993 323232
page_000108.json,X58738,1-122145127,OSJCT Ermine House,1,SRV0317,Caring for adults over 65,2,PhoneExt,
page_000108.json,X58797,1-122145183,OSJCT Hartsholme House,2,SRV0317,Caring for adults over 65,1,Telephone,01993 323232
page_000108.json,X58797,1-122145183,OSJCT Hartsholme House,2,SRV0317,Caring for adults over 65,2,PhoneExt,
page_000108.json,X58811,1-122145069,OSJCT Boultham Park House,2,SRV0317,Caring for adults over 65,1,Telephone,01993 323232
page_000108.json,X58811,1-122145069,OSJCT Boultham Park House,2,SRV0317,Caring for adults over 65,2,PhoneExt,
page_000108.json,X58824,1-122144774,OSJCT Beckside,1,SRV0317,Caring for adults over 65,1,Telephone,01993 323232
page_000108.json,X58824,1-122144774,OSJCT Beckside,1,SRV0317,Caring for adults over 65,2,PhoneExt,
page_000108.json,X58832,1-122145213,OSJCT The Poplars,2,SRV0317,Caring for adults over 65,1,Telephone,01993 323232
page_000108.json,X58832,1-122145213,OSJCT The Poplars,2,SRV0317,Caring for adults over 65,2,PhoneExt,
page_000108.json,X58861,1-123018698,United Response - 14 Lingwell Approach,1,SRV0315,Care services for people with learning disabilities,1,Telephone,0800 0884 377
page_000108.json,X58861,1-123018698,United Response - 14 Lingwell Approach,1,SRV0315,Care services for people with learning disabilities,2,PhoneExt,
page_000108.json,X58861,1-123018698,United Response - 14 Lingwell Approach,2,SRV0321,Physical disabilities,1,Telephone,01438 712 892
page_000108.json,X58861,1-123018698,United Response - 14 Lingwell Approach,2,SRV0321,Physical disabilities,2,PhoneExt,
page_000109.json,X59090,1-222658231,Terry Yorath House,2,SRV0317,Caring for adults over 65,1,Telephone,01707 258735
page_000109.json,X59090,1-222658231,Terry Yorath House,2,SRV0317,Caring for adults over 65,2,PhoneExt,
page_000109.json,X59113,1-123018728,United Response - 2a St Alban's Close,1,SRV0315,Care services for people with learning disabilities,1,Telephone,0800 0884 377
page_000109.json,X59113,1-123018728,United Response - 2a St Alban's Close,1,SRV0315,Care services for people with learning disabilities,2,PhoneExt,
page_000109.json,X59113,1-123018728,United Response - 2a St Alban's Close,2,SRV0321,Physical disabilities,1,Telephone,01438 712 892
page_000109.json,X59113,1-123018728,United Response - 2a St Alban's Close,2,SRV0321,Physical disabilities,2,PhoneExt,
page_000109.json,X59580,1-277632803,Belong at Home Domiciliary Care Agency Atherton,1,SRV0314,Care services for people with dementia,1,Telephone,01625 508700
page_000109.json,X59580,1-277632803,Belong at Home Domiciliary Care Agency Atherton,1,SRV0314,Care services for people with dementia,2,PhoneExt,
page_000109.json,X59581,1-216921659,Belong Atherton Care Village,1,SRV0314,Care services for people with dementia,1,Telephone,01625 508700
page_000109.json,X59581,1-216921659,Belong Atherton Care Village,1,SRV0314,Care services for people with dementia,2,PhoneExt,
page_000109.json,X59683,1-128267600,Court Regis,1,SRV0314,Care services for people with dementia,1,Telephone,01795 597431
page_000109.json,X59683,1-128267600,Court Regis,1,SRV0314,Care services for people with dementia,2,PhoneExt,
page_000109.json,X59683,1-128267600,Court Regis,2,SRV0317,Caring for adults over 65,1,Telephone,01795 597431
page_000109.json,X59683,1-128267600,Court Regis,2,SRV0317,Caring for adults over 65,2,PhoneExt,
page_000109.json,X59856,1-221793115,Amherst Court,1,SRV0314,Care services for people with dementia,1,Telephone,01795 597431
page_000109.json,X59856,1-221793115,Amherst Court,1,SRV0314,Care services for people with dementia,2,PhoneExt,
page_000109.json,X59856,1-221793115,Amherst Court,2,SRV0317,Caring for adults over 65,1,Telephone,01795 597431
page_000109.json,X59856,1-221793115,Amherst Court,2,SRV0317,Caring for adults over 65,2,PhoneExt,
page_000109.json,X59876,1-128267660,Pilgrims View,1,SRV0314,Care services for people with dementia,1,Telephone,01795 597431
page_000109.json,X59876,1-128267660,Pilgrims View,1,SRV0314,Care services for people with dementia,2,PhoneExt,
page_000109.json,X59876,1-128267660,Pilgrims View,2,SRV0317,Caring for adults over 65,1,Telephone,01795 597431
page_000109.json,X59876,1-128267660,Pilgrims View,2,SRV0317,Caring for adults over 65,2,PhoneExt,
page_000109.json,X60047,1-119207152,Elcombe House,1,SRV0314,Care services for people with dementia,1,Telephone,01234 333870
page_000109.json,X60047,1-119207152,Elcombe House,1,SRV0314,Care services for people with dementia,2,PhoneExt,
page_000109.json,X60047,1-119207152,Elcombe House,2,SRV0317,Caring for adults over 65,1,Telephone,01234 333870
page_000109.json,X60047,1-119207152,Elcombe House,2,SRV0317,Caring for adults over 65,2,PhoneExt,
page_000109.json,X60047,1-119207152,Elcombe House,4,SRV0321,Physical disabilities,1,Telephone,01234 333870
page_000109.json,X60047,1-119207152,Elcombe House,4,SRV0321,Physical disabilities,2,PhoneExt,
page_000109.json,X60133,1-119207168,Danecroft,1,SRV0314,Care services for people with dementia,1,Telephone,01234 333870
page_000109.json,X60133,1-119207168,Danecroft,1,SRV0314,Care services for people with dementia,2,PhoneExt,
page_000109.json,X60133,1-119207168,Danecroft,2,SRV0317,Caring for adults over 65,1,Telephone,01234 333870
page_000109.json,X60133,1-119207168,Danecroft,2,SRV0317,Caring for adults over 65,2,PhoneExt,
page_000109.json,X60133,1-119207168,Danecroft,4,SRV0321,Physical disabilities,1,Telephone,01234 333870
page_000109.json,X60133,1-119207168,Danecroft,4,SRV0321,Physical disabilities,2,PhoneExt,
page_000109.json,X60186,1-139859068,Muriel Street Resource Centre,1,SRV0314,Care services for people with dementia,1,Telephone,01342 337220
page_000109.json,X60186,1-139859068,Muriel Street Resource Centre,1,SRV0314,Care services for people with dementia,2,PhoneExt,
page_000109.json,X60193,1-112849203,Wilton Villas,3,SRV0316,Mental health conditions,1,Telephone,020 7359 9990
page_000109.json,X60193,1-112849203,Wilton Villas,3,SRV0316,Mental health conditions,2,PhoneExt,
page_000109.json,X60199,1-112849219,St Martins of Tours Housing - 158-162 New North Road,3,SRV0316,Mental health conditions,1,Telephone,020 7359 9990
page_000109.json,X60199,1-112849219,St Martins of Tours Housing - 158-162 New North Road,3,SRV0316,Mental health conditions,2,PhoneExt,
page_000109.json,X60406,1-139851744,Elizabeth Lodge,1,SRV0314,Care services for people with dementia,1,Telephone,01342 337220
page_000109.json,X60406,1-139851744,Elizabeth Lodge,1,SRV0314,Care services for people with dementia,2,PhoneExt,
page_000109.json,X60466,1-139851888,Highbury New Park,1,SRV0314,Care services for people with dementia,1,Telephone,01342 337220
page_000109.json,X60466,1-139851888,Highbury New Park,1,SRV0314,Care services for people with dementia,2,PhoneExt,
page_000109.json,X60478,1-139851996,Lennox House,1,SRV0314,Care services for people with dementia,1,Telephone,01342 337220
page_000109.json,X60478,1-139851996,Lennox House,1,SRV0314,Care services for people with dementia,2,PhoneExt,
page_000109.json,X60512,1-454648488,United Response – North East Supported Living Services,3,SRV0315,Care services for people with learning disabilities,1,Telephone,0800 0884 377
page_000109.json,X60512,1-454648488,United Response – North East Supported Living Services,3,SRV0315,Care services for people with learning disabilities,2,PhoneExt,
page_000109.json,X60512,1-454648488,United Response – North East Supported Living Services,7,SRV0321,Physical disabilities,1,Telephone,01438 712 892
page_000109.json,X60512,1-454648488,United Response – North East Supported Living Services,7,SRV0321,Physical disabilities,2,PhoneExt,
page_000109.json,X60599,1-319264847,Ponteland Manor Care Home,1,SRV0314,Care services for people with dementia,1,Telephone,01342 337220
page_000109.json,X60599,1-319264847,Ponteland Manor Care Home,1,SRV0314,Care services for people with dementia,2,PhoneExt,
page_000109.json,X606,REM21,Aintree University Hospital,2,SRV0191,Alcohol screening services,1,Telephone,01515294504
page_000109.json,X606,REM21,Aintree University Hospital,2,SRV0191,Alcohol screening services,2,PhoneExt,
page_000109.json,X60603,1-319264554,Hadrian House,1,SRV0314,Care services for people with dementia,1,Telephone,01342 337220
page_000109.json,X60603,1-319264554,Hadrian House,1,SRV0314,Care services for people with dementia,2,PhoneExt,
page_000109.json,X60699,1-319253325,Collingwood Court,1,SRV0314,Care services for people with dementia,1,Telephone,01342 337220
page_000109.json,X60699,1-319253325,Collingwood Court,1,SRV0314,Care services for people with dementia,2,PhoneExt,
page_000109.json,X60764,1-512908458,Deneside Court,3,SRV0317,Caring for adults over 65,1,Telephone,0191 48703726
page_000109.json,X60764,1-512908458,Deneside Court,3,SRV0317,Caring for adults over 65,2,PhoneExt,
page_000109.json,X60799,1-319252979,Cheviot Court,1,SRV0314,Care services for people with dementia,1,Telephone,01342 337220
page_000109.json,X60799,1-319252979,Cheviot Court,1,SRV0314,Care services for people with dementia,2,PhoneExt,
page_000109.json,X60998,1-319252593,Armstrong House,1,SRV0314,Care services for people with dementia,1,Telephone,01342 337220
page_000109.json,X60998,1-319252593,Armstrong House,1,SRV0314,Care services for people with dementia,2,PhoneExt,
page_000109.json,X61358,1-122145169,OSJCT Gregory House,1,SRV0317,Caring for adults over 65,1,Telephone,01993 323232
page_000109.json,X61358,1-122145169,OSJCT Gregory House,1,SRV0317,Caring for adults over 65,2,PhoneExt,
page_000109.json,X61385,1-113842735,Chestnuts Retirement Home,1,SRV0317,Caring for adults over 65,1,Telephone,01526832174
page_000109.json,X61385,1-113842735,Chestnuts Retirement Home,1,SRV0317,Caring for adults over 65,2,PhoneExt,
page_000110.json,X61917,1-285856030,Ellacombe,2,SRV0317,Caring for adults over 65,1,Telephone,01603 741717
page_000110.json,X61917,1-285856030,Ellacombe,2,SRV0317,Caring for adults over 65,2,PhoneExt,
page_000110.json,X61941,1-285970880,Munhaven,2,SRV0317,Caring for adults over 65,1,Telephone,01603 741717
page_000110.json,X61941,1-285970880,Munhaven,2,SRV0317,Caring for adults over 65,2,PhoneExt,
page_000110.json,X61958,1-285971361,Sydney House,1,SRV0317,Caring for adults over 65,1,Telephone,01603 741717
page_000110.json,X61958,1-285971361,Sydney House,1,SRV0317,Caring for adults over 65,2,PhoneExt,
page_000110.json,X61982,1-285666071,Beauchamp House,2,SRV0317,Caring for adults over 65,1,Telephone,01603 741717
page_000110.json,X61982,1-285666071,Beauchamp House,2,SRV0317,Caring for adults over 65,2,PhoneExt,
page_000110.json,X61984,1-220311656,Kittens Lane,2,SRV0317,Caring for adults over 65,1,Telephone,01502 500653
page_000110.json,X61984,1-220311656,Kittens Lane,2,SRV0317,Caring for adults over 65,2,PhoneExt,
page_000110.json,X62000,1-285876046,Harker House,2,SRV0317,Caring for adults over 65,1,Telephone,01603 741717
page_000110.json,X62000,1-285876046,Harker House,2,SRV0317,Caring for adults over 65,2,PhoneExt,
page_000110.json,X62014,1-291867261,St Edmunds,1,SRV0317,Caring for adults over 65,1,Telephone,01603 741717
page_000110.json,X62014,1-291867261,St Edmunds,1,SRV0317,Caring for adults over 65,2,PhoneExt,
page_000110.json,X62018,1-285507303,Robert Kett Court,2,SRV0317,Caring for adults over 65,1,Telephone,01603 741717
page_000110.json,X62018,1-285507303,Robert Kett Court,2,SRV0317,Caring for adults over 65,2,PhoneExt,
page_000110.json,X62025,1-285971232,St Nicholas House,2,SRV0317,Caring for adults over 65,1,Telephone,01603 741717
page_000110.json,X62025,1-285971232,St Nicholas House,2,SRV0317,Caring for adults over 65,2,PhoneExt,
page_000110.json,X62041,1-285222208,Harriet Court,2,SRV0317,Caring for adults over 65,1,Telephone,01603 741717
page_000110.json,X62041,1-285222208,Harriet Court,2,SRV0317,Caring for adults over 65,2,PhoneExt,
page_000110.json,X62047,1-285666240,Bishop Herbert House,2,SRV0317,Caring for adults over 65,1,Telephone,01603 741717
page_000110.json,X62047,1-285666240,Bishop Herbert House,2,SRV0317,Caring for adults over 65,2,PhoneExt,
page_000110.json,X62074,1-285841482,Cranmer House,2,SRV0317,Caring for adults over 65,1,Telephone,01603 741717
page_000110.json,X62074,1-285841482,Cranmer House,2,SRV0317,Caring for adults over 65,2,PhoneExt,
page_000110.json,X62083,1-285475057,Lloyd Court,1,SRV0317,Caring for adults over 65,1,Telephone,01603 741717
page_000110.json,X62083,1-285475057,Lloyd Court,1,SRV0317,Caring for adults over 65,2,PhoneExt,
page_000110.json,X62100,1-285208188,Benjamin Court,4,SRV0317,Caring for adults over 65,1,Telephone,01603 741717
page_000110.json,X62100,1-285208188,Benjamin Court,4,SRV0317,Caring for adults over 65,2,PhoneExt,
page_000110.json,X62129,1-285971034,Rose Meadow,1,SRV0317,Caring for adults over 65,1,Telephone,01603 741717
page_000110.json,X62129,1-285971034,Rose Meadow,1,SRV0317,Caring for adults over 65,2,PhoneExt,
page_000110.json,X62163,1-285970660,Mountfield,2,SRV0317,Caring for adults over 65,1,Telephone,01603 741717
page_000110.json,X62163,1-285970660,Mountfield,2,SRV0317,Caring for adults over 65,2,PhoneExt,
page_000110.json,X62168,1-119324927,Shaftesbury John Grooms Court,1,SRV0315,Care services for people with learning disabilities,1,Telephone,01202 521985
page_000110.json,X62168,1-119324927,Shaftesbury John Grooms Court,1,SRV0315,Care services for people with learning disabilities,2,PhoneExt,
page_000110.json,X62187,1-285537576,The Lawns,1,SRV0317,Caring for adults over 65,1,Telephone,01603 741717
page_000110.json,X62187,1-285537576,The Lawns,1,SRV0317,Caring for adults over 65,2,PhoneExt,
page_000110.json,X62194,1-285507429,St Augustines Place,1,SRV0317,Caring for adults over 65,1,Telephone,01603 741717
page_000110.json,X62194,1-285507429,St Augustines Place,1,SRV0317,Caring for adults over 65,2,PhoneExt,
page_000110.json,X62244,1-220311452,Levington Court,2,SRV0317,Caring for adults over 65,1,Telephone,01502 500653
page_000110.json,X62244,1-220311452,Levington Court,2,SRV0317,Caring for adults over 65,2,PhoneExt,
page_000110.json,X62276,1-285221782,Dell Rose Court,2,SRV0317,Caring for adults over 65,1,Telephone,01603 741717
page_000110.json,X62276,1-285221782,Dell Rose Court,2,SRV0317,Caring for adults over 65,2,PhoneExt,
page_000110.json,X62282,1-285207741,Barley Court,1,SRV0317,Caring for adults over 65,1,Telephone,01603 741717
page_000110.json,X62282,1-285207741,Barley Court,1,SRV0317,Caring for adults over 65,2,PhoneExt,
page_000110.json,X62301,1-285506838,Redmayne View,1,SRV0317,Caring for adults over 65,1,Telephone,01603 741717
page_000110.json,X62301,1-285506838,Redmayne View,1,SRV0317,Caring for adults over 65,2,PhoneExt,
page_000110.json,X62694,1-122152841,OSJCT Westgate House,2,SRV0317,Caring for adults over 65,1,Telephone,01993 323232
page_000110.json,X62694,1-122152841,OSJCT Westgate House,2,SRV0317,Caring for adults over 65,2,PhoneExt,
page_000110.json,X62703,1-122152810,OSJCT The Meadows,2,SRV0317,Caring for adults over 65,1,Telephone,01993 323232
page_000110.json,X62703,1-122152810,OSJCT The Meadows,2,SRV0317,Caring for adults over 65,2,PhoneExt,
page_000110.json,X62707,1-122152795,OSJCT Stirlings,2,SRV0317,Caring for adults over 65,1,Telephone,01993 323232
page_000110.json,X62707,1-122152795,OSJCT Stirlings,2,SRV0317,Caring for adults over 65,2,PhoneExt,
page_000110.json,X62730,1-122152750,OSJCT Old Station House,2,SRV0317,Caring for adults over 65,1,Telephone,01993 323232
page_000110.json,X62730,1-122152750,OSJCT Old Station House,2,SRV0317,Caring for adults over 65,2,PhoneExt,
page_000110.json,X62749,1-262886927,OSJCT Larkrise Care Centre,2,SRV0317,Caring for adults over 65,1,Telephone,01993 323232
page_000110.json,X62749,1-262886927,OSJCT Larkrise Care Centre,2,SRV0317,Caring for adults over 65,2,PhoneExt,
page_000110.json,X62750,1-281519222,OSJCT Orchard Meadows,2,SRV0317,Caring for adults over 65,1,Telephone,01993 323232
page_000110.json,X62750,1-281519222,OSJCT Orchard Meadows,2,SRV0317,Caring for adults over 65,2,PhoneExt,
page_000110.json,X62777,1-122152645,OSJCT Lake House,2,SRV0317,Caring for adults over 65,1,Telephone,01993 323232
page_000110.json,X62777,1-122152645,OSJCT Lake House,2,SRV0317,Caring for adults over 65,2,PhoneExt,
page_000110.json,X62799,1-122152765,OSJCT Spencer Court,2,SRV0317,Caring for adults over 65,1,Telephone,01993 323232
page_000110.json,X62799,1-122152765,OSJCT Spencer Court,2,SRV0317,Caring for adults over 65,2,PhoneExt,
page_000110.json,X62809,1-409931314,OSJCT Langford View,2,SRV0317,Caring for adults over 65,1,Telephone,01993 323232
page_000110.json,X62809,1-409931314,OSJCT Langford View,2,SRV0317,Caring for adults over 65,2,PhoneExt,
page_000110.json,X62810,1-416600916,Centurion House,2,SRV0317,Caring for adults over 65,1,Telephone,01993 323232
page_000110.json,X62810,1-416600916,Centurion House,2,SRV0317,Caring for adults over 65,2,PhoneExt,
page_000110.json,X62815,1-122152690,OSJCT Madley Park House,2,SRV0317,Caring for adults over 65,1,Telephone,01993 323232
page_000110.json,X62815,1-122152690,OSJCT Madley Park House,2,SRV0317,Caring for adults over 65,2,PhoneExt,
page_000110.json,X62846,1-122152705,OSJCT Marston Court,2,SRV0317,Caring for adults over 65,1,Telephone,01993 323232
page_000110.json,X62846,1-122152705,OSJCT Marston Court,2,SRV0317,Caring for adults over 65,2,PhoneExt,
page_000110.json,X62858,1-122152826,OSJCT Townsend House,2,SRV0317,Caring for adults over 65,1,Telephone,01993 323232
page_000110.json,X62858,1-122152826,OSJCT Townsend House,2,SRV0317,Caring for adults over 65,2,PhoneExt,
page_000110.json,X62876,1-122152884,OSJCT Isis House Care & Retirement Centre,2,SRV0317,Caring for adults over 65,1,Telephone,01993 323232
page_000110.json,X62876,1-122152884,OSJCT Isis House Care & Retirement Centre,2,SRV0317,Caring for adults over 65,2,PhoneExt,
page_000110.json,X62877,1-122152631,OSJCT Isis Court,3,SRV0317,Caring for adults over 65,1,Telephone,01993 323232
page_000110.json,X62877,1-122152631,OSJCT Isis Court,3,SRV0317,Caring for adults over 65,2,PhoneExt,
page_000110.json,X62883,1-122152675,OSJCT Longlands,2,SRV0317,Caring for adults over 65,1,Telephone,01993 323232
page_000110.json,X62883,1-122152675,OSJCT Longlands,2,SRV0317,Caring for adults over 65,2,PhoneExt,
page_000110.json,X62900,1-322586145,OSJCT Henry Cornish Care Centre,2,SRV0317,Caring for adults over 65,1,Telephone,01993 323232
page_000110.json,X62900,1-322586145,OSJCT Henry Cornish Care Centre,2,SRV0317,Caring for adults over 65,2,PhoneExt,
page_000110.json,X62910,1-122152735,OSJCT Meadowcroft,2,SRV0317,Caring for adults over 65,1,Telephone,01993 323232
page_000110.json,X62910,1-122152735,OSJCT Meadowcroft,2,SRV0317,Caring for adults over 65,2,PhoneExt,
page_000110.json,X62952,1-122145098,OSJCT Digby Court,1,SRV0317,Caring for adults over 65,1,Telephone,01993 323232
page_000110.json,X62952,1-122145098,OSJCT Digby Court,1,SRV0317,Caring for adults over 65,2,PhoneExt,
page_000110.json,X62959,1-122145242,OSJCT Southfield House,2,SRV0317,Caring for adults over 65,1,Telephone,01993 323232
page_000110.json,X62959,1-122145242,OSJCT Southfield House,2,SRV0317,Caring for adults over 65,2,PhoneExt,
page_000110.json,X62979,1-122144800,OSJCT Patchett Lodge,1,SRV0317,Caring for adults over 65,1,Telephone,01993 323232
page_000110.json,X62979,1-122144800,OSJCT Patchett Lodge,1,SRV0317,Caring for adults over 65,2,PhoneExt,
page_000110.json,X63100,1-122145228,OSJCT Skirbeck Court,2,SRV0317,Caring for adults over 65,1,Telephone,01993 323232
page_000110.json,X63100,1-122145228,OSJCT Skirbeck Court,2,SRV0317,Caring for adults over 65,2,PhoneExt,
page_000110.json,X63116,1-122145113,OSJCT Eresby Hall,2,SRV0317,Caring for adults over 65,1,Telephone,01993 323232
page_000110.json,X63116,1-122145113,OSJCT Eresby Hall,2,SRV0317,Caring for adults over 65,2,PhoneExt,
page_000110.json,X63159,1-215781949,Oakleigh Residential Care Home,1,SRV0314,Care services for people with dementia,1,Telephone,01480 890248
page_000110.json,X63159,1-215781949,Oakleigh Residential Care Home,1,SRV0314,Care services for people with dementia,2,PhoneExt,
page_000110.json,X63159,1-215781949,Oakleigh Residential Care Home,2,SRV0317,Caring for adults over 65,1,Telephone,01480 890248
page_000110.json,X63159,1-215781949,Oakleigh Residential Care Home,2,SRV0317,Caring for adults over 65,2,PhoneExt,
page_000110.json,X63204,1-285474836,Lisbon Court,1,SRV0317,Caring for adults over 65,1,Telephone,01603 741717
page_000110.json,X63204,1-285474836,Lisbon Court,1,SRV0317,Caring for adults over 65,2,PhoneExt,
page_000110.json,X63205,1-285992501,Woodlands,2,SRV0317,Caring for adults over 65,1,Telephone,01603 741717
page_000110.json,X63205,1-285992501,Woodlands,2,SRV0317,Caring for adults over 65,2,PhoneExt,
page_000110.json,X63225,1-285970983,Rebecca Court,2,SRV0317,Caring for adults over 65,1,Telephone,01603 741717
page_000110.json,X63225,1-285970983,Rebecca Court,2,SRV0317,Caring for adults over 65,2,PhoneExt,
page_000110.json,X63254,1-285971411,Westfields,2,SRV0317,Caring for adults over 65,1,Telephone,01603 741717
page_000110.json,X63254,1-285971411,Westfields,2,SRV0317,Caring for adults over 65,2,PhoneExt,
page_000110.json,X63262,1-285876496,High Haven,2,SRV0317,Caring for adults over 65,1,Telephone,01603 741717
page_000110.json,X63262,1-285876496,High Haven,2,SRV0317,Caring for adults over 65,2,PhoneExt,
page_000110.json,X63266,1-285475264,Oakes Court,2,SRV0317,Caring for adults over 65,1,Telephone,01603 741717
page_000110.json,X63266,1-285475264,Oakes Court,2,SRV0317,Caring for adults over 65,2,PhoneExt,
page_000110.json,X63316,1-122145257,OSJCT Whitefriars,2,SRV0317,Caring for adults over 65,1,Telephone,01993 323232
page_000110.json,X63316,1-122145257,OSJCT Whitefriars,2,SRV0317,Caring for adults over 65,2,PhoneExt,
page_000110.json,X63328,1-120237745,The Dove Project Plymouth and Cornwall DCA,1,SRV0315,Care services for people with learning disabilities,1,Telephone,01905798247
page_000110.json,X63328,1-120237745,The Dove Project Plymouth and Cornwall DCA,1,SRV0315,Care services for people with learning disabilities,2,PhoneExt,
page_000110.json,X63414,1-123018186,United Response - East Cornwall & Plymouth DCA,2,SRV0315,Care services for people with learning disabilities,1,Telephone,0800 0884 377
page_000110.json,X63414,1-123018186,United Response - East Cornwall & Plymouth DCA,2,SRV0315,Care services for people with learning disabilities,2,PhoneExt,
page_000110.json,X63414,1-123018186,United Response - East Cornwall & Plymouth DCA,7,SRV0321,Physical disabilities,1,Telephone,01438 712 892
page_000110.json,X63414,1-123018186,United Response - East Cornwall & Plymouth DCA,7,SRV0321,Physical disabilities,2,PhoneExt,
page_000110.json,X63608,1-120237867,The Bungalow,1,SRV0315,Care services for people with learning disabilities,1,Telephone,01905798247
page_000110.json,X63608,1-120237867,The Bungalow,1,SRV0315,Care services for people with learning disabilities,2,PhoneExt,
page_000110.json,X63910,1-123018256,United Response - 26 Tennyson Road,1,SRV0315,Care services for people with learning disabilities,1,Telephone,0800 0884 377
page_000110.json,X63910,1-123018256,United Response - 26 Tennyson Road,1,SRV0315,Care services for people with learning disabilities,2,PhoneExt,
page_000111.json,X64080,1-122824326,Shearwater,1,SRV0314,Care services for people with dementia,1,Telephone,02392 616700
page_000111.json,X64080,1-122824326,Shearwater,1,SRV0314,Care services for people with dementia,2,PhoneExt,
page_000111.json,X65036,1-123853868,Brendoncare Stildon,1,SRV0317,Caring for adults over 65,1,Telephone,01962 852133
page_000111.json,X65036,1-123853868,Brendoncare Stildon,1,SRV0317,Caring for adults over 65,2,PhoneExt,
page_000111.json,X65037,1-123853951,Brendoncare Stildon Mews,1,SRV0317,Caring for adults over 65,1,Telephone,01962 852133
page_000111.json,X65037,1-123853951,Brendoncare Stildon Mews,1,SRV0317,Caring for adults over 65,2,PhoneExt,
page_000111.json,X65051,1-420305511,Mill View,1,SRV0314,Care services for people with dementia,1,Telephone,01342 337220
page_000111.json,X65051,1-420305511,Mill View,1,SRV0314,Care services for people with dementia,2,PhoneExt,
page_000111.json,X65099,1-139859158,Stanecroft,1,SRV0314,Care services for people with dementia,1,Telephone,01342 337220
page_000111.json,X65099,1-139859158,Stanecroft,1,SRV0314,Care services for people with dementia,2,PhoneExt,
page_000111.json,X65229,1-170836286,Aveley House,1,SRV0315,Care services for people with learning disabilities,1,Telephone,01708 863289
page_000111.json,X65229,1-170836286,Aveley House,1,SRV0315,Care services for people with learning disabilities,2,PhoneExt,
page_000111.json,X65583,1-123006890,United Response - Spire DCA,1,SRV0315,Care services for people with learning disabilities,1,Telephone,0800 0884 377
page_000111.json,X65583,1-123006890,United Response - Spire DCA,1,SRV0315,Care services for people with learning disabilities,2,PhoneExt,
page_000111.json,X65583,1-123006890,United Response - Spire DCA,3,SRV0321,Physical disabilities,1,Telephone,01438 712 892
page_000111.json,X65583,1-123006890,United Response - Spire DCA,3,SRV0321,Physical disabilities,2,PhoneExt,
page_000111.json,X66043,1-128278810,Weybourne,1,SRV0314,Care services for people with dementia,1,Telephone,01795 597431
page_000111.json,X66043,1-128278810,Weybourne,1,SRV0314,Care services for people with dementia,2,PhoneExt,
page_000111.json,X66043,1-128278810,Weybourne,2,SRV0317,Caring for adults over 65,1,Telephone,01795 597431
page_000111.json,X66043,1-128278810,Weybourne,2,SRV0317,Caring for adults over 65,2,PhoneExt,
page_000111.json,X66233,1-436913248,Jubilee Court,3,SRV0317,Caring for adults over 65,1,Telephone,01992 450304
page_000111.json,X66233,1-436913248,Jubilee Court,3,SRV0317,Caring for adults over 65,2,PhoneExt,
page_000111.json,X66255,1-118532958,Belmont View,3,SRV0317,Caring for adults over 65,1,Telephone,01992 450304
page_000111.json,X66255,1-118532958,Belmont View,3,SRV0317,Caring for adults over 65,2,PhoneExt,
page_000111.json,X66260,1-118532942,Beane River View,2,SRV0317,Caring for adults over 65,1,Telephone,01992 450304
page_000111.json,X66260,1-118532942,Beane River View,2,SRV0317,Caring for adults over 65,2,PhoneExt,
page_000111.json,X66331,1-118542149,Providence Court,2,SRV0317,Caring for adults over 65,1,Telephone,01992 450304
page_000111.json,X66331,1-118542149,Providence Court,2,SRV0317,Caring for adults over 65,2,PhoneExt,
page_000111.json,X66363,1-128329737,Belong at Home Domiciliary Care Agency - Macclesfield,1,SRV0314,Care services for people with dementia,1,Telephone,01625 508700
page_000111.json,X66363,1-128329737,Belong at Home Domiciliary Care Agency - Macclesfield,1,SRV0314,Care services for people with dementia,2,PhoneExt,
page_000111.json,X66364,1-128323294,Belong Macclesfield Care Village,1,SRV0314,Care services for people with dementia,1,Telephone,01625 508700
page_000111.json,X66364,1-128323294,Belong Macclesfield Care Village,1,SRV0314,Care services for people with dementia,2,PhoneExt,
page_000112.json,X66559,1-114463387,Pearce Lodge Care Home,1,SRV0323,Caring for adults under 65,1,Telephone,0161 283 4871
page_000112.json,X66559,1-114463387,Pearce Lodge Care Home,1,SRV0323,Caring for adults under 65,2,PhoneExt,
page_000112.json,X66559,1-114463387,Pearce Lodge Care Home,2,SRV0321,Physical disabilities,1,Telephone,0161 283 4871
page_000112.json,X66559,1-114463387,Pearce Lodge Care Home,2,SRV0321,Physical disabilities,2,PhoneExt,
page_000112.json,X66559,1-114463387,Pearce Lodge Care Home,3,SRV0322,Sensory impairments,1,Telephone,0161 283 4871
page_000112.json,X66559,1-114463387,Pearce Lodge Care Home,3,SRV0322,Sensory impairments,2,PhoneExt,
page_000112.json,X66567,1-114463364,The Together Trust Domiciliary Care Agency,3,SRV0323,Caring for adults under 65,1,Telephone,0161 283 4871
page_000112.json,X66567,1-114463364,The Together Trust Domiciliary Care Agency,3,SRV0323,Caring for adults under 65,2,PhoneExt,
page_000112.json,X66567,1-114463364,The Together Trust Domiciliary Care Agency,4,SRV0313,Caring for children (0 - 18),1,Telephone,0161 283 4871
page_000112.json,X66567,1-114463364,The Together Trust Domiciliary Care Agency,4,SRV0313,Caring for children (0 - 18),2,PhoneExt,
page_000112.json,X66567,1-114463364,The Together Trust Domiciliary Care Agency,6,SRV0321,Physical disabilities,1,Telephone,0161 283 4871
page_000112.json,X66567,1-114463364,The Together Trust Domiciliary Care Agency,6,SRV0321,Physical disabilities,2,PhoneExt,
page_000112.json,X66567,1-114463364,The Together Trust Domiciliary Care Agency,7,SRV0322,Sensory impairments,1,Telephone,0161 283 4871
page_000112.json,X66567,1-114463364,The Together Trust Domiciliary Care Agency,7,SRV0322,Sensory impairments,2,PhoneExt,
page_000112.json,X66652,1-139859086,Oak House,1,SRV0314,Care services for people with dementia,1,Telephone,01342 337220
page_000112.json,X66652,1-139859086,Oak House,1,SRV0314,Care services for people with dementia,2,PhoneExt,
page_000112.json,X66719,1-139851671,Clara Court,1,SRV0314,Care services for people with dementia,1,Telephone,01342 337220
page_000112.json,X66719,1-139851671,Clara Court,1,SRV0314,Care services for people with dementia,2,PhoneExt,
page_000112.json,X66753,1-113770448,Swarthmore Residential Care Home,2,SRV0317,Caring for adults over 65,1,Telephone,01753 885663
page_000112.json,X66753,1-113770448,Swarthmore Residential Care Home,2,SRV0317,Caring for adults over 65,2,PhoneExt,
page_000112.json,X66949,1-122152413,OSJCT Marden Court,2,SRV0317,Caring for adults over 65,1,Telephone,01993 323232
page_000112.json,X66949,1-122152413,OSJCT Marden Court,2,SRV0317,Caring for adults over 65,2,PhoneExt,
page_000112.json,X66966,1-122145336,OSJCT Brookside,2,SRV0317,Caring for adults over 65,1,Telephone,01993 323232
page_000112.json,X66966,1-122145336,OSJCT Brookside,2,SRV0317,Caring for adults over 65,2,PhoneExt,
page_000112.json,X66984,1-123018440,United Response - Wiltshire DCA,1,SRV0315,Care services for people with learning disabilities,1,Telephone,0800 0884 377
page_000112.json,X66984,1-123018440,United Response - Wiltshire DCA,1,SRV0315,Care services for people with learning disabilities,2,PhoneExt,
page_000112.json,X66998,1-123018384,United Response - 74 Oaklands,1,SRV0315,Care services for people with learning disabilities,1,Telephone,0800 0884 377
page_000112.json,X66998,1-123018384,United Response - 74 Oaklands,1,SRV0315,Care services for people with learning disabilities,2,PhoneExt,
page_000112.json,X67018,1-122145288,OSJCT Athelstan House,2,SRV0317,Caring for adults over 65,1,Telephone,01993 323232
page_000112.json,X67018,1-122145288,OSJCT Athelstan House,2,SRV0317,Caring for adults over 65,2,PhoneExt,
page_000112.json,X67057,1-122152429,OSJCT Ridgeway House,2,SRV0317,Caring for adults over 65,1,Telephone,01993 323232
page_000112.json,X67057,1-122152429,OSJCT Ridgeway House,2,SRV0317,Caring for adults over 65,2,PhoneExt,
page_000112.json,X67069,1-122152508,OSJCT The Cedars,2,SRV0317,Caring for adults over 65,1,Telephone,01993 323232
page_000112.json,X67069,1-122152508,OSJCT The Cedars,2,SRV0317,Caring for adults over 65,2,PhoneExt,
page_000112.json,X67090,1-122145367,OSJCT Coombe End Court,2,SRV0317,Caring for adults over 65,1,Telephone,01993 323232
page_000112.json,X67090,1-122145367,OSJCT Coombe End Court,2,SRV0317,Caring for adults over 65,2,PhoneExt,
page_000112.json,X67095,1-123853824,Brendoncare Froxfield,1,SRV0314,Care services for people with dementia,1,Telephone,020 8877 9998
page_000112.json,X67095,1-123853824,Brendoncare Froxfield,1,SRV0314,Care services for people with dementia,2,PhoneExt,
page_000112.json,X67095,1-123853824,Brendoncare Froxfield,2,SRV0317,Caring for adults over 65,1,Telephone,01962 852133
page_000112.json,X67095,1-123853824,Brendoncare Froxfield,2,SRV0317,Caring for adults over 65,2,PhoneExt,
page_000112.json,X67256,1-123853910,Brendoncare Meadway,1,SRV0317,Caring for adults over 65,1,Telephone,01962 852133
page_000112.json,X67256,1-123853910,Brendoncare Meadway,1,SRV0317,Caring for adults over 65,2,PhoneExt,
page_000112.json,X67445,1-123853882,Brendoncare Knightwood,1,SRV0317,Caring for adults over 65,1,Telephone,01962 852133
page_000112.json,X67445,1-123853882,Brendoncare Knightwood,1,SRV0317,Caring for adults over 65,2,PhoneExt,
page_000112.json,X67446,1-123853938,Brendoncare Knightwood Mews,1,SRV0317,Caring for adults over 65,1,Telephone,01962 852133
page_000112.json,X67446,1-123853938,Brendoncare Knightwood Mews,1,SRV0317,Caring for adults over 65,2,PhoneExt,
page_000112.json,X67506,1-122145321,OSJCT Bemerton Lodge,2,SRV0317,Caring for adults over 65,1,Telephone,01993 323232
page_000112.json,X67506,1-122145321,OSJCT Bemerton Lodge,2,SRV0317,Caring for adults over 65,2,PhoneExt,
page_000112.json,X67514,1-122152556,OSJCT Willowcroft,2,SRV0317,Caring for adults over 65,1,Telephone,01993 323232
page_000112.json,X67514,1-122152556,OSJCT Willowcroft,2,SRV0317,Caring for adults over 65,2,PhoneExt,
page_000112.json,X67786,1-119324820,Shaftesbury Dolphin Court,2,SRV0315,Care services for people with learning disabilities,1,Telephone,01202 521985
page_000112.json,X67786,1-119324820,Shaftesbury Dolphin Court,2,SRV0315,Care services for people with learning disabilities,2,PhoneExt,
page_000112.json,X67803,1-124419989,Cedar House,2,SRV0323,Caring for adults under 65,1,Telephone,01268 453216
page_000112.json,X67803,1-124419989,Cedar House,2,SRV0323,Caring for adults under 65,2,PhoneExt,
page_000112.json,X67829,1-124419944,The Oakes,2,SRV0323,Caring for adults under 65,1,Telephone,01268 453216
page_000112.json,X67829,1-124419944,The Oakes,2,SRV0323,Caring for adults under 65,2,PhoneExt,
page_000112.json,X67830,1-124409587,Acorn House - Laindon,2,SRV0323,Caring for adults under 65,1,Telephone,01268 453216
page_000112.json,X67830,1-124409587,Acorn House - Laindon,2,SRV0323,Caring for adults under 65,2,PhoneExt,
page_000112.json,X67833,1-495548091,Kingswood Care Services Ltd - Head Office,2,SRV0323,Caring for adults under 65,1,Telephone,01268 453216
page_000112.json,X67833,1-495548091,Kingswood Care Services Ltd - Head Office,2,SRV0323,Caring for adults under 65,2,PhoneExt,
page_000112.json,X67854,1-119324957,Shaftesbury Kenway Court,2,SRV0315,Care services for people with learning disabilities,1,Telephone,01202 521985
page_000112.json,X67854,1-119324957,Shaftesbury Kenway Court,2,SRV0315,Care services for people with learning disabilities,2,PhoneExt,
page_000112.json,X67914,1-124419959,Willow Bay,2,SRV0323,Caring for adults under 65,1,Telephone,01268 453216
page_000112.json,X67914,1-124419959,Willow Bay,2,SRV0323,Caring for adults under 65,2,PhoneExt,
page_000112.json,X67917,1-124419974,The Beeches,2,SRV0323,Caring for adults under 65,1,Telephone,01268 453216
page_000112.json,X67917,1-124419974,The Beeches,2,SRV0323,Caring for adults under 65,2,PhoneExt,
page_000112.json,X68251,1-139851762,Ellesmere House,1,SRV0314,Care services for people with dementia,1,Telephone,01342 337220
page_000112.json,X68251,1-139851762,Ellesmere House,1,SRV0314,Care services for people with dementia,2,PhoneExt,
page_000112.json,X68449,1-139851798,Farm Lane,1,SRV0314,Care services for people with dementia,1,Telephone,01342 337220
page_000112.json,X68449,1-139851798,Farm Lane,1,SRV0314,Care services for people with dementia,2,PhoneExt,
page_000112.json,X68517,1-131480287,Greenfields Care Home,2,SRV0317,Caring for adults over 65,1,Telephone,01743 235788
page_000112.json,X68517,1-131480287,Greenfields Care Home,2,SRV0317,Caring for adults over 65,2,PhoneExt,
page_000112.json,X68545,1-131480319,Briarfields,2,SRV0317,Caring for adults over 65,1,Telephone,01743 235788
page_000112.json,X68545,1-131480319,Briarfields,2,SRV0317,Caring for adults over 65,2,PhoneExt,
page_000112.json,X68551,1-126257467,Radfield Home Care Limited - Shrewsbury,2,SRV0317,Caring for adults over 65,1,Telephone,01785 336628
page_000112.json,X68551,1-126257467,Radfield Home Care Limited - Shrewsbury,2,SRV0317,Caring for adults over 65,2,PhoneExt,
page_000112.json,X68609,1-131480422,Stone House,2,SRV0317,Caring for adults over 65,1,Telephone,01743 235788
page_000112.json,X68609,1-131480422,Stone House,2,SRV0317,Caring for adults over 65,2,PhoneExt,
page_000112.json,X68675,1-119691959,Care South Home Care Services Somerset,4,SRV0317,Caring for adults over 65,1,Telephone,01202 746640
page_000112.json,X68675,1-119691959,Care South Home Care Services Somerset,4,SRV0317,Caring for adults over 65,2,PhoneExt,
page_000112.json,X68862,1-305072940,The Cottage Christian Nursing and Residential Home,2,SRV0317,Caring for adults over 65,1,Telephone,01743 235788
page_000112.json,X68862,1-305072940,The Cottage Christian Nursing and Residential Home,2,SRV0317,Caring for adults over 65,2,PhoneExt,
page_000112.json,X68883,1-131480304,Barclay Gardens,2,SRV0317,Caring for adults over 65,1,Telephone,01743 235788
page_000112.json,X68883,1-131480304,Barclay Gardens,2,SRV0317,Caring for adults over 65,2,PhoneExt,
page_000112.json,X68884,1-114658374,The Limes,1,SRV0323,Caring for adults under 65,1,Telephone,01299 404929
page_000112.json,X68884,1-114658374,The Limes,1,SRV0323,Caring for adults under 65,2,PhoneExt,
page_000113.json,X68917,1-114657857,The Willows,1,SRV0323,Caring for adults under 65,1,Telephone,01299 404929
page_000113.json,X68917,1-114657857,The Willows,1,SRV0323,Caring for adults under 65,2,PhoneExt,
page_000113.json,X68919,1-476191395,Home Instead,1,SRV0314,Care services for people with dementia,1,Telephone,01952 476720
page_000113.json,X68919,1-476191395,Home Instead,1,SRV0314,Care services for people with dementia,2,PhoneExt,
page_000113.json,X68924,1-131480407,Lightmoor View,2,SRV0317,Caring for adults over 65,1,Telephone,01743 235788
page_000113.json,X68924,1-131480407,Lightmoor View,2,SRV0317,Caring for adults over 65,2,PhoneExt,
page_000113.json,X68937,1-131480462,Woodcroft,2,SRV0317,Caring for adults over 65,1,Telephone,01743 235788
page_000113.json,X68937,1-131480462,Woodcroft,2,SRV0317,Caring for adults over 65,2,PhoneExt,
page_000113.json,X68960,1-143332621,1 & 2 Hedgerows,1,SRV0315,Care services for people with learning disabilities,1,Telephone,01732 225200
page_000113.json,X68960,1-143332621,1 & 2 Hedgerows,1,SRV0315,Care services for people with learning disabilities,2,PhoneExt,
page_000113.json,X68960,1-143332621,1 & 2 Hedgerows,3,SRV0323,Caring for adults under 65,1,Telephone,01732 225200
page_000113.json,X68960,1-143332621,1 & 2 Hedgerows,3,SRV0323,Caring for adults under 65,2,PhoneExt,
page_000113.json,X69066,1-133266764,Southfields,1,SRV0315,Care services for people with learning disabilities,1,Telephone,01732 225200
page_000113.json,X69066,1-133266764,Southfields,1,SRV0315,Care services for people with learning disabilities,2,PhoneExt,
page_000113.json,X69066,1-133266764,Southfields,3,SRV0323,Caring for adults under 65,1,Telephone,01732 225200
page_000113.json,X69066,1-133266764,Southfields,3,SRV0323,Caring for adults under 65,2,PhoneExt,
page_000113.json,X69078,1-133266850,Kent Shared Lives,1,SRV0315,Care services for people with learning disabilities,1,Telephone,01732 225200
page_000113.json,X69078,1-133266850,Kent Shared Lives,1,SRV0315,Care services for people with learning disabilities,2,PhoneExt,
page_000113.json,X69078,1-133266850,Kent Shared Lives,3,SRV0323,Caring for adults under 65,1,Telephone,01732 225200
page_000113.json,X69078,1-133266850,Kent Shared Lives,3,SRV0323,Caring for adults under 65,2,PhoneExt,
page_000113.json,X69170,1-133266835,West View Integrated Care Centre,3,SRV0323,Caring for adults under 65,1,Telephone,01732 225200
page_000113.json,X69170,1-133266835,West View Integrated Care Centre,3,SRV0323,Caring for adults under 65,2,PhoneExt,
page_000113.json,X69215,1-419854765,St Marks,1,SRV0315,Care services for people with learning disabilities,1,Telephone,01424 777422
page_000113.json,X69215,1-419854765,St Marks,1,SRV0315,Care services for people with learning disabilities,2,PhoneExt,
page_000113.json,X69217,1-419854731,63 Collier Road,1,SRV0315,Care services for people with learning disabilities,1,Telephone,01424 777422
page_000113.json,X69217,1-419854731,63 Collier Road,1,SRV0315,Care services for people with learning disabilities,2,PhoneExt,
page_000113.json,X69224,1-419854790,76 Canute Road,1,SRV0315,Care services for people with learning disabilities,1,Telephone,01424 777422
page_000113.json,X69224,1-419854790,76 Canute Road,1,SRV0315,Care services for people with learning disabilities,2,PhoneExt,
page_000113.json,X69265,1-135296575,Seaview Nursing Home,1,SRV0314,Care services for people with dementia,1,Telephone,02085741795
page_000113.json,X69265,1-135296575,Seaview Nursing Home,1,SRV0314,Care services for people with dementia,2,PhoneExt,
page_000113.json,X69375,1-256827440,Heather View,1,SRV0314,Care services for people with dementia,1,Telephone,01342 337220
page_000113.json,X69375,1-256827440,Heather View,1,SRV0314,Care services for people with dementia,2,PhoneExt,
page_000113.json,X69962,1-530260794,Huthnance Park,1,SRV0315,Care services for people with learning disabilities,1,Telephone,01637 416444
page_000113.json,X69962,1-530260794,Huthnance Park,1,SRV0315,Care services for people with learning disabilities,2,PhoneExt,
page_000113.json,X70012,1-150212680,Fairfield House,1,SRV0315,Care services for people with learning disabilities,1,Telephone,01637 416444
page_000113.json,X70012,1-150212680,Fairfield House,1,SRV0315,Care services for people with learning disabilities,2,PhoneExt,
page_000113.json,X70091,1-150212672,September Lodge,1,SRV0315,Care services for people with learning disabilities,1,Telephone,01637 416444
page_000113.json,X70091,1-150212672,September Lodge,1,SRV0315,Care services for people with learning disabilities,2,PhoneExt,
page_000113.json,X70279,1-319264588,Hadrian Park,1,SRV0314,Care services for people with dementia,1,Telephone,01342 337220
page_000113.json,X70279,1-319264588,Hadrian Park,1,SRV0314,Care services for people with dementia,2,PhoneExt,
page_000113.json,X70318,1-319253398,Elwick Grange,1,SRV0314,Care services for people with dementia,1,Telephone,01342 337220
page_000113.json,X70318,1-319253398,Elwick Grange,1,SRV0314,Care services for people with dementia,2,PhoneExt,
page_000113.json,X70356,1-139859320,Woodside Resource Centre,1,SRV0314,Care services for people with dementia,1,Telephone,01342 337220
page_000113.json,X70356,1-139859320,Woodside Resource Centre,1,SRV0314,Care services for people with dementia,2,PhoneExt,
page_000113.json,X70455,1-139851726,Echelforde,1,SRV0314,Care services for people with dementia,1,Telephone,01342 337220
page_000113.json,X70455,1-139851726,Echelforde,1,SRV0314,Care services for people with dementia,2,PhoneExt,
page_000113.json,X70483,1-123018083,United Response - 198 Powder Mill Lane,1,SRV0315,Care services for people with learning disabilities,1,Telephone,0800 0884 377
page_000113.json,X70483,1-123018083,United Response - 198 Powder Mill Lane,1,SRV0315,Care services for people with learning disabilities,2,PhoneExt,
page_000113.json,X70488,1-123018041,United Response - 131 Kneller Road,1,SRV0315,Care services for people with learning disabilities,1,Telephone,0800 0884 377
page_000113.json,X70488,1-123018041,United Response - 131 Kneller Road,1,SRV0315,Care services for people with learning disabilities,2,PhoneExt,
page_000113.json,X70517,1-123018055,United Response - 16 Curtis Road,1,SRV0315,Care services for people with learning disabilities,1,Telephone,0800 0884 377
page_000113.json,X70517,1-123018055,United Response - 16 Curtis Road,1,SRV0315,Care services for people with learning disabilities,2,PhoneExt,
page_000113.json,X70535,1-139851635,Charlotte House,1,SRV0314,Care services for people with dementia,1,Telephone,01342 337220
page_000113.json,X70535,1-139851635,Charlotte House,1,SRV0314,Care services for people with dementia,2,PhoneExt,
page_000113.json,X70567,1-135306607,The Willows Nursing Home,1,SRV0314,Care services for people with dementia,1,Telephone,02085741795
page_000113.json,X70567,1-135306607,The Willows Nursing Home,1,SRV0314,Care services for people with dementia,2,PhoneExt,
page_000113.json,X70702,1-139851816,Forrester Court,1,SRV0314,Care services for people with dementia,1,Telephone,01342 337220
page_000113.json,X70702,1-139851816,Forrester Court,1,SRV0314,Care services for people with dementia,2,PhoneExt,
page_000113.json,X70773,1-139859140,St Vincents House,1,SRV0314,Care services for people with dementia,1,Telephone,01342 337220
page_000113.json,X70773,1-139859140,St Vincents House,1,SRV0314,Care services for people with dementia,2,PhoneExt,
page_000113.json,X71065,1-118542133,Pinewood Lodge,2,SRV0317,Caring for adults over 65,1,Telephone,01992 450304
page_000113.json,X71065,1-118542133,Pinewood Lodge,2,SRV0317,Caring for adults over 65,2,PhoneExt,
page_000113.json,X71078,1-118532750,Courtland Lodge,2,SRV0317,Caring for adults over 65,1,Telephone,01992 450304
page_000113.json,X71078,1-118532750,Courtland Lodge,2,SRV0317,Caring for adults over 65,2,PhoneExt,
page_000113.json,X71120,1-119324988,Shaftesbury New Court Place,1,SRV0315,Care services for people with learning disabilities,1,Telephone,01202 521985
page_000113.json,X71120,1-119324988,Shaftesbury New Court Place,1,SRV0315,Care services for people with learning disabilities,2,PhoneExt,
page_000113.json,X71128,1-118542197,The Mead,2,SRV0317,Caring for adults over 65,1,Telephone,01992 450304
page_000113.json,X71128,1-118542197,The Mead,2,SRV0317,Caring for adults over 65,2,PhoneExt,
page_000114.json,X71375,1-128329754,Belong at Home Domiciliary Care Agency - Wigan & Southport,1,SRV0314,Care services for people with dementia,1,Telephone,01625 508700
page_000114.json,X71375,1-128329754,Belong at Home Domiciliary Care Agency - Wigan & Southport,1,SRV0314,Care services for people with dementia,2,PhoneExt,
page_000114.json,X71376,1-128323309,Belong Wigan Care Village,1,SRV0314,Care services for people with dementia,1,Telephone,01625 508700
page_000114.json,X71376,1-128323309,Belong Wigan Care Village,1,SRV0314,Care services for people with dementia,2,PhoneExt,
page_000114.json,X71596,1-416358021,Selborne Care DCA,3,SRV0315,Care services for people with learning disabilities,1,Telephone,01905798247
page_000114.json,X71596,1-416358021,Selborne Care DCA,3,SRV0315,Care services for people with learning disabilities,2,PhoneExt,
page_000114.json,X71680,1-133856037,PSS Shared Lives Staffordshire,2,SRV0317,Caring for adults over 65,1,Telephone,0151 702 5542
page_000114.json,X71680,1-133856037,PSS Shared Lives Staffordshire,2,SRV0317,Caring for adults over 65,2,PhoneExt,
page_000114.json,X71905,1-131480392,Innage Grange,2,SRV0317,Caring for adults over 65,1,Telephone,01743 235788
page_000114.json,X71905,1-131480392,Innage Grange,2,SRV0317,Caring for adults over 65,2,PhoneExt,
page_000114.json,X72009,1-123018468,United Response - York Leeds Harrogate DCA,2,SRV0315,Care services for people with learning disabilities,1,Telephone,0800 0884 377
page_000114.json,X72009,1-123018468,United Response - York Leeds Harrogate DCA,2,SRV0315,Care services for people with learning disabilities,2,PhoneExt,
page_000114.json,X72009,1-123018468,United Response - York Leeds Harrogate DCA,4,SRV0321,Physical disabilities,1,Telephone,01438 712 892
page_000114.json,X72009,1-123018468,United Response - York Leeds Harrogate DCA,4,SRV0321,Physical disabilities,2,PhoneExt,
page_000120.json,X84190,1-142445096,Green Light PBS Limited,1,SRV0315,Care services for people with learning disabilities,1,Telephone,01637 416444
page_000120.json,X84190,1-142445096,Green Light PBS Limited,1,SRV0315,Care services for people with learning disabilities,2,PhoneExt,
page_000121.json,X85157,1-539070685,Felix House,3,SRV0316,Mental health conditions,1,Telephone,0117 9709313
page_000121.json,X85157,1-539070685,Felix House,3,SRV0316,Mental health conditions,2,PhoneExt,
page_000121.json,X85386,1-578264162,Shotover View,2,SRV0317,Caring for adults over 65,1,Telephone,01993 323232
page_000121.json,X85386,1-578264162,Shotover View,2,SRV0317,Caring for adults over 65,2,PhoneExt,
page_000121.json,X85492,1-498788118,Mills Meadow,1,SRV0314,Care services for people with dementia,1,Telephone,01342 337220
page_000121.json,X85492,1-498788118,Mills Meadow,1,SRV0314,Care services for people with dementia,2,PhoneExt,
page_000121.json,X870,RJR05,Countess Of Chester Hospital,1,SRV0001,Accident and emergency services,1,Telephone,01244 365000
page_000121.json,X870,RJR05,Countess Of Chester Hospital,1,SRV0001,Accident and emergency services,2,PhoneExt,
page_000121.json,X88806,1-342331191,Bethany House,1,SRV0315,Care services for people with learning disabilities,1,Telephone,01708 863289
page_000121.json,X88806,1-342331191,Bethany House,1,SRV0315,Care services for people with learning disabilities,2,PhoneExt,
page_000121.json,X88829,NQL08,NHS North East Lincs Talking Therapies,1,SRV0019,Cognitive behavioural therapy services,1,Telephone,01472 252760
page_000121.json,X88829,NQL08,NHS North East Lincs Talking Therapies,1,SRV0019,Cognitive behavioural therapy services,2,PhoneExt,
page_000121.json,X88829,NQL08,NHS North East Lincs Talking Therapies,2,SRV0339,"NHS psychological therapies services (IAPT), including cognitive behavioural therapy (CBT) ",1,Telephone,01472 625100
page_000121.json,X88829,NQL08,NHS North East Lincs Talking Therapies,2,SRV0339,"NHS psychological therapies services (IAPT), including cognitive behavioural therapy (CBT) ",2,PhoneExt,
page_000121.json,X88829,NQL08,NHS North East Lincs Talking Therapies,2,SRV0339,"NHS psychological therapies services (IAPT), including cognitive behavioural therapy (CBT) ",3,Email,navigo.talkingtherapies@nhs.net
page_000121.json,X88829,NQL08,NHS North East Lincs Talking Therapies,2,SRV0339,"NHS psychological therapies services (IAPT), including cognitive behavioural therapy (CBT) ",4,Website,https://navigocare.co.uk/NHSTalkingTherapies/self-refer
page_000121.json,X88832,NQL11,Open Minds Cleethorps,1,SRV0339,"NHS psychological therapies services (IAPT), including cognitive behavioural therapy (CBT) ",1,Telephone,01472 625100
page_000121.json,X88832,NQL11,Open Minds Cleethorps,1,SRV0339,"NHS psychological therapies services (IAPT), including cognitive behavioural therapy (CBT) ",2,PhoneExt,
page_000121.json,X88832,NQL11,Open Minds Cleethorps,1,SRV0339,"NHS psychological therapies services (IAPT), including cognitive behavioural therapy (CBT) ",3,Email,NAV.OpenMinds@nhs.net
page_000121.json,X88832,NQL11,Open Minds Cleethorps,1,SRV0339,"NHS psychological therapies services (IAPT), including cognitive behavioural therapy (CBT) ",4,Website,https://navigocare.co.uk/NHSTalkingTherapies/self-refer
page_000121.json,X88862,RW146,Tatchbury Mount,1,SRV0156,Counselling services,1,Telephone,023 8038 3920
page_000121.json,X88862,RW146,Tatchbury Mount,1,SRV0156,Counselling services,2,PhoneExt,
page_000121.json,X89476,1-651388922,Foxbridge House,1,SRV0314,Care services for people with dementia,1,Telephone,01342 337220
page_000121.json,X89476,1-651388922,Foxbridge House,1,SRV0314,Care services for people with dementia,2,PhoneExt,
page_000122.json,X89972,1-671639158,New Fairholme,2,SRV0317,Caring for adults over 65,1,Telephone,01743 235788
page_000122.json,X89972,1-671639158,New Fairholme,2,SRV0317,Caring for adults over 65,2,PhoneExt,
page_000122.json,X90122,NQG01,Burrswood Health and Wellbeing,1,SRV0156,Counselling services,1,Telephone,01892 865990
page_000122.json,X90122,NQG01,Burrswood Health and Wellbeing,1,SRV0156,Counselling services,2,PhoneExt,
page_000122.json,X90311,1-703003937,Kinsey Road,1,SRV0315,Care services for people with learning disabilities,1,Telephone,01905798247
page_000122.json,X90311,1-703003937,Kinsey Road,1,SRV0315,Care services for people with learning disabilities,2,PhoneExt,
page_000122.json,X90513,RXL89,Blackpool Talking Therapies,1,SRV0339,"NHS psychological therapies services (IAPT), including cognitive behavioural therapy (CBT) ",1,Telephone,
page_000122.json,X90513,RXL89,Blackpool Talking Therapies,1,SRV0339,"NHS psychological therapies services (IAPT), including cognitive behavioural therapy (CBT) ",2,PhoneExt,
page_000122.json,X90513,RXL89,Blackpool Talking Therapies,1,SRV0339,"NHS psychological therapies services (IAPT), including cognitive behavioural therapy (CBT) ",3,Email,
page_000122.json,X90513,RXL89,Blackpool Talking Therapies,1,SRV0339,"NHS psychological therapies services (IAPT), including cognitive behavioural therapy (CBT) ",4,Website,https://www.blackpoolteachinghospitals.nhs.uk/services/talking-therapies
page_000122.json,X90667,NO202,NHS Warrington Talking Therapies,3,SRV0339,"NHS psychological therapies services (IAPT), including cognitive behavioural therapy (CBT) ",1,Telephone,01925 401 720
page_000122.json,X90667,NO202,NHS Warrington Talking Therapies,3,SRV0339,"NHS psychological therapies services (IAPT), including cognitive behavioural therapy (CBT) ",2,PhoneExt,
page_000122.json,X90667,NO202,NHS Warrington Talking Therapies,3,SRV0339,"NHS psychological therapies services (IAPT), including cognitive behavioural therapy (CBT) ",3,Email,tmw.referrals@nhs.net
page_000122.json,X90667,NO202,NHS Warrington Talking Therapies,3,SRV0339,"NHS psychological therapies services (IAPT), including cognitive behavioural therapy (CBT) ",4,Website,https://www.mhm.org.uk/talking-matters-warrington
page_000122.json,X907,RXN02,Royal Preston Hospital,2,SRV0156,Counselling services,1,Telephone,01772 523730
page_000122.json,X907,RXN02,Royal Preston Hospital,2,SRV0156,Counselling services,2,PhoneExt,
page_000122.json,X91146,1-723347537,Windsor Street Care Centre,2,SRV0317,Caring for adults over 65,1,Telephone,01993 323232
page_000122.json,X91146,1-723347537,Windsor Street Care Centre,2,SRV0317,Caring for adults over 65,2,PhoneExt,
page_000122.json,X91445,NCM01,Six Degrees Social Enterprise,1,SRV0339,"NHS psychological therapies services (IAPT), including cognitive behavioural therapy (CBT) ",1,Telephone,0161 983 0900
page_000122.json,X91445,NCM01,Six Degrees Social Enterprise,1,SRV0339,"NHS psychological therapies services (IAPT), including cognitive behavioural therapy (CBT) ",2,PhoneExt,
page_000122.json,X91445,NCM01,Six Degrees Social Enterprise,1,SRV0339,"NHS psychological therapies services (IAPT), including cognitive behavioural therapy (CBT) ",3,Email,sixdegrees@nhs.net
page_000122.json,X91445,NCM01,Six Degrees Social Enterprise,1,SRV0339,"NHS psychological therapies services (IAPT), including cognitive behavioural therapy (CBT) ",4,Website,https://six-degrees.org.uk/contact-us/appointments/
page_000122.json,X91534,NAG07,With You in Surrey,1,SRV0339,"NHS psychological therapies services (IAPT), including cognitive behavioural therapy (CBT) ",1,Telephone,0300 012 0012
page_000122.json,X91534,NAG07,With You in Surrey,1,SRV0339,"NHS psychological therapies services (IAPT), including cognitive behavioural therapy (CBT) ",2,PhoneExt,
page_000122.json,X91534,NAG07,With You in Surrey,1,SRV0339,"NHS psychological therapies services (IAPT), including cognitive behavioural therapy (CBT) ",3,Email,enquiries@wearewithyou.org.uk
page_000122.json,X91534,NAG07,With You in Surrey,1,SRV0339,"NHS psychological therapies services (IAPT), including cognitive behavioural therapy (CBT) ",4,Website,https://www.wearewithyou.org.uk/mental-health
page_000122.json,X91603,NCH01,TalkPlus,1,SRV0339,"NHS psychological therapies services (IAPT), including cognitive behavioural therapy (CBT) ",1,Telephone,01252 533 355
page_000122.json,X91603,NCH01,TalkPlus,1,SRV0339,"NHS psychological therapies services (IAPT), including cognitive behavioural therapy (CBT) ",2,PhoneExt,
page_000122.json,X91603,NCH01,TalkPlus,1,SRV0339,"NHS psychological therapies services (IAPT), including cognitive behavioural therapy (CBT) ",3,Email,frimleyicb.talkplus@nhs.net
page_000122.json,X91603,NCH01,TalkPlus,1,SRV0339,"NHS psychological therapies services (IAPT), including cognitive behavioural therapy (CBT) ",4,Website,https://www.talkplus.org.uk/self-referraloptin
page_000123.json,X917,RJR60,Ellesmere Port Hospital,1,SRV0228,Musculo-skeletal services,1,Telephone,01244 362 998
page_000123.json,X917,RJR60,Ellesmere Port Hospital,1,SRV0228,Musculo-skeletal services,2,PhoneExt,
page_000123.json,X92116,1-742604137,United Response - Nailsea DCA,1,SRV0315,Care services for people with learning disabilities,1,Telephone,0800 0884 377
page_000123.json,X92116,1-742604137,United Response - Nailsea DCA,1,SRV0315,Care services for people with learning disabilities,2,PhoneExt,
page_000123.json,X92116,1-742604137,United Response - Nailsea DCA,4,SRV0321,Physical disabilities,1,Telephone,01438 712 892
page_000123.json,X92116,1-742604137,United Response - Nailsea DCA,4,SRV0321,Physical disabilities,2,PhoneExt,
page_000123.json,X92118,1-745165111,Foxburrow Grange,1,SRV0314,Care services for people with dementia,1,Telephone,01206586900
page_000123.json,X92118,1-745165111,Foxburrow Grange,1,SRV0314,Care services for people with dementia,2,PhoneExt,
page_000123.json,X92121,1-659519521,Bowes House,1,SRV0314,Care services for people with dementia,1,Telephone,01342 337220
page_000123.json,X92121,1-659519521,Bowes House,1,SRV0314,Care services for people with dementia,2,PhoneExt,
page_000123.json,X92311,RV3HC,Milton Keynes Talking Therapies Service,1,SRV0339,"NHS psychological therapies services (IAPT), including cognitive behavioural therapy (CBT) ",1,Telephone,01908 725099
page_000123.json,X92311,RV3HC,Milton Keynes Talking Therapies Service,1,SRV0339,"NHS psychological therapies services (IAPT), including cognitive behavioural therapy (CBT) ",2,PhoneExt,
page_000123.json,X92311,RV3HC,Milton Keynes Talking Therapies Service,1,SRV0339,"NHS psychological therapies services (IAPT), including cognitive behavioural therapy (CBT) ",3,Email,cnw-tr.iaptmiltonkeynes@nhs.net
page_000123.json,X92311,RV3HC,Milton Keynes Talking Therapies Service,1,SRV0339,"NHS psychological therapies services (IAPT), including cognitive behavioural therapy (CBT) ",4,Website,https://mktalkingtherapies.nhs.uk/self-referral
page_000123.json,X924,RTD01,Freeman Hospital,1,SRV0228,Musculo-skeletal services,1,Telephone,0191 223 1109
page_000123.json,X924,RTD01,Freeman Hospital,1,SRV0228,Musculo-skeletal services,2,PhoneExt,
page_000123.json,X93100,1-784319893,Miranda House,1,SRV0314,Care services for people with dementia,1,Telephone,0808 223 5407
page_000123.json,X93100,1-784319893,Miranda House,1,SRV0314,Care services for people with dementia,2,PhoneExt,
page_000123.json,X93101,1-784336914,Abbeycrest Nursing Home,1,SRV0314,Care services for people with dementia,1,Telephone,0808 223 5407
page_000123.json,X93101,1-784336914,Abbeycrest Nursing Home,1,SRV0314,Care services for people with dementia,2,PhoneExt,
page_000123.json,X93102,1-784337395,Bradbury House,1,SRV0314,Care services for people with dementia,1,Telephone,0808 223 5407
page_000123.json,X93102,1-784337395,Bradbury House,1,SRV0314,Care services for people with dementia,2,PhoneExt,
page_000123.json,X93104,1-787337014,Garth House,1,SRV0314,Care services for people with dementia,1,Telephone,0808 223 5407
page_000123.json,X93104,1-787337014,Garth House,1,SRV0314,Care services for people with dementia,2,PhoneExt,
page_000123.json,X93105,1-787337496,Gildawood Court,1,SRV0314,Care services for people with dementia,1,Telephone,0808 223 5407
page_000123.json,X93105,1-787337496,Gildawood Court,1,SRV0314,Care services for people with dementia,2,PhoneExt,
page_000123.json,X93106,1-787337699,Heffle Court,1,SRV0314,Care services for people with dementia,1,Telephone,0808 223 5407
page_000123.json,X93106,1-787337699,Heffle Court,1,SRV0314,Care services for people with dementia,2,PhoneExt,
page_000123.json,X93107,1-787367971,Huntercombe Hall Care Home,1,SRV0314,Care services for people with dementia,1,Telephone,0808 223 5407
page_000123.json,X93107,1-787367971,Huntercombe Hall Care Home,1,SRV0314,Care services for people with dementia,2,PhoneExt,
page_000123.json,X93108,1-787537399,Knowle Park Nursing Home,1,SRV0314,Care services for people with dementia,1,Telephone,0808 223 5407
page_000123.json,X93108,1-787537399,Knowle Park Nursing Home,1,SRV0314,Care services for people with dementia,2,PhoneExt,
page_000123.json,X93110,1-787578563,Mill House,1,SRV0314,Care services for people with dementia,1,Telephone,0808 223 5407
page_000123.json,X93110,1-787578563,Mill House,1,SRV0314,Care services for people with dementia,2,PhoneExt,
page_000123.json,X93112,1-790649332,Mount Pleasant Care Home,1,SRV0314,Care services for people with dementia,1,Telephone,0808 223 5407
page_000123.json,X93112,1-790649332,Mount Pleasant Care Home,1,SRV0314,Care services for people with dementia,2,PhoneExt,
page_000123.json,X93113,1-790649485,Oak Manor Nursing Home,1,SRV0314,Care services for people with dementia,1,Telephone,0808 223 5407
page_000123.json,X93113,1-790649485,Oak Manor Nursing Home,1,SRV0314,Care services for people with dementia,2,PhoneExt,
page_000123.json,X93114,1-790691828,Oaken Holt Nursing and Residential Home,1,SRV0314,Care services for people with dementia,1,Telephone,0808 223 5407
page_000123.json,X93114,1-790691828,Oaken Holt Nursing and Residential Home,1,SRV0314,Care services for people with dementia,2,PhoneExt,
page_000123.json,X93116,1-790692284,St Georges Care Home,1,SRV0314,Care services for people with dementia,1,Telephone,0808 223 5407
page_000123.json,X93116,1-790692284,St Georges Care Home,1,SRV0314,Care services for people with dementia,2,PhoneExt,
page_000123.json,X93117,1-790692457,Tall Trees Glade,1,SRV0314,Care services for people with dementia,1,Telephone,0808 223 5407
page_000123.json,X93117,1-790692457,Tall Trees Glade,1,SRV0314,Care services for people with dementia,2,PhoneExt,
page_000123.json,X93144,1-784527703,Coppice Lea,1,SRV0314,Care services for people with dementia,1,Telephone,0808 223 5407
page_000123.json,X93144,1-784527703,Coppice Lea,1,SRV0314,Care services for people with dementia,2,PhoneExt,
page_000123.json,X93145,1-784543025,Coxhill Manor Nursing and Residential Home,1,SRV0314,Care services for people with dementia,1,Telephone,0808 223 5407
page_000123.json,X93145,1-784543025,Coxhill Manor Nursing and Residential Home,1,SRV0314,Care services for people with dementia,2,PhoneExt,
page_000123.json,X93147,1-785264461,Cranmer Court,1,SRV0314,Care services for people with dementia,1,Telephone,0808 223 5407
page_000123.json,X93147,1-785264461,Cranmer Court,1,SRV0314,Care services for people with dementia,2,PhoneExt,
page_000123.json,X93148,1-785264652,Deer Park View Care Centre,1,SRV0314,Care services for people with dementia,1,Telephone,0808 223 5407
page_000123.json,X93148,1-785264652,Deer Park View Care Centre,1,SRV0314,Care services for people with dementia,2,PhoneExt,
page_000123.json,X93149,1-785323933,Denham Manor,1,SRV0314,Care services for people with dementia,1,Telephone,0808 223 5407
page_000123.json,X93149,1-785323933,Denham Manor,1,SRV0314,Care services for people with dementia,2,PhoneExt,
page_000123.json,X93150,1-786963811,Dormy House,1,SRV0314,Care services for people with dementia,1,Telephone,0808 223 5407
page_000123.json,X93150,1-786963811,Dormy House,1,SRV0314,Care services for people with dementia,2,PhoneExt,
page_000123.json,X93151,1-786964474,Ferfoot Care Home,1,SRV0314,Care services for people with dementia,1,Telephone,0808 223 5407
page_000123.json,X93151,1-786964474,Ferfoot Care Home,1,SRV0314,Care services for people with dementia,2,PhoneExt,
page_000123.json,X93153,1-786974260,Frethey House,1,SRV0314,Care services for people with dementia,1,Telephone,0808 223 5407
page_000123.json,X93153,1-786974260,Frethey House,1,SRV0314,Care services for people with dementia,2,PhoneExt,
page_000123.json,X93154,1-787297693,Galsworthy House Nursing Home,1,SRV0314,Care services for people with dementia,1,Telephone,0808 223 5407
page_000123.json,X93154,1-787297693,Galsworthy House Nursing Home,1,SRV0314,Care services for people with dementia,2,PhoneExt,
page_000123.json,X93190,NDC05,Peterborough Talking Therapies,2,SRV0339,"NHS psychological therapies services (IAPT), including cognitive behavioural therapy (CBT) ",1,Telephone,0300 555 0888
page_000123.json,X93190,NDC05,Peterborough Talking Therapies,2,SRV0339,"NHS psychological therapies services (IAPT), including cognitive behavioural therapy (CBT) ",2,PhoneExt,
page_000123.json,X93190,NDC05,Peterborough Talking Therapies,2,SRV0339,"NHS psychological therapies services (IAPT), including cognitive behavioural therapy (CBT) ",3,Email,
page_000123.json,X93190,NDC05,Peterborough Talking Therapies,2,SRV0339,"NHS psychological therapies services (IAPT), including cognitive behavioural therapy (CBT) ",4,Website,https://everyturn.limbic.ai/
page_000123.json,X93211,NDC10,Derbyshire Talking Therapies,3,SRV0339,"NHS psychological therapies services (IAPT), including cognitive behavioural therapy (CBT) ",1,Telephone,03330 417 262
page_000123.json,X93211,NDC10,Derbyshire Talking Therapies,3,SRV0339,"NHS psychological therapies services (IAPT), including cognitive behavioural therapy (CBT) ",2,PhoneExt,
page_000123.json,X93211,NDC10,Derbyshire Talking Therapies,3,SRV0339,"NHS psychological therapies services (IAPT), including cognitive behavioural therapy (CBT) ",3,Email,derby.tt.admin@derby-talk.co.uk
page_000123.json,X93211,NDC10,Derbyshire Talking Therapies,3,SRV0339,"NHS psychological therapies services (IAPT), including cognitive behavioural therapy (CBT) ",4,Website,https://vitahealth.limbic.ai/
page_000124.json,X93882,1-811159391,Specialist Care Team Domiciliary Office,1,SRV0315,Care services for people with learning disabilities,1,Telephone,01524 401200
page_000124.json,X93882,1-811159391,Specialist Care Team Domiciliary Office,1,SRV0315,Care services for people with learning disabilities,2,PhoneExt,
page_000124.json,X94189,1-868758862,North London Homecare & Support Limited,1,SRV0314,Care services for people with dementia,1,Telephone,0208 443 3380
page_000124.json,X94189,1-868758862,North London Homecare & Support Limited,1,SRV0314,Care services for people with dementia,2,PhoneExt,
page_000124.json,X94189,1-868758862,North London Homecare & Support Limited,2,SRV0315,Care services for people with learning disabilities,1,Telephone,0208 443 3380
page_000124.json,X94189,1-868758862,North London Homecare & Support Limited,2,SRV0315,Care services for people with learning disabilities,2,PhoneExt,
page_000124.json,X94189,1-868758862,North London Homecare & Support Limited,3,SRV0317,Caring for adults over 65,1,Telephone,0208 443 3380
page_000124.json,X94189,1-868758862,North London Homecare & Support Limited,3,SRV0317,Caring for adults over 65,2,PhoneExt,
page_000124.json,X94189,1-868758862,North London Homecare & Support Limited,4,SRV0323,Caring for adults under 65,1,Telephone,0208 443 3380
page_000124.json,X94189,1-868758862,North London Homecare & Support Limited,4,SRV0323,Caring for adults under 65,2,PhoneExt,
page_000124.json,X94255,RWRG3,Health in Mind (Mid Essex IAPT),1,SRV0339,"NHS psychological therapies services (IAPT), including cognitive behavioural therapy (CBT) ",1,Telephone,01376 308 704
page_000124.json,X94255,RWRG3,Health in Mind (Mid Essex IAPT),1,SRV0339,"NHS psychological therapies services (IAPT), including cognitive behavioural therapy (CBT) ",2,PhoneExt,
page_000124.json,X94255,RWRG3,Health in Mind (Mid Essex IAPT),1,SRV0339,"NHS psychological therapies services (IAPT), including cognitive behavioural therapy (CBT) ",3,Email,midessex.talkingtherapies@nhs.net
page_000124.json,X94255,RWRG3,Health in Mind (Mid Essex IAPT),1,SRV0339,"NHS psychological therapies services (IAPT), including cognitive behavioural therapy (CBT) ",4,Website,https://www.iaptportal.co.uk/selfreferral.aspx?ServiceCode=WSME
page_000124.json,X94337,1-899840686,United Response - Huddersfield DCA,1,SRV0315,Care services for people with learning disabilities,1,Telephone,0800 0884 377
page_000124.json,X94337,1-899840686,United Response - Huddersfield DCA,1,SRV0315,Care services for people with learning disabilities,2,PhoneExt,
page_000124.json,X94337,1-899840686,United Response - Huddersfield DCA,4,SRV0321,Physical disabilities,1,Telephone,01438 712 892
page_000124.json,X94337,1-899840686,United Response - Huddersfield DCA,4,SRV0321,Physical disabilities,2,PhoneExt,
page_000124.json,X94945,1-912221449,Rendlesham Care Centre,1,SRV0314,Care services for people with dementia,1,Telephone,0808 223 5407
page_000124.json,X94945,1-912221449,Rendlesham Care Centre,1,SRV0314,Care services for people with dementia,2,PhoneExt,
page_000124.json,X94967,1-912100116,Claydon House,1,SRV0314,Care services for people with dementia,1,Telephone,0808 223 5407
page_000124.json,X94967,1-912100116,Claydon House,1,SRV0314,Care services for people with dementia,2,PhoneExt,
page_000124.json,X95004,1-886660889,United Response - Cornwall DCA,2,SRV0315,Care services for people with learning disabilities,1,Telephone,0800 0884 377
page_000124.json,X95004,1-886660889,United Response - Cornwall DCA,2,SRV0315,Care services for people with learning disabilities,2,PhoneExt,
page_000124.json,X95004,1-886660889,United Response - Cornwall DCA,7,SRV0321,Physical disabilities,1,Telephone,01438 712 892
page_000124.json,X95004,1-886660889,United Response - Cornwall DCA,7,SRV0321,Physical disabilities,2,PhoneExt,
page_000124.json,X95006,1-937838745,Holendene Way,1,SRV0315,Care services for people with learning disabilities,1,Telephone,01905798247
page_000124.json,X95006,1-937838745,Holendene Way,1,SRV0315,Care services for people with learning disabilities,2,PhoneExt,
page_000124.json,X95007,1-911979811,Kippingtons Nursing Home,1,SRV0314,Care services for people with dementia,1,Telephone,0808 223 5407
page_000124.json,X95007,1-911979811,Kippingtons Nursing Home,1,SRV0314,Care services for people with dementia,2,PhoneExt,
page_000124.json,X95027,RV383,Harrow Talking Therapies (IAPT),1,SRV0339,"NHS psychological therapies services (IAPT), including cognitive behavioural therapy (CBT) ",1,Telephone,020 8515 5015
page_000124.json,X95027,RV383,Harrow Talking Therapies (IAPT),1,SRV0339,"NHS psychological therapies services (IAPT), including cognitive behavioural therapy (CBT) ",2,PhoneExt,
page_000124.json,X95027,RV383,Harrow Talking Therapies (IAPT),1,SRV0339,"NHS psychological therapies services (IAPT), including cognitive behavioural therapy (CBT) ",3,Email,cnw-tr.harrow.iapt@nhs.net
page_000124.json,X95027,RV383,Harrow Talking Therapies (IAPT),1,SRV0339,"NHS psychological therapies services (IAPT), including cognitive behavioural therapy (CBT) ",4,Website,https://gateway.mayden.co.uk/referral-v2/561b2a29-5431-45d2-b81b-c7acb2f2f732
page_000124.json,X95168,1-946398642,Leymar Healthcare,3,SRV0317,Caring for adults over 65,1,Telephone,01623 360 193
page_000124.json,X95168,1-946398642,Leymar Healthcare,3,SRV0317,Caring for adults over 65,2,PhoneExt,
page_000124.json,X95577,NQV07,Bromley Talking Therapies,1,SRV0339,"NHS psychological therapies services (IAPT), including cognitive behavioural therapy (CBT) ",1,Telephone,0300 003 3000
page_000124.json,X95577,NQV07,Bromley Talking Therapies,1,SRV0339,"NHS psychological therapies services (IAPT), including cognitive behavioural therapy (CBT) ",2,PhoneExt,
page_000124.json,X95577,NQV07,Bromley Talking Therapies,1,SRV0339,"NHS psychological therapies services (IAPT), including cognitive behavioural therapy (CBT) ",3,Email,bromh.bromleyiapt@nhs.net
page_000124.json,X95577,NQV07,Bromley Talking Therapies,1,SRV0339,"NHS psychological therapies services (IAPT), including cognitive behavioural therapy (CBT) ",4,Website,https://gateway.mayden.co.uk/referral-v2/0188c84a-bdbf-4f83-b887-ffd143133498
page_000124.json,X95697,NR901,John Taylor Hospice,1,SRV0156,Counselling services,1,Telephone,0121 465 2000
page_000124.json,X95697,NR901,John Taylor Hospice,1,SRV0156,Counselling services,2,PhoneExt,
page_000125.json,X96133,1-933177483,The Potteries,1,SRV0314,Care services for people with dementia,1,Telephone,01342 337220
page_000125.json,X96133,1-933177483,The Potteries,1,SRV0314,Care services for people with dementia,2,PhoneExt,
page_000125.json,X96164,1-1028986728,Ambleside,1,SRV0314,Care services for people with dementia,1,Telephone,01342 337220
page_000125.json,X96164,1-1028986728,Ambleside,1,SRV0314,Care services for people with dementia,2,PhoneExt,
page_000125.json,X96174,1-964917015,Brook Court,1,SRV0314,Care services for people with dementia,1,Telephone,01342 337220
page_000125.json,X96174,1-964917015,Brook Court,1,SRV0314,Care services for people with dementia,2,PhoneExt,
page_000125.json,X96348,RV3DG,Westminster Talking Therapies (IAPT),2,SRV0339,"NHS psychological therapies services (IAPT), including cognitive behavioural therapy (CBT) ",1,Telephone,030 3333 0000
page_000125.json,X96348,RV3DG,Westminster Talking Therapies (IAPT),2,SRV0339,"NHS psychological therapies services (IAPT), including cognitive behavioural therapy (CBT) ",2,PhoneExt,
page_000125.json,X96348,RV3DG,Westminster Talking Therapies (IAPT),2,SRV0339,"NHS psychological therapies services (IAPT), including cognitive behavioural therapy (CBT) ",3,Email,westminster.iapt@nhs.net
page_000125.json,X96348,RV3DG,Westminster Talking Therapies (IAPT),2,SRV0339,"NHS psychological therapies services (IAPT), including cognitive behavioural therapy (CBT) ",4,Website,https://gateway.mayden.co.uk/referral-v2/788e0d84-7e00-47a7-a339-1ebe25c5a6a0
page_000125.json,X96461,1-1002242875,Right at Home (Bristol East),2,SRV0317,Caring for adults over 65,1,Telephone,0113 370 1710
page_000125.json,X96461,1-1002242875,Right at Home (Bristol East),2,SRV0317,Caring for adults over 65,2,PhoneExt,
page_000125.json,X96461,1-1002242875,Right at Home (Bristol East),3,SRV0323,Caring for adults under 65,1,Telephone,01133701710
page_000125.json,X96461,1-1002242875,Right at Home (Bristol East),3,SRV0323,Caring for adults under 65,2,PhoneExt,
page_000125.json,X96602,RXT71,Birmingham Healthy Minds,1,SRV0339,"NHS psychological therapies services (IAPT), including cognitive behavioural therapy (CBT) ",1,Telephone,0121 301 2525
page_000125.json,X96602,RXT71,Birmingham Healthy Minds,1,SRV0339,"NHS psychological therapies services (IAPT), including cognitive behavioural therapy (CBT) ",2,PhoneExt,
page_000125.json,X96602,RXT71,Birmingham Healthy Minds,1,SRV0339,"NHS psychological therapies services (IAPT), including cognitive behavioural therapy (CBT) ",3,Email,bsmhft.customerrelations@nhs.net
page_000125.json,X96602,RXT71,Birmingham Healthy Minds,1,SRV0339,"NHS psychological therapies services (IAPT), including cognitive behavioural therapy (CBT) ",4,Website,https://www.bsmhft.nhs.uk/our-services/birmingham-healthy-minds/self-referral/
page_000125.json,X96664,1-912640293,Agnes and Arthur,2,SRV0317,Caring for adults over 65,1,Telephone,01782 811 777
page_000125.json,X96664,1-912640293,Agnes and Arthur,2,SRV0317,Caring for adults over 65,2,PhoneExt,
page_000125.json,X96952,RP726,Steps2Change Gainsborough,1,SRV0339,"NHS psychological therapies services (IAPT), including cognitive behavioural therapy (CBT) ",1,Telephone,0303 123 4000
page_000125.json,X96952,RP726,Steps2Change Gainsborough,1,SRV0339,"NHS psychological therapies services (IAPT), including cognitive behavioural therapy (CBT) ",2,PhoneExt,
page_000125.json,X96952,RP726,Steps2Change Gainsborough,1,SRV0339,"NHS psychological therapies services (IAPT), including cognitive behavioural therapy (CBT) ",3,Email,lincs.spa@nhs.net
page_000125.json,X96952,RP726,Steps2Change Gainsborough,1,SRV0339,"NHS psychological therapies services (IAPT), including cognitive behavioural therapy (CBT) ",4,Website,https://gateway.mayden.co.uk/referral-v2/c2ce2fcb-3586-4e64-8405-deac6ce440b1
page_000126.json,X98137,1-1045448189,KIDS (London),1,SRV0315,Care services for people with learning disabilities,1,Telephone,01924 299488
page_000126.json,X98137,1-1045448189,KIDS (London),1,SRV0315,Care services for people with learning disabilities,2,PhoneExt,
page_000126.json,X98137,1-1045448189,KIDS (London),2,SRV0313,Caring for children (0 - 18),1,Telephone,01924  299488
page_000126.json,X98137,1-1045448189,KIDS (London),2,SRV0313,Caring for children (0 - 18),2,PhoneExt,
page_000126.json,X98137,1-1045448189,KIDS (London),3,SRV0321,Physical disabilities,1,Telephone,01924 299488
page_000126.json,X98137,1-1045448189,KIDS (London),3,SRV0321,Physical disabilities,2,PhoneExt,
page_000126.json,X98179,RX3CP,Lanchester Road Hospital Craglea Villa,1,SRV0339,"NHS psychological therapies services (IAPT), including cognitive behavioural therapy (CBT) ",1,Telephone,0191 333 3300
page_000126.json,X98179,RX3CP,Lanchester Road Hospital Craglea Villa,1,SRV0339,"NHS psychological therapies services (IAPT), including cognitive behavioural therapy (CBT) ",2,PhoneExt,
page_000126.json,X98179,RX3CP,Lanchester Road Hospital Craglea Villa,1,SRV0339,"NHS psychological therapies services (IAPT), including cognitive behavioural therapy (CBT) ",3,Email,tewv.talkingtherapiesnorth@nhs.net
page_000126.json,X98179,RX3CP,Lanchester Road Hospital Craglea Villa,1,SRV0339,"NHS psychological therapies services (IAPT), including cognitive behavioural therapy (CBT) ",4,Website,http://www.talkingchanges.org.uk/online-referral-form/
page_000126.json,X98267,RX3PW,NY Talking Therapies Service,1,SRV0339,"NHS psychological therapies services (IAPT), including cognitive behavioural therapy (CBT) ",1,Telephone,01609 768 890
page_000126.json,X98267,RX3PW,NY Talking Therapies Service,1,SRV0339,"NHS psychological therapies services (IAPT), including cognitive behavioural therapy (CBT) ",2,PhoneExt,
page_000126.json,X98267,RX3PW,NY Talking Therapies Service,1,SRV0339,"NHS psychological therapies services (IAPT), including cognitive behavioural therapy (CBT) ",3,Email,Tewv.nytalkingtherapiesnorthallerton@nhs.net
page_000126.json,X98267,RX3PW,NY Talking Therapies Service,1,SRV0339,"NHS psychological therapies services (IAPT), including cognitive behavioural therapy (CBT) ",4,Website,https://northyorkshiretalkingtherapies.co.uk/online-referral-form/
page_000126.json,X98505,RYGHP,NHS Coventry Warwickshire and Solihull Talking Therapies,1,SRV0339,"NHS psychological therapies services (IAPT), including cognitive behavioural therapy (CBT) ",1,Telephone,02476 671 090
page_000126.json,X98505,RYGHP,NHS Coventry Warwickshire and Solihull Talking Therapies,1,SRV0339,"NHS psychological therapies services (IAPT), including cognitive behavioural therapy (CBT) ",2,PhoneExt,
page_000126.json,X98505,RYGHP,NHS Coventry Warwickshire and Solihull Talking Therapies,1,SRV0339,"NHS psychological therapies services (IAPT), including cognitive behavioural therapy (CBT) ",3,Email,talkingtherapies@covwarkpt.nhs.uk
page_000126.json,X98505,RYGHP,NHS Coventry Warwickshire and Solihull Talking Therapies,1,SRV0339,"NHS psychological therapies services (IAPT), including cognitive behavioural therapy (CBT) ",4,Website,https://www.talkingtherapies.covwarkpt.nhs.uk/self-referral/
page_000126.json,X98510,RXVD8,Bolton NHS Talking Therapies for Anxiety and Depression,2,SRV0339,"NHS psychological therapies services (IAPT), including cognitive behavioural therapy (CBT) ",1,Telephone,0161 271 0190
page_000126.json,X98510,RXVD8,Bolton NHS Talking Therapies for Anxiety and Depression,2,SRV0339,"NHS psychological therapies services (IAPT), including cognitive behavioural therapy (CBT) ",2,PhoneExt,
page_000126.json,X98510,RXVD8,Bolton NHS Talking Therapies for Anxiety and Depression,2,SRV0339,"NHS psychological therapies services (IAPT), including cognitive behavioural therapy (CBT) ",3,Email,boltonttad@gmmh.nhs.uk
page_000126.json,X98510,RXVD8,Bolton NHS Talking Therapies for Anxiety and Depression,2,SRV0339,"NHS psychological therapies services (IAPT), including cognitive behavioural therapy (CBT) ",4,Website,https://www.iaptportal.co.uk/bolt.html
page_000126.json,X98574,1-950796404,Kingly Croft,4,SRV0321,Physical disabilities,1,Telephone,01455 613823
page_000126.json,X98574,1-950796404,Kingly Croft,4,SRV0321,Physical disabilities,2,PhoneExt,
page_000126.json,X98684,1-1057114714,2M Health & Home Care Services Ltd - Birmingham,4,SRV0317,Caring for adults over 65,1,Telephone,01562 741 647
page_000126.json,X98684,1-1057114714,2M Health & Home Care Services Ltd - Birmingham,4,SRV0317,Caring for adults over 65,2,PhoneExt,
page_000126.json,X98742,1-1058388579,Puddingstone Grange,1,SRV0314,Care services for people with dementia,1,Telephone,01795 597431
page_000126.json,X98742,1-1058388579,Puddingstone Grange,1,SRV0314,Care services for people with dementia,2,PhoneExt,
page_000126.json,X98742,1-1058388579,Puddingstone Grange,2,SRV0317,Caring for adults over 65,1,Telephone,01795 597431
page_000126.json,X98742,1-1058388579,Puddingstone Grange,2,SRV0317,Caring for adults over 65,2,PhoneExt,
page_000126.json,X98995,RWK1J,Total Wellbeing Luton,1,SRV0339,"NHS psychological therapies services (IAPT), including cognitive behavioural therapy (CBT) ",1,Telephone,0300 555 4152
page_000126.json,X98995,RWK1J,Total Wellbeing Luton,1,SRV0339,"NHS psychological therapies services (IAPT), including cognitive behavioural therapy (CBT) ",2,PhoneExt,
page_000126.json,X98995,RWK1J,Total Wellbeing Luton,1,SRV0339,"NHS psychological therapies services (IAPT), including cognitive behavioural therapy (CBT) ",3,Email,total.wellbeing@nhs.net
page_000126.json,X98995,RWK1J,Total Wellbeing Luton,1,SRV0339,"NHS psychological therapies services (IAPT), including cognitive behavioural therapy (CBT) ",4,Website,https://www.totalwellbeingluton.org/lifestyle-questionnaire.html
page_000126.json,X99076,RDYPH,"Steps 2 Wellbeing (Poole, Purbeck and East Dorset)",3,SRV0339,"NHS psychological therapies services (IAPT), including cognitive behavioural therapy (CBT) ",1,Telephone,0800 484 0500
page_000126.json,X99076,RDYPH,"Steps 2 Wellbeing (Poole, Purbeck and East Dorset)",3,SRV0339,"NHS psychological therapies services (IAPT), including cognitive behavioural therapy (CBT) ",2,PhoneExt,
page_000126.json,X99076,RDYPH,"Steps 2 Wellbeing (Poole, Purbeck and East Dorset)",3,SRV0339,"NHS psychological therapies services (IAPT), including cognitive behavioural therapy (CBT) ",3,Email,dhc.pped.s2w@nhs.net
page_000126.json,X99076,RDYPH,"Steps 2 Wellbeing (Poole, Purbeck and East Dorset)",3,SRV0339,"NHS psychological therapies services (IAPT), including cognitive behavioural therapy (CBT) ",4,Website,https://gateway.mayden.co.uk/referral-v2/468cc192-7135-4079-a023-d0d10c7ec60c
page_000126.json,X99204,RKL07,Ealing Talking Therapies,1,SRV0339,"NHS psychological therapies services (IAPT), including cognitive behavioural therapy (CBT) ",1,Telephone,020 3830 5640
page_000126.json,X99204,RKL07,Ealing Talking Therapies,1,SRV0339,"NHS psychological therapies services (IAPT), including cognitive behavioural therapy (CBT) ",2,PhoneExt,
page_000126.json,X99204,RKL07,Ealing Talking Therapies,1,SRV0339,"NHS psychological therapies services (IAPT), including cognitive behavioural therapy (CBT) ",3,Email,wlm-tr.talkingtherapies.ealing@nhs.net
page_000126.json,X99204,RKL07,Ealing Talking Therapies,1,SRV0339,"NHS psychological therapies services (IAPT), including cognitive behavioural therapy (CBT) ",4,Website,https://gateway.mayden.co.uk/referral-v2/4bfa5498-d156-4b6c-9cd4-1490d248ff94
